Node_ID,Prediction,Confidence_%
0,BENIGN,77.36
1,ATTACK,99.83
2,BENIGN,90.94
3,BENIGN,72.87
4,ATTACK,99.87
5,BENIGN,85.07
6,BENIGN,78.74
7,BENIGN,76.0
8,ATTACK,99.85
9,BENIGN,79.69
10,BENIGN,76.65
11,BENIGN,87.85
12,BENIGN,73.09
13,BENIGN,75.32
14,ATTACK,99.75
15,BENIGN,72.3
16,BENIGN,75.4
17,BENIGN,73.08
18,BENIGN,94.18
19,ATTACK,99.89
20,BENIGN,91.65
21,BENIGN,90.33
22,BENIGN,78.36
23,BENIGN,84.59
24,BENIGN,92.58
25,BENIGN,79.86
26,BENIGN,83.11
27,BENIGN,93.34
28,BENIGN,93.62
29,BENIGN,86.91
30,BENIGN,96.37
31,BENIGN,87.03
32,ATTACK,99.71
33,BENIGN,86.65
34,BENIGN,87.24
35,BENIGN,96.09
36,BENIGN,96.95
37,BENIGN,87.37
38,BENIGN,82.26
39,BENIGN,95.38
40,ATTACK,99.76
41,BENIGN,86.18
42,BENIGN,85.84
43,BENIGN,83.08
44,BENIGN,85.27
45,BENIGN,79.05
46,BENIGN,73.92
47,ATTACK,99.9
48,BENIGN,100.0
49,ATTACK,99.71
50,BENIGN,84.38
51,BENIGN,85.54
52,BENIGN,73.21
53,BENIGN,68.33
54,ATTACK,99.8
55,BENIGN,95.41
56,BENIGN,89.98
57,BENIGN,91.42
58,BENIGN,71.26
59,BENIGN,78.85
60,BENIGN,71.69
61,BENIGN,70.37
62,BENIGN,70.54
63,BENIGN,72.85
64,BENIGN,70.42
65,BENIGN,73.29
66,BENIGN,71.75
67,BENIGN,72.06
68,BENIGN,71.04
69,BENIGN,78.15
70,BENIGN,72.71
71,BENIGN,73.44
72,BENIGN,68.83
73,BENIGN,88.91
74,BENIGN,77.62
75,BENIGN,80.96
76,BENIGN,98.26
77,BENIGN,74.41
78,BENIGN,93.57
79,BENIGN,77.52
80,BENIGN,75.22
81,BENIGN,95.88
82,BENIGN,94.45
83,BENIGN,93.44
84,ATTACK,99.52
85,BENIGN,91.44
86,BENIGN,89.17
87,BENIGN,83.83
88,ATTACK,100.0
89,BENIGN,82.41
90,BENIGN,86.44
91,BENIGN,68.02
92,BENIGN,72.28
93,BENIGN,78.72
94,BENIGN,71.56
95,BENIGN,70.01
96,BENIGN,71.35
97,BENIGN,88.1
98,BENIGN,80.76
99,BENIGN,77.23
100,BENIGN,83.32
101,BENIGN,74.61
102,BENIGN,74.15
103,BENIGN,75.25
104,BENIGN,78.39
105,BENIGN,89.16
106,BENIGN,87.84
107,BENIGN,84.42
108,BENIGN,78.25
109,BENIGN,99.21
110,BENIGN,99.99
111,BENIGN,69.42
112,BENIGN,84.36
113,BENIGN,81.39
114,BENIGN,73.48
115,BENIGN,80.4
116,BENIGN,76.16
117,BENIGN,76.4
118,BENIGN,74.49
119,BENIGN,71.59
120,BENIGN,72.31
121,BENIGN,70.74
122,BENIGN,85.13
123,BENIGN,79.75
124,BENIGN,85.2
125,BENIGN,76.93
126,BENIGN,77.28
127,BENIGN,84.04
128,BENIGN,78.45
129,BENIGN,75.9
130,BENIGN,74.28
131,BENIGN,86.98
132,BENIGN,82.71
133,BENIGN,69.64
134,BENIGN,70.38
135,BENIGN,88.19
136,BENIGN,70.38
137,BENIGN,87.49
138,BENIGN,99.59
139,BENIGN,92.87
140,BENIGN,71.43
141,BENIGN,76.61
142,BENIGN,69.83
143,BENIGN,72.55
144,BENIGN,73.91
145,BENIGN,72.74
146,BENIGN,69.48
147,BENIGN,69.12
148,BENIGN,71.64
149,BENIGN,69.07
150,BENIGN,74.84
151,BENIGN,84.49
152,BENIGN,99.86
153,BENIGN,85.08
154,BENIGN,72.54
155,BENIGN,72.35
156,BENIGN,69.66
157,BENIGN,79.17
158,BENIGN,74.77
159,BENIGN,70.98
160,BENIGN,75.35
161,BENIGN,80.51
162,BENIGN,91.39
163,BENIGN,74.47
164,BENIGN,68.95
165,BENIGN,70.49
166,BENIGN,72.33
167,BENIGN,74.46
168,BENIGN,78.25
169,BENIGN,75.71
170,BENIGN,70.59
171,BENIGN,74.78
172,BENIGN,76.38
173,BENIGN,75.0
174,BENIGN,68.9
175,BENIGN,72.77
176,BENIGN,96.54
177,BENIGN,77.27
178,BENIGN,91.93
179,BENIGN,94.87
180,BENIGN,75.38
181,BENIGN,87.79
182,BENIGN,86.21
183,BENIGN,99.9
184,BENIGN,86.52
185,BENIGN,75.21
186,BENIGN,89.27
187,BENIGN,77.05
188,BENIGN,82.73
189,BENIGN,80.72
190,BENIGN,71.95
191,BENIGN,70.33
192,BENIGN,89.75
193,BENIGN,79.12
194,BENIGN,75.34
195,BENIGN,76.42
196,BENIGN,80.31
197,BENIGN,86.9
198,BENIGN,95.12
199,BENIGN,71.11
200,BENIGN,68.94
201,BENIGN,93.21
202,BENIGN,93.86
203,BENIGN,78.76
204,ATTACK,98.48
205,BENIGN,97.03
206,BENIGN,91.49
207,BENIGN,78.78
208,BENIGN,77.06
209,BENIGN,96.45
210,BENIGN,89.78
211,BENIGN,78.29
212,BENIGN,81.02
213,BENIGN,88.42
214,BENIGN,73.4
215,BENIGN,74.26
216,BENIGN,79.58
217,BENIGN,76.46
218,BENIGN,73.68
219,BENIGN,79.47
220,BENIGN,74.02
221,BENIGN,89.49
222,BENIGN,86.09
223,BENIGN,70.04
224,BENIGN,71.01
225,BENIGN,73.8
226,BENIGN,84.71
227,BENIGN,74.9
228,BENIGN,69.77
229,BENIGN,93.02
230,BENIGN,92.89
231,BENIGN,76.79
232,BENIGN,71.38
233,BENIGN,75.8
234,BENIGN,75.51
235,BENIGN,83.85
236,BENIGN,86.88
237,BENIGN,68.88
238,BENIGN,68.72
239,BENIGN,73.21
240,BENIGN,78.63
241,BENIGN,84.67
242,BENIGN,73.93
243,BENIGN,82.24
244,BENIGN,96.93
245,BENIGN,83.66
246,BENIGN,80.1
247,BENIGN,77.7
248,BENIGN,72.11
249,BENIGN,87.0
250,BENIGN,81.44
251,BENIGN,87.73
252,BENIGN,77.09
253,BENIGN,75.1
254,BENIGN,78.71
255,BENIGN,79.26
256,BENIGN,96.61
257,BENIGN,95.35
258,BENIGN,88.38
259,BENIGN,97.93
260,BENIGN,94.86
261,BENIGN,87.24
262,BENIGN,88.25
263,BENIGN,86.2
264,BENIGN,82.3
265,BENIGN,78.36
266,BENIGN,77.77
267,BENIGN,79.02
268,BENIGN,78.74
269,BENIGN,92.14
270,BENIGN,85.81
271,BENIGN,78.4
272,BENIGN,95.86
273,BENIGN,85.62
274,BENIGN,82.15
275,BENIGN,91.75
276,BENIGN,83.85
277,BENIGN,94.98
278,BENIGN,88.76
279,BENIGN,90.74
280,BENIGN,95.63
281,BENIGN,92.91
282,BENIGN,76.62
283,BENIGN,89.84
284,BENIGN,85.02
285,BENIGN,84.93
286,BENIGN,71.58
287,BENIGN,68.25
288,BENIGN,74.25
289,BENIGN,73.03
290,BENIGN,72.55
291,BENIGN,71.2
292,BENIGN,70.62
293,BENIGN,79.25
294,BENIGN,92.64
295,BENIGN,98.94
296,BENIGN,92.56
297,BENIGN,87.69
298,BENIGN,92.84
299,BENIGN,77.5
300,BENIGN,71.49
301,BENIGN,88.38
302,BENIGN,75.7
303,BENIGN,79.27
304,BENIGN,84.5
305,BENIGN,87.5
306,BENIGN,70.0
307,BENIGN,81.59
308,BENIGN,86.97
309,BENIGN,78.93
310,BENIGN,94.41
311,BENIGN,89.87
312,BENIGN,84.06
313,BENIGN,97.35
314,BENIGN,78.27
315,BENIGN,84.37
316,BENIGN,85.79
317,BENIGN,73.87
318,BENIGN,82.73
319,BENIGN,87.83
320,BENIGN,80.21
321,BENIGN,79.41
322,BENIGN,77.84
323,BENIGN,78.91
324,BENIGN,72.07
325,BENIGN,76.89
326,BENIGN,71.46
327,BENIGN,96.24
328,BENIGN,72.64
329,BENIGN,97.56
330,BENIGN,94.26
331,BENIGN,71.95
332,BENIGN,76.53
333,BENIGN,73.28
334,BENIGN,84.44
335,BENIGN,80.94
336,BENIGN,70.09
337,BENIGN,72.65
338,BENIGN,73.65
339,BENIGN,81.08
340,BENIGN,71.26
341,BENIGN,72.59
342,BENIGN,71.64
343,BENIGN,86.92
344,BENIGN,74.7
345,BENIGN,72.34
346,BENIGN,70.27
347,BENIGN,72.77
348,BENIGN,93.84
349,BENIGN,92.93
350,BENIGN,93.63
351,BENIGN,87.25
352,BENIGN,97.41
353,BENIGN,83.33
354,BENIGN,89.24
355,BENIGN,94.79
356,BENIGN,82.9
357,BENIGN,81.28
358,BENIGN,74.23
359,BENIGN,68.8
360,BENIGN,92.57
361,BENIGN,84.78
362,BENIGN,87.3
363,BENIGN,70.97
364,BENIGN,74.93
365,BENIGN,72.7
366,BENIGN,88.45
367,BENIGN,88.64
368,BENIGN,92.71
369,BENIGN,78.24
370,BENIGN,92.12
371,BENIGN,81.15
372,BENIGN,86.13
373,BENIGN,75.87
374,BENIGN,70.18
375,BENIGN,71.08
376,BENIGN,83.5
377,BENIGN,92.0
378,BENIGN,82.52
379,BENIGN,87.33
380,BENIGN,77.11
381,BENIGN,87.09
382,BENIGN,84.88
383,BENIGN,74.96
384,BENIGN,70.49
385,BENIGN,94.09
386,BENIGN,79.1
387,BENIGN,89.81
388,BENIGN,81.94
389,BENIGN,89.38
390,BENIGN,70.49
391,BENIGN,81.28
392,BENIGN,76.31
393,BENIGN,70.9
394,BENIGN,82.34
395,BENIGN,100.0
396,BENIGN,100.0
397,BENIGN,69.2
398,BENIGN,74.52
399,BENIGN,74.67
400,BENIGN,68.42
401,BENIGN,96.01
402,BENIGN,69.49
403,BENIGN,74.69
404,BENIGN,74.26
405,BENIGN,88.76
406,BENIGN,89.06
407,BENIGN,76.49
408,BENIGN,87.46
409,BENIGN,81.23
410,BENIGN,74.21
411,BENIGN,76.29
412,BENIGN,75.69
413,BENIGN,82.73
414,BENIGN,81.54
415,BENIGN,71.61
416,BENIGN,71.7
417,BENIGN,88.68
418,BENIGN,75.55
419,BENIGN,81.53
420,BENIGN,73.06
421,BENIGN,72.28
422,BENIGN,84.24
423,BENIGN,83.18
424,BENIGN,76.05
425,BENIGN,81.96
426,BENIGN,99.72
427,BENIGN,83.68
428,BENIGN,75.57
429,BENIGN,87.74
430,BENIGN,72.93
431,BENIGN,70.67
432,BENIGN,76.04
433,BENIGN,87.53
434,BENIGN,99.56
435,BENIGN,70.53
436,BENIGN,82.34
437,BENIGN,73.79
438,BENIGN,74.11
439,BENIGN,72.81
440,BENIGN,74.37
441,BENIGN,71.75
442,BENIGN,74.61
443,BENIGN,72.23
444,BENIGN,75.61
445,BENIGN,78.02
446,BENIGN,69.54
447,BENIGN,81.83
448,BENIGN,69.98
449,BENIGN,81.37
450,BENIGN,76.23
451,BENIGN,88.78
452,BENIGN,70.17
453,BENIGN,79.17
454,BENIGN,77.33
455,BENIGN,79.17
456,BENIGN,89.06
457,BENIGN,73.56
458,BENIGN,72.09
459,BENIGN,93.71
460,BENIGN,78.24
461,BENIGN,85.49
462,BENIGN,83.3
463,BENIGN,67.22
464,BENIGN,77.43
465,BENIGN,70.29
466,BENIGN,66.85
467,BENIGN,79.2
468,BENIGN,72.44
469,BENIGN,70.49
470,BENIGN,74.56
471,BENIGN,81.13
472,BENIGN,96.51
473,BENIGN,97.45
474,BENIGN,89.69
475,BENIGN,91.25
476,BENIGN,93.23
477,BENIGN,86.7
478,BENIGN,75.72
479,BENIGN,74.74
480,BENIGN,70.3
481,BENIGN,76.09
482,BENIGN,71.67
483,BENIGN,76.95
484,BENIGN,72.59
485,BENIGN,76.56
486,BENIGN,76.0
487,BENIGN,69.45
488,BENIGN,81.79
489,BENIGN,76.27
490,BENIGN,94.28
491,BENIGN,93.28
492,BENIGN,76.17
493,BENIGN,72.12
494,BENIGN,72.11
495,BENIGN,70.06
496,BENIGN,74.35
497,BENIGN,74.94
498,BENIGN,73.66
499,BENIGN,73.92
500,BENIGN,74.81
501,BENIGN,72.16
502,BENIGN,82.71
503,BENIGN,72.78
504,BENIGN,72.33
505,BENIGN,75.36
506,BENIGN,92.74
507,BENIGN,92.34
508,BENIGN,73.44
509,BENIGN,70.03
510,BENIGN,81.86
511,BENIGN,71.2
512,BENIGN,81.89
513,BENIGN,81.77
514,BENIGN,70.51
515,BENIGN,96.25
516,BENIGN,74.62
517,BENIGN,81.29
518,BENIGN,75.59
519,BENIGN,72.66
520,BENIGN,83.76
521,BENIGN,89.78
522,BENIGN,73.92
523,BENIGN,70.81
524,BENIGN,73.06
525,BENIGN,77.46
526,BENIGN,76.72
527,BENIGN,79.94
528,BENIGN,75.61
529,BENIGN,77.77
530,BENIGN,70.83
531,BENIGN,71.46
532,BENIGN,75.26
533,BENIGN,71.41
534,BENIGN,77.96
535,BENIGN,84.35
536,BENIGN,85.91
537,BENIGN,76.96
538,BENIGN,80.82
539,BENIGN,68.23
540,BENIGN,71.52
541,BENIGN,79.23
542,BENIGN,83.95
543,BENIGN,72.22
544,BENIGN,75.13
545,BENIGN,73.57
546,BENIGN,76.5
547,BENIGN,96.65
548,BENIGN,89.85
549,BENIGN,87.98
550,BENIGN,78.67
551,BENIGN,75.41
552,BENIGN,76.78
553,BENIGN,78.42
554,BENIGN,75.74
555,BENIGN,75.6
556,BENIGN,75.45
557,BENIGN,76.09
558,BENIGN,70.47
559,BENIGN,76.04
560,BENIGN,80.22
561,BENIGN,87.88
562,BENIGN,73.24
563,BENIGN,71.07
564,BENIGN,86.09
565,BENIGN,80.23
566,BENIGN,84.17
567,BENIGN,84.74
568,BENIGN,76.57
569,BENIGN,83.14
570,BENIGN,70.05
571,BENIGN,80.18
572,BENIGN,77.25
573,BENIGN,72.13
574,BENIGN,70.37
575,BENIGN,72.82
576,BENIGN,75.93
577,BENIGN,77.91
578,BENIGN,72.38
579,BENIGN,70.5
580,BENIGN,75.11
581,BENIGN,71.0
582,BENIGN,73.77
583,BENIGN,71.48
584,BENIGN,80.62
585,BENIGN,94.29
586,BENIGN,80.83
587,BENIGN,87.06
588,BENIGN,83.97
589,BENIGN,73.88
590,BENIGN,87.45
591,BENIGN,69.61
592,BENIGN,96.31
593,BENIGN,78.55
594,BENIGN,85.75
595,BENIGN,84.24
596,BENIGN,72.25
597,BENIGN,81.33
598,BENIGN,71.74
599,BENIGN,72.08
600,BENIGN,73.67
601,BENIGN,71.09
602,BENIGN,79.47
603,BENIGN,72.19
604,BENIGN,83.52
605,BENIGN,74.49
606,BENIGN,77.46
607,BENIGN,82.04
608,BENIGN,83.33
609,BENIGN,68.6
610,BENIGN,76.99
611,BENIGN,94.54
612,BENIGN,74.05
613,BENIGN,71.22
614,BENIGN,70.72
615,BENIGN,81.46
616,BENIGN,81.21
617,BENIGN,75.89
618,BENIGN,72.49
619,BENIGN,76.94
620,BENIGN,71.72
621,BENIGN,72.91
622,BENIGN,73.45
623,BENIGN,70.09
624,BENIGN,72.9
625,BENIGN,80.48
626,BENIGN,71.1
627,BENIGN,70.5
628,BENIGN,72.04
629,BENIGN,75.52
630,BENIGN,69.22
631,BENIGN,92.37
632,BENIGN,72.09
633,BENIGN,94.28
634,BENIGN,80.58
635,BENIGN,79.52
636,BENIGN,87.56
637,BENIGN,75.04
638,BENIGN,74.73
639,BENIGN,92.67
640,BENIGN,69.32
641,BENIGN,79.37
642,BENIGN,77.93
643,BENIGN,72.46
644,BENIGN,89.58
645,BENIGN,70.6
646,BENIGN,71.35
647,BENIGN,81.6
648,BENIGN,88.51
649,BENIGN,70.88
650,BENIGN,71.67
651,BENIGN,71.09
652,BENIGN,73.23
653,BENIGN,80.64
654,BENIGN,82.04
655,BENIGN,68.77
656,BENIGN,69.23
657,BENIGN,71.63
658,BENIGN,76.63
659,BENIGN,75.14
660,BENIGN,72.67
661,BENIGN,79.29
662,BENIGN,80.26
663,BENIGN,74.44
664,BENIGN,72.39
665,BENIGN,70.81
666,BENIGN,84.64
667,BENIGN,82.01
668,BENIGN,71.7
669,BENIGN,69.1
670,BENIGN,76.02
671,BENIGN,73.44
672,BENIGN,82.56
673,BENIGN,74.77
674,BENIGN,84.61
675,BENIGN,73.12
676,BENIGN,76.8
677,BENIGN,69.23
678,BENIGN,75.04
679,BENIGN,76.37
680,BENIGN,73.44
681,BENIGN,73.79
682,BENIGN,69.88
683,BENIGN,73.3
684,BENIGN,74.81
685,BENIGN,71.02
686,BENIGN,74.43
687,BENIGN,79.99
688,BENIGN,76.31
689,BENIGN,72.08
690,BENIGN,71.76
691,BENIGN,69.85
692,BENIGN,70.35
693,BENIGN,82.51
694,BENIGN,90.32
695,BENIGN,88.89
696,BENIGN,92.19
697,BENIGN,73.6
698,BENIGN,90.22
699,BENIGN,91.93
700,BENIGN,87.37
701,BENIGN,89.93
702,BENIGN,83.61
703,BENIGN,71.87
704,BENIGN,69.35
705,BENIGN,75.86
706,BENIGN,78.26
707,BENIGN,72.56
708,BENIGN,71.45
709,BENIGN,73.15
710,BENIGN,84.51
711,BENIGN,69.36
712,BENIGN,71.33
713,BENIGN,67.72
714,BENIGN,87.25
715,BENIGN,92.78
716,BENIGN,83.96
717,BENIGN,77.5
718,BENIGN,85.43
719,BENIGN,73.12
720,BENIGN,84.77
721,BENIGN,96.82
722,BENIGN,96.56
723,BENIGN,84.68
724,BENIGN,72.62
725,BENIGN,75.24
726,BENIGN,74.83
727,BENIGN,97.97
728,BENIGN,75.4
729,BENIGN,74.28
730,BENIGN,83.77
731,BENIGN,75.01
732,BENIGN,71.36
733,BENIGN,76.96
734,BENIGN,71.44
735,BENIGN,74.93
736,BENIGN,82.34
737,BENIGN,72.11
738,BENIGN,74.3
739,BENIGN,77.5
740,BENIGN,92.32
741,BENIGN,81.95
742,BENIGN,70.09
743,BENIGN,76.65
744,BENIGN,78.9
745,BENIGN,82.82
746,BENIGN,62.62
747,BENIGN,85.53
748,BENIGN,72.71
749,BENIGN,84.52
750,BENIGN,72.68
751,BENIGN,67.52
752,BENIGN,79.8
753,BENIGN,84.34
754,BENIGN,74.93
755,BENIGN,71.83
756,BENIGN,79.57
757,BENIGN,74.19
758,BENIGN,71.88
759,BENIGN,68.14
760,BENIGN,74.36
761,BENIGN,79.28
762,BENIGN,83.09
763,BENIGN,70.67
764,BENIGN,68.05
765,BENIGN,73.23
766,BENIGN,71.0
767,BENIGN,80.87
768,BENIGN,76.49
769,BENIGN,73.97
770,BENIGN,82.03
771,BENIGN,76.31
772,BENIGN,75.51
773,BENIGN,90.95
774,BENIGN,76.39
775,BENIGN,71.35
776,BENIGN,87.9
777,BENIGN,70.71
778,BENIGN,74.38
779,BENIGN,91.82
780,BENIGN,79.03
781,BENIGN,80.12
782,BENIGN,73.11
783,BENIGN,75.07
784,BENIGN,70.63
785,BENIGN,72.55
786,BENIGN,66.33
787,BENIGN,76.64
788,BENIGN,77.84
789,BENIGN,70.09
790,BENIGN,68.44
791,BENIGN,74.74
792,BENIGN,69.45
793,BENIGN,69.57
794,BENIGN,68.22
795,BENIGN,68.72
796,BENIGN,70.93
797,BENIGN,71.45
798,BENIGN,72.97
799,BENIGN,75.77
800,BENIGN,79.62
801,BENIGN,71.33
802,BENIGN,74.57
803,BENIGN,69.35
804,BENIGN,70.49
805,BENIGN,73.71
806,BENIGN,94.1
807,BENIGN,91.49
808,BENIGN,79.65
809,BENIGN,83.05
810,BENIGN,72.57
811,BENIGN,69.06
812,BENIGN,76.8
813,BENIGN,82.39
814,BENIGN,76.56
815,BENIGN,77.38
816,BENIGN,74.11
817,BENIGN,88.83
818,BENIGN,91.01
819,BENIGN,96.61
820,BENIGN,82.41
821,BENIGN,74.73
822,BENIGN,80.5
823,BENIGN,76.33
824,BENIGN,72.43
825,BENIGN,74.21
826,BENIGN,80.6
827,BENIGN,84.81
828,BENIGN,80.41
829,BENIGN,84.51
830,BENIGN,77.34
831,BENIGN,80.22
832,BENIGN,76.0
833,BENIGN,71.53
834,BENIGN,74.05
835,BENIGN,77.05
836,BENIGN,70.67
837,BENIGN,79.05
838,BENIGN,69.79
839,BENIGN,77.49
840,BENIGN,70.76
841,BENIGN,94.23
842,BENIGN,93.08
843,BENIGN,88.43
844,BENIGN,71.58
845,BENIGN,72.38
846,BENIGN,72.99
847,BENIGN,68.63
848,BENIGN,74.68
849,BENIGN,78.88
850,BENIGN,62.2
851,BENIGN,65.09
852,BENIGN,66.23
853,BENIGN,75.1
854,BENIGN,71.17
855,BENIGN,70.81
856,BENIGN,68.41
857,BENIGN,82.2
858,BENIGN,90.48
859,BENIGN,93.0
860,BENIGN,72.59
861,BENIGN,74.6
862,BENIGN,80.14
863,BENIGN,71.49
864,BENIGN,71.92
865,BENIGN,80.22
866,BENIGN,71.31
867,BENIGN,79.1
868,BENIGN,76.74
869,BENIGN,76.16
870,BENIGN,68.92
871,BENIGN,71.24
872,BENIGN,87.38
873,BENIGN,70.28
874,BENIGN,83.92
875,BENIGN,84.46
876,BENIGN,88.12
877,BENIGN,82.72
878,BENIGN,81.97
879,BENIGN,90.06
880,BENIGN,88.62
881,BENIGN,74.95
882,BENIGN,74.98
883,BENIGN,82.88
884,BENIGN,83.02
885,BENIGN,90.76
886,BENIGN,73.62
887,BENIGN,80.55
888,BENIGN,82.27
889,BENIGN,84.91
890,BENIGN,81.22
891,BENIGN,71.28
892,BENIGN,70.82
893,BENIGN,68.96
894,BENIGN,71.69
895,BENIGN,74.32
896,BENIGN,94.53
897,BENIGN,83.39
898,BENIGN,88.65
899,BENIGN,71.82
900,BENIGN,79.35
901,BENIGN,87.28
902,BENIGN,74.52
903,BENIGN,84.84
904,BENIGN,86.68
905,BENIGN,71.37
906,BENIGN,70.21
907,BENIGN,82.3
908,BENIGN,83.05
909,BENIGN,79.52
910,BENIGN,75.98
911,BENIGN,90.79
912,BENIGN,73.11
913,BENIGN,73.86
914,BENIGN,77.13
915,BENIGN,83.53
916,BENIGN,78.73
917,BENIGN,77.56
918,BENIGN,71.3
919,BENIGN,83.07
920,BENIGN,68.93
921,BENIGN,68.3
922,BENIGN,84.16
923,BENIGN,69.68
924,BENIGN,79.75
925,BENIGN,77.03
926,BENIGN,71.04
927,BENIGN,94.88
928,BENIGN,74.61
929,BENIGN,93.59
930,BENIGN,73.96
931,BENIGN,91.54
932,BENIGN,78.15
933,BENIGN,78.16
934,BENIGN,75.62
935,BENIGN,72.23
936,BENIGN,70.69
937,BENIGN,75.66
938,BENIGN,69.96
939,BENIGN,77.36
940,BENIGN,75.35
941,BENIGN,76.63
942,BENIGN,71.91
943,BENIGN,81.13
944,BENIGN,81.57
945,BENIGN,82.01
946,BENIGN,80.72
947,BENIGN,81.68
948,BENIGN,74.02
949,BENIGN,87.43
950,BENIGN,72.42
951,BENIGN,90.0
952,BENIGN,90.32
953,BENIGN,88.55
954,BENIGN,87.49
955,BENIGN,88.22
956,BENIGN,80.75
957,BENIGN,77.25
958,BENIGN,90.87
959,BENIGN,93.75
960,BENIGN,89.66
961,BENIGN,79.16
962,BENIGN,79.16
963,BENIGN,77.95
964,BENIGN,75.33
965,BENIGN,72.08
966,BENIGN,81.57
967,BENIGN,74.21
968,BENIGN,75.0
969,BENIGN,99.24
970,BENIGN,72.07
971,BENIGN,86.24
972,BENIGN,81.81
973,BENIGN,80.58
974,BENIGN,75.76
975,BENIGN,73.52
976,BENIGN,76.28
977,BENIGN,75.86
978,BENIGN,80.2
979,BENIGN,74.78
980,BENIGN,81.04
981,BENIGN,92.4
982,BENIGN,94.52
983,BENIGN,80.44
984,BENIGN,82.27
985,BENIGN,78.11
986,BENIGN,86.72
987,BENIGN,86.03
988,BENIGN,80.88
989,BENIGN,85.34
990,BENIGN,84.84
991,BENIGN,80.07
992,BENIGN,79.42
993,BENIGN,80.46
994,BENIGN,77.69
995,BENIGN,79.1
996,BENIGN,84.21
997,BENIGN,87.36
998,BENIGN,76.91
999,BENIGN,76.38
1000,BENIGN,71.49
1001,BENIGN,70.03
1002,BENIGN,69.98
1003,BENIGN,83.55
1004,BENIGN,94.63
1005,BENIGN,71.86
1006,BENIGN,72.0
1007,BENIGN,80.97
1008,BENIGN,71.46
1009,BENIGN,76.53
1010,BENIGN,72.05
1011,BENIGN,67.89
1012,BENIGN,83.69
1013,BENIGN,90.1
1014,BENIGN,72.91
1015,BENIGN,89.94
1016,BENIGN,81.19
1017,BENIGN,79.87
1018,BENIGN,83.62
1019,BENIGN,73.79
1020,BENIGN,77.92
1021,BENIGN,73.27
1022,BENIGN,69.29
1023,BENIGN,78.58
1024,BENIGN,77.24
1025,BENIGN,73.34
1026,BENIGN,70.55
1027,BENIGN,87.65
1028,BENIGN,97.22
1029,BENIGN,77.59
1030,BENIGN,75.08
1031,BENIGN,73.13
1032,BENIGN,74.3
1033,BENIGN,82.7
1034,BENIGN,67.06
1035,BENIGN,77.31
1036,BENIGN,75.97
1037,ATTACK,98.74
1038,BENIGN,85.0
1039,BENIGN,84.62
1040,BENIGN,70.47
1041,BENIGN,70.8
1042,BENIGN,77.78
1043,BENIGN,71.57
1044,BENIGN,80.59
1045,BENIGN,70.62
1046,BENIGN,90.53
1047,BENIGN,77.33
1048,BENIGN,70.96
1049,BENIGN,86.66
1050,BENIGN,88.5
1051,BENIGN,82.27
1052,BENIGN,86.34
1053,BENIGN,72.14
1054,BENIGN,75.48
1055,BENIGN,82.83
1056,BENIGN,90.87
1057,BENIGN,73.54
1058,BENIGN,75.87
1059,BENIGN,74.99
1060,BENIGN,74.63
1061,BENIGN,76.24
1062,BENIGN,71.64
1063,BENIGN,78.43
1064,BENIGN,72.38
1065,BENIGN,73.35
1066,BENIGN,74.77
1067,BENIGN,80.18
1068,BENIGN,72.71
1069,BENIGN,78.07
1070,BENIGN,71.76
1071,BENIGN,76.64
1072,BENIGN,82.36
1073,BENIGN,83.78
1074,BENIGN,76.41
1075,BENIGN,81.82
1076,BENIGN,83.09
1077,BENIGN,83.97
1078,BENIGN,74.08
1079,BENIGN,80.02
1080,BENIGN,78.3
1081,BENIGN,62.89
1082,BENIGN,76.48
1083,BENIGN,72.02
1084,BENIGN,76.88
1085,BENIGN,77.97
1086,BENIGN,79.12
1087,BENIGN,72.51
1088,BENIGN,69.03
1089,BENIGN,83.37
1090,BENIGN,69.35
1091,BENIGN,89.45
1092,BENIGN,81.84
1093,BENIGN,83.68
1094,BENIGN,80.57
1095,BENIGN,92.38
1096,BENIGN,76.9
1097,BENIGN,76.23
1098,BENIGN,74.42
1099,BENIGN,71.83
1100,BENIGN,84.82
1101,BENIGN,70.36
1102,BENIGN,85.95
1103,BENIGN,80.13
1104,BENIGN,72.39
1105,BENIGN,82.44
1106,BENIGN,83.15
1107,BENIGN,92.85
1108,BENIGN,87.15
1109,BENIGN,88.51
1110,BENIGN,77.99
1111,BENIGN,88.7
1112,BENIGN,83.24
1113,BENIGN,70.17
1114,BENIGN,74.64
1115,BENIGN,78.5
1116,BENIGN,74.27
1117,BENIGN,71.1
1118,BENIGN,70.19
1119,BENIGN,72.99
1120,BENIGN,72.24
1121,BENIGN,76.78
1122,BENIGN,74.26
1123,BENIGN,70.09
1124,BENIGN,70.12
1125,BENIGN,69.87
1126,BENIGN,73.72
1127,BENIGN,76.38
1128,BENIGN,73.76
1129,BENIGN,69.02
1130,BENIGN,71.91
1131,BENIGN,72.78
1132,BENIGN,77.31
1133,BENIGN,77.7
1134,BENIGN,83.06
1135,BENIGN,71.01
1136,BENIGN,87.57
1137,BENIGN,77.95
1138,BENIGN,77.53
1139,BENIGN,73.22
1140,BENIGN,81.84
1141,BENIGN,79.82
1142,BENIGN,70.82
1143,BENIGN,77.42
1144,BENIGN,72.97
1145,BENIGN,75.41
1146,BENIGN,71.57
1147,BENIGN,75.77
1148,BENIGN,72.76
1149,BENIGN,70.81
1150,BENIGN,73.68
1151,BENIGN,81.68
1152,BENIGN,83.12
1153,BENIGN,91.54
1154,BENIGN,80.74
1155,BENIGN,78.22
1156,BENIGN,89.17
1157,BENIGN,72.51
1158,BENIGN,71.01
1159,BENIGN,88.94
1160,BENIGN,73.08
1161,BENIGN,72.67
1162,BENIGN,69.17
1163,BENIGN,69.67
1164,BENIGN,77.48
1165,BENIGN,75.73
1166,BENIGN,84.63
1167,BENIGN,82.0
1168,BENIGN,69.76
1169,BENIGN,73.6
1170,BENIGN,75.34
1171,BENIGN,87.26
1172,BENIGN,77.91
1173,BENIGN,62.45
1174,BENIGN,68.01
1175,BENIGN,72.21
1176,BENIGN,73.7
1177,BENIGN,84.19
1178,BENIGN,69.34
1179,BENIGN,72.01
1180,BENIGN,72.65
1181,BENIGN,75.04
1182,BENIGN,73.06
1183,BENIGN,92.78
1184,BENIGN,81.83
1185,BENIGN,82.76
1186,BENIGN,72.63
1187,BENIGN,84.42
1188,BENIGN,86.47
1189,BENIGN,70.86
1190,BENIGN,77.39
1191,BENIGN,86.04
1192,BENIGN,70.67
1193,BENIGN,82.4
1194,BENIGN,85.92
1195,BENIGN,86.16
1196,BENIGN,80.04
1197,BENIGN,74.08
1198,BENIGN,77.24
1199,BENIGN,77.45
1200,BENIGN,69.58
1201,BENIGN,75.81
1202,BENIGN,92.15
1203,BENIGN,86.09
1204,BENIGN,73.31
1205,BENIGN,68.43
1206,BENIGN,72.42
1207,BENIGN,74.18
1208,BENIGN,74.62
1209,BENIGN,81.45
1210,BENIGN,78.35
1211,BENIGN,74.36
1212,BENIGN,73.18
1213,BENIGN,74.09
1214,BENIGN,73.56
1215,BENIGN,71.01
1216,BENIGN,85.3
1217,BENIGN,94.63
1218,BENIGN,71.34
1219,BENIGN,72.7
1220,BENIGN,71.19
1221,BENIGN,71.45
1222,BENIGN,69.37
1223,BENIGN,77.64
1224,BENIGN,71.17
1225,BENIGN,69.91
1226,BENIGN,80.68
1227,BENIGN,70.9
1228,BENIGN,70.81
1229,BENIGN,76.13
1230,BENIGN,72.01
1231,BENIGN,80.51
1232,BENIGN,74.26
1233,BENIGN,78.04
1234,BENIGN,71.3
1235,BENIGN,76.72
1236,BENIGN,69.5
1237,BENIGN,77.56
1238,BENIGN,69.23
1239,BENIGN,73.33
1240,BENIGN,76.8
1241,BENIGN,73.5
1242,BENIGN,69.29
1243,BENIGN,71.34
1244,BENIGN,68.1
1245,BENIGN,92.96
1246,BENIGN,78.24
1247,BENIGN,69.87
1248,BENIGN,68.31
1249,BENIGN,75.64
1250,BENIGN,69.98
1251,BENIGN,69.96
1252,BENIGN,82.31
1253,BENIGN,81.33
1254,BENIGN,75.01
1255,BENIGN,83.96
1256,BENIGN,72.5
1257,BENIGN,69.37
1258,BENIGN,71.47
1259,BENIGN,71.47
1260,BENIGN,95.48
1261,BENIGN,91.09
1262,BENIGN,80.07
1263,BENIGN,80.06
1264,BENIGN,70.27
1265,BENIGN,72.37
1266,BENIGN,70.28
1267,BENIGN,71.03
1268,BENIGN,73.68
1269,BENIGN,71.98
1270,BENIGN,73.09
1271,BENIGN,74.04
1272,BENIGN,75.03
1273,BENIGN,69.71
1274,BENIGN,82.0
1275,BENIGN,73.84
1276,BENIGN,84.32
1277,BENIGN,70.14
1278,BENIGN,71.38
1279,BENIGN,76.21
1280,BENIGN,71.02
1281,BENIGN,72.66
1282,BENIGN,78.0
1283,BENIGN,78.24
1284,BENIGN,69.55
1285,BENIGN,73.92
1286,BENIGN,73.53
1287,BENIGN,73.13
1288,BENIGN,74.1
1289,BENIGN,75.04
1290,BENIGN,88.35
1291,BENIGN,87.42
1292,BENIGN,78.44
1293,BENIGN,70.67
1294,BENIGN,72.99
1295,BENIGN,80.88
1296,BENIGN,69.82
1297,BENIGN,74.24
1298,BENIGN,71.22
1299,BENIGN,72.55
1300,BENIGN,72.21
1301,BENIGN,72.77
1302,BENIGN,76.5
1303,BENIGN,73.0
1304,BENIGN,69.11
1305,BENIGN,68.05
1306,BENIGN,76.36
1307,BENIGN,72.32
1308,BENIGN,77.77
1309,BENIGN,72.84
1310,BENIGN,70.79
1311,BENIGN,77.18
1312,BENIGN,75.24
1313,BENIGN,79.14
1314,BENIGN,81.08
1315,BENIGN,80.65
1316,BENIGN,78.44
1317,BENIGN,70.13
1318,BENIGN,73.32
1319,BENIGN,74.21
1320,BENIGN,82.16
1321,BENIGN,75.06
1322,BENIGN,69.53
1323,BENIGN,70.79
1324,BENIGN,75.2
1325,BENIGN,79.87
1326,BENIGN,76.67
1327,BENIGN,97.0
1328,BENIGN,71.08
1329,BENIGN,73.0
1330,BENIGN,71.26
1331,BENIGN,75.8
1332,BENIGN,83.06
1333,BENIGN,77.15
1334,BENIGN,79.0
1335,BENIGN,81.18
1336,BENIGN,71.16
1337,BENIGN,74.48
1338,BENIGN,76.25
1339,BENIGN,72.31
1340,BENIGN,71.74
1341,BENIGN,72.36
1342,ATTACK,66.09
1343,BENIGN,75.96
1344,BENIGN,74.98
1345,BENIGN,71.11
1346,BENIGN,71.29
1347,BENIGN,71.11
1348,BENIGN,69.45
1349,BENIGN,89.69
1350,BENIGN,85.87
1351,BENIGN,74.9
1352,BENIGN,68.8
1353,BENIGN,73.05
1354,BENIGN,95.19
1355,BENIGN,86.13
1356,BENIGN,90.3
1357,BENIGN,78.59
1358,BENIGN,70.79
1359,BENIGN,81.7
1360,BENIGN,72.93
1361,BENIGN,74.54
1362,BENIGN,95.96
1363,BENIGN,69.19
1364,BENIGN,73.65
1365,BENIGN,69.37
1366,BENIGN,69.45
1367,BENIGN,70.04
1368,BENIGN,74.26
1369,BENIGN,74.59
1370,BENIGN,73.92
1371,BENIGN,72.56
1372,BENIGN,85.79
1373,BENIGN,78.25
1374,BENIGN,84.82
1375,BENIGN,81.6
1376,BENIGN,80.22
1377,BENIGN,97.9
1378,BENIGN,73.83
1379,BENIGN,60.3
1380,BENIGN,72.43
1381,BENIGN,75.11
1382,BENIGN,73.56
1383,BENIGN,82.62
1384,BENIGN,75.36
1385,BENIGN,71.73
1386,BENIGN,74.23
1387,BENIGN,72.5
1388,BENIGN,68.69
1389,BENIGN,77.28
1390,BENIGN,84.96
1391,BENIGN,75.42
1392,BENIGN,72.91
1393,BENIGN,73.41
1394,BENIGN,90.31
1395,BENIGN,83.96
1396,BENIGN,80.81
1397,BENIGN,90.03
1398,BENIGN,88.82
1399,BENIGN,70.49
1400,BENIGN,72.5
1401,BENIGN,75.91
1402,BENIGN,72.85
1403,BENIGN,74.3
1404,BENIGN,72.23
1405,BENIGN,68.15
1406,BENIGN,80.26
1407,BENIGN,69.37
1408,BENIGN,75.27
1409,BENIGN,68.17
1410,BENIGN,69.33
1411,BENIGN,77.0
1412,BENIGN,69.91
1413,BENIGN,67.52
1414,BENIGN,70.43
1415,BENIGN,67.93
1416,BENIGN,75.58
1417,BENIGN,69.97
1418,BENIGN,76.86
1419,BENIGN,80.99
1420,BENIGN,69.21
1421,BENIGN,79.28
1422,BENIGN,72.09
1423,BENIGN,70.59
1424,BENIGN,68.65
1425,BENIGN,67.84
1426,BENIGN,76.92
1427,BENIGN,72.63
1428,BENIGN,81.42
1429,BENIGN,78.4
1430,BENIGN,73.92
1431,BENIGN,80.26
1432,BENIGN,73.68
1433,BENIGN,79.59
1434,BENIGN,79.81
1435,BENIGN,81.98
1436,BENIGN,73.28
1437,BENIGN,77.79
1438,BENIGN,75.05
1439,BENIGN,71.41
1440,BENIGN,70.31
1441,BENIGN,69.31
1442,BENIGN,76.16
1443,BENIGN,71.19
1444,BENIGN,70.19
1445,BENIGN,76.45
1446,BENIGN,74.42
1447,BENIGN,70.69
1448,BENIGN,75.14
1449,BENIGN,70.92
1450,BENIGN,71.07
1451,BENIGN,73.72
1452,BENIGN,70.62
1453,BENIGN,72.05
1454,BENIGN,68.61
1455,BENIGN,72.76
1456,BENIGN,77.38
1457,BENIGN,81.16
1458,BENIGN,75.1
1459,BENIGN,69.31
1460,BENIGN,69.47
1461,BENIGN,77.46
1462,BENIGN,71.55
1463,BENIGN,83.79
1464,BENIGN,85.38
1465,BENIGN,73.32
1466,BENIGN,77.96
1467,BENIGN,90.5
1468,BENIGN,84.57
1469,BENIGN,83.86
1470,BENIGN,78.67
1471,BENIGN,74.71
1472,BENIGN,75.45
1473,BENIGN,72.63
1474,BENIGN,87.9
1475,BENIGN,92.36
1476,BENIGN,77.79
1477,BENIGN,90.73
1478,BENIGN,68.99
1479,BENIGN,71.61
1480,BENIGN,94.16
1481,BENIGN,71.28
1482,BENIGN,69.82
1483,BENIGN,70.19
1484,BENIGN,73.23
1485,BENIGN,69.93
1486,BENIGN,70.35
1487,BENIGN,73.45
1488,BENIGN,69.47
1489,BENIGN,79.94
1490,BENIGN,72.83
1491,BENIGN,72.77
1492,BENIGN,74.91
1493,BENIGN,70.98
1494,BENIGN,73.09
1495,BENIGN,74.66
1496,BENIGN,75.81
1497,BENIGN,76.48
1498,BENIGN,99.6
1499,BENIGN,75.11
1500,BENIGN,74.07
1501,BENIGN,74.24
1502,BENIGN,73.34
1503,BENIGN,83.43
1504,BENIGN,88.21
1505,BENIGN,85.69
1506,BENIGN,82.16
1507,BENIGN,74.24
1508,BENIGN,71.91
1509,BENIGN,78.55
1510,BENIGN,75.65
1511,BENIGN,75.04
1512,BENIGN,71.78
1513,BENIGN,68.73
1514,BENIGN,81.53
1515,BENIGN,69.72
1516,BENIGN,73.15
1517,BENIGN,72.16
1518,BENIGN,75.42
1519,BENIGN,71.96
1520,BENIGN,73.15
1521,BENIGN,73.88
1522,BENIGN,79.4
1523,BENIGN,76.39
1524,BENIGN,77.94
1525,BENIGN,73.63
1526,BENIGN,81.11
1527,BENIGN,99.69
1528,BENIGN,74.54
1529,BENIGN,76.05
1530,BENIGN,81.43
1531,BENIGN,85.64
1532,BENIGN,71.02
1533,BENIGN,72.06
1534,BENIGN,74.6
1535,BENIGN,74.28
1536,BENIGN,77.65
1537,BENIGN,78.58
1538,BENIGN,68.97
1539,BENIGN,69.99
1540,BENIGN,75.64
1541,BENIGN,72.24
1542,BENIGN,75.11
1543,BENIGN,71.65
1544,BENIGN,75.92
1545,BENIGN,68.75
1546,BENIGN,81.57
1547,BENIGN,66.24
1548,BENIGN,61.97
1549,BENIGN,80.71
1550,BENIGN,70.04
1551,BENIGN,76.31
1552,BENIGN,81.77
1553,BENIGN,74.2
1554,BENIGN,97.72
1555,BENIGN,82.85
1556,BENIGN,74.06
1557,BENIGN,79.94
1558,BENIGN,68.49
1559,BENIGN,71.54
1560,BENIGN,95.62
1561,BENIGN,76.24
1562,BENIGN,70.51
1563,BENIGN,68.75
1564,BENIGN,70.14
1565,BENIGN,74.19
1566,BENIGN,70.5
1567,BENIGN,72.72
1568,BENIGN,69.55
1569,BENIGN,82.53
1570,BENIGN,76.22
1571,BENIGN,69.75
1572,BENIGN,80.37
1573,BENIGN,73.03
1574,BENIGN,74.75
1575,BENIGN,76.12
1576,BENIGN,73.66
1577,BENIGN,76.49
1578,BENIGN,81.3
1579,BENIGN,83.49
1580,BENIGN,70.41
1581,BENIGN,72.53
1582,BENIGN,68.61
1583,BENIGN,70.73
1584,BENIGN,71.17
1585,BENIGN,70.02
1586,BENIGN,69.73
1587,BENIGN,71.36
1588,BENIGN,70.18
1589,BENIGN,69.99
1590,BENIGN,74.15
1591,BENIGN,68.37
1592,BENIGN,70.13
1593,BENIGN,79.75
1594,BENIGN,70.64
1595,BENIGN,70.08
1596,BENIGN,76.64
1597,BENIGN,77.0
1598,BENIGN,72.02
1599,BENIGN,77.39
1600,BENIGN,72.77
1601,BENIGN,78.52
1602,BENIGN,69.9
1603,BENIGN,74.19
1604,BENIGN,73.47
1605,BENIGN,75.31
1606,BENIGN,72.04
1607,BENIGN,80.95
1608,BENIGN,80.2
1609,BENIGN,72.51
1610,BENIGN,79.12
1611,BENIGN,76.49
1612,BENIGN,73.24
1613,BENIGN,84.05
1614,BENIGN,70.09
1615,BENIGN,72.13
1616,BENIGN,72.4
1617,BENIGN,72.13
1618,BENIGN,76.78
1619,BENIGN,76.97
1620,BENIGN,69.81
1621,BENIGN,80.96
1622,BENIGN,68.74
1623,BENIGN,78.45
1624,BENIGN,72.52
1625,BENIGN,69.68
1626,BENIGN,71.39
1627,BENIGN,71.54
1628,BENIGN,72.61
1629,BENIGN,75.09
1630,BENIGN,69.46
1631,BENIGN,70.6
1632,BENIGN,70.82
1633,BENIGN,73.4
1634,BENIGN,71.25
1635,BENIGN,72.09
1636,BENIGN,72.84
1637,BENIGN,71.31
1638,BENIGN,85.26
1639,BENIGN,69.68
1640,BENIGN,71.96
1641,BENIGN,68.97
1642,BENIGN,78.48
1643,BENIGN,69.69
1644,BENIGN,69.28
1645,BENIGN,70.15
1646,BENIGN,75.46
1647,BENIGN,73.49
1648,BENIGN,77.5
1649,BENIGN,76.75
1650,BENIGN,87.28
1651,BENIGN,76.26
1652,BENIGN,70.46
1653,BENIGN,69.14
1654,BENIGN,69.5
1655,BENIGN,72.56
1656,BENIGN,71.81
1657,BENIGN,70.32
1658,BENIGN,71.98
1659,BENIGN,84.41
1660,BENIGN,76.31
1661,BENIGN,90.15
1662,BENIGN,88.41
1663,BENIGN,84.42
1664,BENIGN,87.17
1665,BENIGN,71.94
1666,BENIGN,85.2
1667,BENIGN,95.72
1668,BENIGN,92.95
1669,BENIGN,79.53
1670,BENIGN,84.7
1671,BENIGN,70.06
1672,BENIGN,83.87
1673,BENIGN,87.25
1674,BENIGN,85.45
1675,BENIGN,70.93
1676,BENIGN,79.03
1677,BENIGN,74.44
1678,BENIGN,70.34
1679,BENIGN,70.83
1680,BENIGN,71.45
1681,BENIGN,70.79
1682,BENIGN,82.28
1683,BENIGN,76.96
1684,BENIGN,92.02
1685,BENIGN,74.23
1686,BENIGN,91.99
1687,BENIGN,72.61
1688,BENIGN,71.72
1689,BENIGN,84.38
1690,BENIGN,80.92
1691,BENIGN,71.47
1692,BENIGN,77.26
1693,BENIGN,82.05
1694,BENIGN,77.07
1695,BENIGN,80.65
1696,BENIGN,73.99
1697,BENIGN,91.3
1698,BENIGN,83.21
1699,BENIGN,81.11
1700,BENIGN,71.74
1701,BENIGN,74.21
1702,BENIGN,74.64
1703,BENIGN,71.29
1704,BENIGN,78.48
1705,BENIGN,72.02
1706,BENIGN,71.38
1707,BENIGN,74.95
1708,BENIGN,78.4
1709,BENIGN,72.32
1710,BENIGN,72.95
1711,BENIGN,75.13
1712,BENIGN,77.0
1713,BENIGN,78.61
1714,BENIGN,76.68
1715,BENIGN,74.17
1716,BENIGN,67.33
1717,BENIGN,81.85
1718,BENIGN,79.82
1719,BENIGN,79.05
1720,BENIGN,67.99
1721,BENIGN,71.24
1722,BENIGN,70.33
1723,BENIGN,71.72
1724,BENIGN,75.27
1725,BENIGN,70.89
1726,BENIGN,71.35
1727,BENIGN,72.23
1728,BENIGN,72.5
1729,BENIGN,73.73
1730,BENIGN,75.26
1731,BENIGN,72.56
1732,BENIGN,76.59
1733,BENIGN,78.09
1734,BENIGN,74.86
1735,BENIGN,70.19
1736,BENIGN,76.74
1737,BENIGN,77.5
1738,BENIGN,71.26
1739,BENIGN,72.31
1740,BENIGN,74.99
1741,BENIGN,81.26
1742,BENIGN,81.18
1743,BENIGN,75.33
1744,BENIGN,87.32
1745,BENIGN,66.22
1746,BENIGN,75.53
1747,BENIGN,75.45
1748,BENIGN,75.5
1749,BENIGN,74.55
1750,BENIGN,69.58
1751,BENIGN,83.32
1752,BENIGN,90.07
1753,BENIGN,80.8
1754,BENIGN,67.73
1755,BENIGN,71.25
1756,BENIGN,75.68
1757,BENIGN,82.19
1758,BENIGN,81.68
1759,BENIGN,83.0
1760,BENIGN,72.28
1761,BENIGN,91.75
1762,BENIGN,69.34
1763,BENIGN,69.4
1764,BENIGN,71.73
1765,BENIGN,71.85
1766,BENIGN,69.35
1767,BENIGN,69.31
1768,BENIGN,68.54
1769,BENIGN,79.22
1770,BENIGN,76.25
1771,BENIGN,71.45
1772,BENIGN,73.75
1773,BENIGN,82.54
1774,BENIGN,77.44
1775,BENIGN,80.62
1776,BENIGN,77.0
1777,BENIGN,73.66
1778,BENIGN,70.59
1779,BENIGN,85.53
1780,BENIGN,70.87
1781,BENIGN,70.39
1782,BENIGN,70.83
1783,BENIGN,70.21
1784,BENIGN,72.05
1785,BENIGN,72.45
1786,BENIGN,72.33
1787,BENIGN,79.61
1788,BENIGN,71.33
1789,BENIGN,71.49
1790,BENIGN,75.46
1791,BENIGN,69.36
1792,BENIGN,73.93
1793,BENIGN,70.45
1794,BENIGN,67.97
1795,BENIGN,95.11
1796,BENIGN,76.41
1797,BENIGN,77.84
1798,BENIGN,80.54
1799,BENIGN,75.13
1800,BENIGN,72.91
1801,BENIGN,77.7
1802,BENIGN,85.84
1803,BENIGN,71.43
1804,BENIGN,79.97
1805,BENIGN,84.31
1806,BENIGN,76.42
1807,BENIGN,70.42
1808,BENIGN,71.52
1809,BENIGN,77.35
1810,BENIGN,69.85
1811,BENIGN,70.71
1812,BENIGN,74.53
1813,BENIGN,71.31
1814,BENIGN,70.74
1815,BENIGN,71.11
1816,BENIGN,70.49
1817,BENIGN,75.81
1818,BENIGN,77.34
1819,BENIGN,70.91
1820,BENIGN,76.96
1821,BENIGN,69.73
1822,BENIGN,76.27
1823,BENIGN,82.53
1824,BENIGN,94.57
1825,BENIGN,92.17
1826,BENIGN,77.68
1827,BENIGN,68.81
1828,BENIGN,80.78
1829,BENIGN,70.62
1830,BENIGN,67.12
1831,BENIGN,70.45
1832,BENIGN,74.25
1833,BENIGN,72.73
1834,BENIGN,70.43
1835,BENIGN,74.9
1836,BENIGN,76.96
1837,BENIGN,82.54
1838,BENIGN,79.02
1839,BENIGN,70.17
1840,BENIGN,70.57
1841,BENIGN,88.74
1842,BENIGN,85.25
1843,BENIGN,71.57
1844,BENIGN,69.03
1845,BENIGN,77.25
1846,BENIGN,73.18
1847,BENIGN,84.79
1848,BENIGN,75.18
1849,BENIGN,69.39
1850,BENIGN,83.44
1851,BENIGN,69.39
1852,BENIGN,72.78
1853,BENIGN,77.95
1854,BENIGN,69.17
1855,BENIGN,68.61
1856,BENIGN,78.11
1857,BENIGN,74.42
1858,BENIGN,76.27
1859,BENIGN,81.57
1860,BENIGN,77.7
1861,BENIGN,81.32
1862,BENIGN,69.35
1863,BENIGN,78.28
1864,BENIGN,73.03
1865,BENIGN,70.92
1866,BENIGN,72.08
1867,BENIGN,69.7
1868,BENIGN,72.78
1869,BENIGN,69.96
1870,BENIGN,72.3
1871,BENIGN,70.63
1872,BENIGN,72.33
1873,BENIGN,72.33
1874,BENIGN,81.62
1875,BENIGN,72.77
1876,BENIGN,70.29
1877,BENIGN,69.63
1878,BENIGN,74.98
1879,BENIGN,68.24
1880,BENIGN,76.78
1881,BENIGN,68.59
1882,BENIGN,71.61
1883,BENIGN,68.09
1884,BENIGN,68.25
1885,BENIGN,68.16
1886,BENIGN,77.27
1887,BENIGN,79.93
1888,BENIGN,78.54
1889,BENIGN,69.08
1890,BENIGN,67.34
1891,BENIGN,75.29
1892,BENIGN,76.51
1893,BENIGN,67.98
1894,BENIGN,69.11
1895,BENIGN,69.51
1896,BENIGN,73.74
1897,BENIGN,69.1
1898,BENIGN,69.34
1899,BENIGN,70.16
1900,BENIGN,74.08
1901,BENIGN,70.85
1902,BENIGN,74.73
1903,BENIGN,87.75
1904,BENIGN,95.89
1905,BENIGN,88.25
1906,BENIGN,69.94
1907,BENIGN,74.06
1908,BENIGN,69.11
1909,BENIGN,68.54
1910,BENIGN,68.57
1911,BENIGN,75.84
1912,BENIGN,75.89
1913,BENIGN,75.52
1914,BENIGN,75.24
1915,BENIGN,75.8
1916,BENIGN,71.55
1917,BENIGN,80.25
1918,BENIGN,77.98
1919,BENIGN,78.9
1920,BENIGN,75.97
1921,BENIGN,68.51
1922,BENIGN,77.7
1923,BENIGN,89.79
1924,BENIGN,70.95
1925,BENIGN,75.02
1926,BENIGN,69.59
1927,BENIGN,76.46
1928,BENIGN,75.88
1929,BENIGN,73.08
1930,BENIGN,74.73
1931,BENIGN,70.53
1932,BENIGN,74.85
1933,BENIGN,71.32
1934,BENIGN,68.3
1935,BENIGN,69.33
1936,BENIGN,70.41
1937,BENIGN,69.15
1938,BENIGN,71.45
1939,BENIGN,76.77
1940,BENIGN,71.07
1941,BENIGN,75.67
1942,BENIGN,71.88
1943,BENIGN,69.74
1944,BENIGN,71.05
1945,BENIGN,81.86
1946,BENIGN,73.5
1947,BENIGN,75.98
1948,BENIGN,70.26
1949,BENIGN,80.08
1950,BENIGN,72.7
1951,BENIGN,75.85
1952,BENIGN,77.4
1953,BENIGN,73.8
1954,BENIGN,71.66
1955,BENIGN,77.63
1956,BENIGN,74.11
1957,BENIGN,69.0
1958,BENIGN,70.66
1959,BENIGN,69.07
1960,BENIGN,73.59
1961,BENIGN,76.56
1962,BENIGN,76.32
1963,BENIGN,72.09
1964,BENIGN,69.97
1965,BENIGN,71.05
1966,BENIGN,77.32
1967,BENIGN,71.39
1968,BENIGN,67.56
1969,BENIGN,68.46
1970,BENIGN,68.28
1971,BENIGN,70.13
1972,BENIGN,67.67
1973,BENIGN,67.63
1974,BENIGN,68.23
1975,BENIGN,72.11
1976,BENIGN,70.54
1977,BENIGN,79.88
1978,BENIGN,84.49
1979,BENIGN,71.82
1980,BENIGN,79.54
1981,BENIGN,76.23
1982,BENIGN,68.24
1983,BENIGN,82.13
1984,BENIGN,89.09
1985,BENIGN,94.05
1986,BENIGN,68.48
1987,BENIGN,73.79
1988,BENIGN,69.31
1989,BENIGN,69.14
1990,BENIGN,77.32
1991,BENIGN,84.28
1992,BENIGN,72.93
1993,BENIGN,73.08
1994,BENIGN,71.51
1995,BENIGN,68.92
1996,BENIGN,68.33
1997,BENIGN,74.8
1998,BENIGN,80.51
1999,BENIGN,81.73
2000,BENIGN,73.24
2001,BENIGN,72.83
2002,BENIGN,72.72
2003,BENIGN,73.17
2004,BENIGN,68.78
2005,BENIGN,62.27
2006,BENIGN,74.64
2007,BENIGN,81.08
2008,BENIGN,77.13
2009,BENIGN,77.63
2010,BENIGN,78.38
2011,BENIGN,85.9
2012,BENIGN,78.41
2013,BENIGN,73.55
2014,BENIGN,71.9
2015,BENIGN,71.47
2016,BENIGN,71.2
2017,BENIGN,79.46
2018,BENIGN,78.26
2019,BENIGN,81.01
2020,BENIGN,78.98
2021,BENIGN,74.51
2022,BENIGN,73.07
2023,BENIGN,76.42
2024,BENIGN,73.47
2025,BENIGN,73.03
2026,BENIGN,72.99
2027,BENIGN,78.57
2028,BENIGN,69.85
2029,BENIGN,70.9
2030,BENIGN,83.04
2031,BENIGN,69.34
2032,BENIGN,79.95
2033,BENIGN,77.27
2034,BENIGN,71.84
2035,BENIGN,80.67
2036,BENIGN,80.02
2037,BENIGN,73.43
2038,BENIGN,73.35
2039,BENIGN,76.12
2040,BENIGN,75.22
2041,BENIGN,75.59
2042,BENIGN,73.19
2043,BENIGN,70.77
2044,BENIGN,71.35
2045,BENIGN,74.38
2046,BENIGN,72.68
2047,BENIGN,69.16
2048,BENIGN,71.01
2049,BENIGN,76.06
2050,BENIGN,76.72
2051,BENIGN,87.26
2052,BENIGN,75.13
2053,BENIGN,72.47
2054,BENIGN,75.65
2055,BENIGN,82.64
2056,BENIGN,76.86
2057,BENIGN,72.07
2058,BENIGN,73.39
2059,BENIGN,77.88
2060,BENIGN,81.61
2061,BENIGN,72.52
2062,BENIGN,70.23
2063,BENIGN,76.22
2064,BENIGN,76.07
2065,BENIGN,72.84
2066,BENIGN,75.02
2067,BENIGN,72.73
2068,BENIGN,78.01
2069,BENIGN,70.13
2070,BENIGN,73.12
2071,BENIGN,69.22
2072,BENIGN,80.18
2073,BENIGN,70.31
2074,BENIGN,75.03
2075,BENIGN,77.48
2076,BENIGN,77.64
2077,BENIGN,89.76
2078,BENIGN,72.85
2079,BENIGN,78.52
2080,BENIGN,73.12
2081,BENIGN,73.26
2082,BENIGN,73.08
2083,BENIGN,83.33
2084,BENIGN,80.91
2085,BENIGN,74.37
2086,BENIGN,69.83
2087,BENIGN,68.65
2088,BENIGN,68.68
2089,BENIGN,72.48
2090,BENIGN,79.11
2091,BENIGN,68.74
2092,BENIGN,93.85
2093,BENIGN,84.09
2094,BENIGN,69.94
2095,BENIGN,82.16
2096,BENIGN,72.05
2097,BENIGN,81.34
2098,BENIGN,71.7
2099,BENIGN,71.29
2100,BENIGN,74.93
2101,BENIGN,77.43
2102,BENIGN,69.88
2103,BENIGN,78.56
2104,BENIGN,76.33
2105,BENIGN,74.75
2106,BENIGN,72.35
2107,BENIGN,74.89
2108,BENIGN,72.39
2109,BENIGN,74.21
2110,BENIGN,73.44
2111,BENIGN,70.53
2112,BENIGN,68.25
2113,BENIGN,76.21
2114,BENIGN,79.38
2115,BENIGN,73.34
2116,BENIGN,79.28
2117,BENIGN,70.59
2118,BENIGN,70.8
2119,BENIGN,70.14
2120,BENIGN,67.6
2121,BENIGN,67.46
2122,BENIGN,69.39
2123,BENIGN,71.0
2124,BENIGN,72.51
2125,BENIGN,71.44
2126,BENIGN,68.55
2127,BENIGN,68.65
2128,BENIGN,70.88
2129,BENIGN,81.36
2130,BENIGN,75.07
2131,BENIGN,82.39
2132,BENIGN,70.43
2133,BENIGN,72.06
2134,BENIGN,75.24
2135,BENIGN,78.32
2136,BENIGN,71.73
2137,BENIGN,69.69
2138,BENIGN,69.04
2139,BENIGN,73.4
2140,BENIGN,85.2
2141,BENIGN,72.5
2142,BENIGN,75.4
2143,BENIGN,70.42
2144,BENIGN,70.66
2145,BENIGN,81.51
2146,BENIGN,85.97
2147,BENIGN,71.6
2148,BENIGN,83.2
2149,BENIGN,76.06
2150,BENIGN,75.82
2151,BENIGN,72.76
2152,BENIGN,71.22
2153,BENIGN,75.82
2154,BENIGN,76.58
2155,BENIGN,86.83
2156,BENIGN,79.79
2157,BENIGN,69.45
2158,BENIGN,82.29
2159,BENIGN,84.1
2160,BENIGN,73.46
2161,BENIGN,70.04
2162,BENIGN,69.11
2163,BENIGN,75.73
2164,BENIGN,68.97
2165,BENIGN,52.39
2166,BENIGN,63.94
2167,BENIGN,68.71
2168,BENIGN,74.44
2169,BENIGN,69.81
2170,BENIGN,75.36
2171,BENIGN,71.04
2172,BENIGN,74.18
2173,BENIGN,73.41
2174,BENIGN,71.41
2175,BENIGN,75.59
2176,BENIGN,75.02
2177,BENIGN,68.54
2178,BENIGN,78.23
2179,BENIGN,78.3
2180,BENIGN,71.92
2181,BENIGN,81.51
2182,BENIGN,82.01
2183,BENIGN,76.37
2184,BENIGN,71.57
2185,BENIGN,78.34
2186,BENIGN,81.21
2187,BENIGN,70.11
2188,BENIGN,74.68
2189,BENIGN,70.47
2190,BENIGN,69.17
2191,BENIGN,73.12
2192,BENIGN,68.78
2193,BENIGN,70.46
2194,BENIGN,68.93
2195,BENIGN,81.99
2196,BENIGN,86.98
2197,BENIGN,79.75
2198,BENIGN,70.86
2199,BENIGN,68.64
2200,BENIGN,72.08
2201,BENIGN,73.88
2202,BENIGN,81.57
2203,BENIGN,70.2
2204,BENIGN,69.33
2205,BENIGN,75.23
2206,BENIGN,71.12
2207,BENIGN,71.83
2208,BENIGN,70.57
2209,BENIGN,72.02
2210,BENIGN,73.17
2211,BENIGN,76.08
2212,BENIGN,70.11
2213,BENIGN,72.52
2214,BENIGN,69.96
2215,BENIGN,71.74
2216,BENIGN,70.93
2217,BENIGN,74.1
2218,BENIGN,71.71
2219,BENIGN,70.39
2220,BENIGN,80.44
2221,BENIGN,75.88
2222,BENIGN,69.33
2223,BENIGN,70.06
2224,BENIGN,71.26
2225,BENIGN,68.73
2226,BENIGN,69.76
2227,BENIGN,71.29
2228,BENIGN,70.16
2229,BENIGN,68.71
2230,BENIGN,77.7
2231,BENIGN,72.65
2232,BENIGN,74.04
2233,BENIGN,70.69
2234,BENIGN,74.94
2235,BENIGN,74.11
2236,BENIGN,68.17
2237,BENIGN,74.96
2238,BENIGN,82.48
2239,BENIGN,71.03
2240,BENIGN,75.47
2241,BENIGN,74.25
2242,BENIGN,69.07
2243,BENIGN,73.72
2244,BENIGN,66.39
2245,BENIGN,74.42
2246,BENIGN,74.1
2247,BENIGN,74.25
2248,BENIGN,75.52
2249,ATTACK,63.1
2250,BENIGN,73.23
2251,BENIGN,63.33
2252,BENIGN,70.43
2253,BENIGN,70.81
2254,BENIGN,68.34
2255,BENIGN,65.18
2256,BENIGN,88.4
2257,BENIGN,68.72
2258,BENIGN,69.07
2259,BENIGN,68.23
2260,BENIGN,71.17
2261,BENIGN,65.96
2262,BENIGN,76.43
2263,BENIGN,70.3
2264,BENIGN,76.12
2265,BENIGN,68.32
2266,BENIGN,69.49
2267,BENIGN,83.12
2268,BENIGN,70.47
2269,BENIGN,73.66
2270,BENIGN,82.67
2271,BENIGN,77.85
2272,BENIGN,77.36
2273,BENIGN,78.54
2274,BENIGN,80.67
2275,BENIGN,76.88
2276,BENIGN,74.33
2277,BENIGN,68.79
2278,BENIGN,69.9
2279,BENIGN,68.81
2280,BENIGN,78.96
2281,BENIGN,83.75
2282,BENIGN,76.61
2283,BENIGN,70.4
2284,BENIGN,69.07
2285,BENIGN,70.71
2286,BENIGN,99.9
2287,BENIGN,75.54
2288,BENIGN,73.86
2289,BENIGN,70.16
2290,BENIGN,82.36
2291,BENIGN,73.86
2292,BENIGN,74.77
2293,BENIGN,73.26
2294,BENIGN,82.96
2295,BENIGN,71.96
2296,BENIGN,74.46
2297,BENIGN,73.44
2298,BENIGN,68.51
2299,BENIGN,72.66
2300,BENIGN,75.15
2301,BENIGN,83.5
2302,BENIGN,71.93
2303,BENIGN,69.96
2304,BENIGN,75.3
2305,BENIGN,70.95
2306,BENIGN,71.15
2307,BENIGN,77.68
2308,BENIGN,69.48
2309,BENIGN,71.61
2310,BENIGN,76.55
2311,BENIGN,81.48
2312,BENIGN,81.45
2313,BENIGN,69.79
2314,BENIGN,73.53
2315,BENIGN,74.21
2316,BENIGN,82.44
2317,BENIGN,74.29
2318,BENIGN,71.34
2319,BENIGN,76.44
2320,BENIGN,75.04
2321,BENIGN,71.2
2322,BENIGN,74.87
2323,BENIGN,79.49
2324,BENIGN,76.27
2325,BENIGN,72.91
2326,BENIGN,70.14
2327,BENIGN,78.72
2328,BENIGN,69.45
2329,BENIGN,71.52
2330,BENIGN,72.66
2331,BENIGN,73.85
2332,BENIGN,64.25
2333,BENIGN,76.07
2334,BENIGN,74.14
2335,BENIGN,78.89
2336,BENIGN,89.26
2337,BENIGN,73.01
2338,BENIGN,73.89
2339,BENIGN,82.17
2340,BENIGN,68.11
2341,BENIGN,70.82
2342,BENIGN,72.84
2343,BENIGN,68.74
2344,BENIGN,71.19
2345,BENIGN,69.5
2346,BENIGN,71.11
2347,BENIGN,70.72
2348,BENIGN,75.4
2349,BENIGN,74.24
2350,BENIGN,80.54
2351,BENIGN,76.94
2352,BENIGN,75.8
2353,BENIGN,73.31
2354,BENIGN,71.62
2355,BENIGN,73.67
2356,BENIGN,76.72
2357,BENIGN,70.46
2358,BENIGN,75.29
2359,BENIGN,79.04
2360,BENIGN,82.63
2361,BENIGN,75.78
2362,BENIGN,70.43
2363,BENIGN,74.56
2364,BENIGN,75.06
2365,BENIGN,77.6
2366,BENIGN,68.62
2367,BENIGN,70.86
2368,BENIGN,72.69
2369,BENIGN,68.84
2370,BENIGN,73.71
2371,BENIGN,68.23
2372,BENIGN,70.03
2373,BENIGN,72.23
2374,BENIGN,71.92
2375,BENIGN,72.49
2376,BENIGN,73.37
2377,BENIGN,70.98
2378,BENIGN,82.62
2379,BENIGN,86.79
2380,BENIGN,83.73
2381,BENIGN,74.61
2382,BENIGN,73.92
2383,BENIGN,75.16
2384,BENIGN,86.91
2385,BENIGN,79.74
2386,BENIGN,74.73
2387,BENIGN,78.84
2388,BENIGN,70.09
2389,BENIGN,87.12
2390,BENIGN,76.91
2391,BENIGN,69.68
2392,BENIGN,73.49
2393,BENIGN,72.38
2394,BENIGN,72.08
2395,BENIGN,71.58
2396,BENIGN,75.12
2397,BENIGN,71.02
2398,BENIGN,69.14
2399,BENIGN,72.35
2400,BENIGN,69.16
2401,BENIGN,71.23
2402,BENIGN,80.37
2403,BENIGN,78.05
2404,BENIGN,73.28
2405,BENIGN,80.7
2406,BENIGN,80.48
2407,BENIGN,70.83
2408,BENIGN,75.67
2409,BENIGN,78.89
2410,BENIGN,73.98
2411,BENIGN,71.72
2412,BENIGN,71.21
2413,BENIGN,70.14
2414,BENIGN,75.81
2415,BENIGN,71.45
2416,BENIGN,79.54
2417,BENIGN,76.38
2418,BENIGN,83.2
2419,BENIGN,69.65
2420,BENIGN,95.81
2421,BENIGN,71.6
2422,BENIGN,74.21
2423,BENIGN,69.39
2424,BENIGN,75.72
2425,BENIGN,72.94
2426,BENIGN,73.93
2427,BENIGN,72.74
2428,BENIGN,70.65
2429,BENIGN,82.98
2430,BENIGN,85.71
2431,BENIGN,69.18
2432,BENIGN,71.71
2433,BENIGN,78.16
2434,BENIGN,72.59
2435,BENIGN,72.65
2436,BENIGN,74.61
2437,BENIGN,73.79
2438,BENIGN,70.42
2439,BENIGN,72.08
2440,BENIGN,69.8
2441,BENIGN,84.39
2442,BENIGN,69.0
2443,BENIGN,72.54
2444,BENIGN,82.38
2445,BENIGN,70.94
2446,BENIGN,68.8
2447,BENIGN,70.27
2448,BENIGN,83.84
2449,BENIGN,77.19
2450,BENIGN,73.3
2451,BENIGN,79.08
2452,BENIGN,73.57
2453,BENIGN,68.99
2454,BENIGN,76.62
2455,BENIGN,75.0
2456,BENIGN,79.93
2457,BENIGN,80.69
2458,BENIGN,70.58
2459,BENIGN,76.99
2460,BENIGN,69.88
2461,BENIGN,73.23
2462,BENIGN,77.43
2463,BENIGN,70.08
2464,BENIGN,77.51
2465,BENIGN,78.13
2466,BENIGN,80.48
2467,BENIGN,76.28
2468,BENIGN,70.59
2469,BENIGN,70.43
2470,BENIGN,68.44
2471,BENIGN,68.35
2472,BENIGN,72.99
2473,BENIGN,81.35
2474,BENIGN,85.28
2475,BENIGN,69.13
2476,BENIGN,74.53
2477,BENIGN,68.81
2478,BENIGN,68.8
2479,BENIGN,68.56
2480,BENIGN,70.18
2481,BENIGN,74.57
2482,BENIGN,89.65
2483,BENIGN,75.87
2484,BENIGN,80.67
2485,BENIGN,78.82
2486,BENIGN,70.73
2487,BENIGN,69.54
2488,BENIGN,71.94
2489,BENIGN,71.78
2490,BENIGN,70.76
2491,BENIGN,73.95
2492,BENIGN,66.09
2493,BENIGN,68.37
2494,BENIGN,71.54
2495,BENIGN,78.78
2496,BENIGN,70.99
2497,BENIGN,70.15
2498,BENIGN,68.9
2499,BENIGN,67.9
2500,BENIGN,68.69
2501,BENIGN,72.56
2502,BENIGN,86.85
2503,BENIGN,66.49
2504,BENIGN,68.12
2505,BENIGN,73.78
2506,BENIGN,73.47
2507,BENIGN,82.59
2508,BENIGN,79.6
2509,BENIGN,72.01
2510,BENIGN,76.2
2511,BENIGN,78.02
2512,BENIGN,66.77
2513,BENIGN,71.19
2514,BENIGN,72.74
2515,BENIGN,75.67
2516,BENIGN,70.17
2517,BENIGN,70.92
2518,BENIGN,83.98
2519,BENIGN,70.94
2520,BENIGN,71.18
2521,BENIGN,71.9
2522,BENIGN,69.74
2523,BENIGN,75.85
2524,BENIGN,71.15
2525,BENIGN,73.53
2526,BENIGN,71.57
2527,BENIGN,71.47
2528,BENIGN,89.4
2529,BENIGN,86.28
2530,BENIGN,70.4
2531,BENIGN,80.18
2532,BENIGN,93.5
2533,BENIGN,67.36
2534,BENIGN,72.03
2535,BENIGN,71.55
2536,BENIGN,72.67
2537,BENIGN,71.31
2538,BENIGN,78.49
2539,BENIGN,73.93
2540,BENIGN,75.98
2541,BENIGN,81.04
2542,BENIGN,86.17
2543,BENIGN,72.74
2544,BENIGN,69.0
2545,BENIGN,86.44
2546,BENIGN,76.66
2547,BENIGN,79.39
2548,BENIGN,78.36
2549,BENIGN,73.89
2550,BENIGN,70.07
2551,BENIGN,72.65
2552,BENIGN,82.51
2553,BENIGN,76.57
2554,BENIGN,68.62
2555,BENIGN,73.14
2556,BENIGN,93.52
2557,BENIGN,65.92
2558,BENIGN,72.89
2559,BENIGN,73.05
2560,BENIGN,83.88
2561,BENIGN,67.73
2562,BENIGN,65.87
2563,BENIGN,68.94
2564,BENIGN,71.58
2565,BENIGN,74.75
2566,BENIGN,69.87
2567,BENIGN,69.25
2568,BENIGN,69.17
2569,BENIGN,72.85
2570,BENIGN,79.04
2571,BENIGN,79.05
2572,BENIGN,74.07
2573,BENIGN,73.58
2574,BENIGN,74.52
2575,BENIGN,80.5
2576,BENIGN,71.33
2577,BENIGN,76.17
2578,BENIGN,76.62
2579,BENIGN,80.5
2580,BENIGN,81.31
2581,BENIGN,74.76
2582,BENIGN,76.09
2583,BENIGN,69.28
2584,BENIGN,74.33
2585,BENIGN,72.74
2586,BENIGN,71.68
2587,BENIGN,96.82
2588,BENIGN,72.86
2589,BENIGN,77.64
2590,BENIGN,72.19
2591,BENIGN,67.65
2592,BENIGN,69.19
2593,BENIGN,70.48
2594,BENIGN,73.17
2595,BENIGN,74.96
2596,BENIGN,74.97
2597,BENIGN,70.61
2598,BENIGN,75.14
2599,BENIGN,70.95
2600,BENIGN,77.81
2601,BENIGN,74.66
2602,BENIGN,74.49
2603,BENIGN,76.21
2604,BENIGN,74.62
2605,BENIGN,73.45
2606,BENIGN,84.53
2607,BENIGN,70.25
2608,BENIGN,78.38
2609,BENIGN,71.19
2610,BENIGN,78.72
2611,BENIGN,70.33
2612,BENIGN,88.76
2613,BENIGN,73.81
2614,BENIGN,74.78
2615,BENIGN,69.1
2616,BENIGN,72.16
2617,BENIGN,73.87
2618,BENIGN,70.63
2619,BENIGN,69.88
2620,BENIGN,72.82
2621,BENIGN,77.19
2622,BENIGN,77.3
2623,BENIGN,72.27
2624,BENIGN,75.95
2625,BENIGN,68.81
2626,BENIGN,71.47
2627,BENIGN,77.16
2628,BENIGN,75.06
2629,BENIGN,70.22
2630,BENIGN,70.75
2631,BENIGN,79.15
2632,BENIGN,73.65
2633,BENIGN,73.07
2634,BENIGN,77.51
2635,BENIGN,78.25
2636,BENIGN,69.22
2637,BENIGN,74.24
2638,BENIGN,67.76
2639,BENIGN,85.5
2640,BENIGN,74.94
2641,BENIGN,77.14
2642,BENIGN,73.54
2643,BENIGN,72.48
2644,BENIGN,76.21
2645,BENIGN,71.18
2646,BENIGN,69.83
2647,BENIGN,80.79
2648,BENIGN,75.38
2649,BENIGN,72.1
2650,BENIGN,69.88
2651,BENIGN,74.38
2652,BENIGN,81.72
2653,BENIGN,76.11
2654,BENIGN,71.68
2655,BENIGN,69.38
2656,BENIGN,80.02
2657,BENIGN,69.28
2658,BENIGN,69.71
2659,BENIGN,71.09
2660,BENIGN,81.79
2661,BENIGN,85.92
2662,BENIGN,75.89
2663,BENIGN,79.8
2664,BENIGN,71.63
2665,BENIGN,73.32
2666,BENIGN,80.04
2667,BENIGN,76.77
2668,BENIGN,79.4
2669,BENIGN,77.32
2670,BENIGN,72.02
2671,BENIGN,74.47
2672,BENIGN,72.47
2673,BENIGN,70.94
2674,BENIGN,73.93
2675,BENIGN,68.2
2676,BENIGN,75.76
2677,BENIGN,67.16
2678,BENIGN,78.09
2679,BENIGN,76.26
2680,BENIGN,79.72
2681,BENIGN,74.83
2682,BENIGN,71.51
2683,BENIGN,71.69
2684,BENIGN,74.31
2685,BENIGN,70.48
2686,BENIGN,80.89
2687,BENIGN,71.95
2688,BENIGN,74.39
2689,BENIGN,75.45
2690,BENIGN,83.98
2691,BENIGN,80.98
2692,BENIGN,76.87
2693,BENIGN,71.26
2694,BENIGN,73.11
2695,BENIGN,82.02
2696,BENIGN,72.66
2697,BENIGN,69.75
2698,BENIGN,73.96
2699,BENIGN,70.95
2700,BENIGN,71.22
2701,BENIGN,79.44
2702,BENIGN,76.71
2703,BENIGN,74.65
2704,BENIGN,70.65
2705,BENIGN,75.54
2706,BENIGN,71.77
2707,BENIGN,71.49
2708,BENIGN,72.95
2709,BENIGN,74.53
2710,BENIGN,75.16
2711,BENIGN,72.8
2712,BENIGN,69.76
2713,BENIGN,76.52
2714,BENIGN,80.49
2715,BENIGN,83.35
2716,BENIGN,73.39
2717,BENIGN,72.21
2718,BENIGN,84.65
2719,BENIGN,74.52
2720,BENIGN,80.65
2721,BENIGN,71.37
2722,BENIGN,70.87
2723,BENIGN,79.64
2724,BENIGN,79.77
2725,BENIGN,70.77
2726,BENIGN,70.11
2727,BENIGN,69.97
2728,BENIGN,72.86
2729,BENIGN,71.64
2730,BENIGN,71.05
2731,BENIGN,68.25
2732,BENIGN,68.09
2733,BENIGN,74.3
2734,BENIGN,68.02
2735,BENIGN,68.85
2736,BENIGN,70.89
2737,BENIGN,68.82
2738,BENIGN,68.57
2739,BENIGN,69.83
2740,BENIGN,74.3
2741,BENIGN,86.46
2742,BENIGN,79.13
2743,BENIGN,77.87
2744,BENIGN,82.09
2745,BENIGN,70.66
2746,BENIGN,72.33
2747,BENIGN,71.06
2748,BENIGN,79.12
2749,BENIGN,75.36
2750,BENIGN,74.53
2751,BENIGN,74.84
2752,BENIGN,70.96
2753,BENIGN,66.29
2754,BENIGN,76.79
2755,BENIGN,78.57
2756,BENIGN,69.92
2757,BENIGN,75.03
2758,BENIGN,79.29
2759,BENIGN,70.28
2760,BENIGN,77.61
2761,BENIGN,69.97
2762,BENIGN,78.33
2763,BENIGN,70.19
2764,BENIGN,69.47
2765,BENIGN,78.99
2766,BENIGN,70.46
2767,BENIGN,71.73
2768,BENIGN,71.51
2769,BENIGN,69.68
2770,BENIGN,86.36
2771,BENIGN,74.24
2772,BENIGN,78.1
2773,BENIGN,79.46
2774,BENIGN,81.24
2775,BENIGN,69.83
2776,BENIGN,82.08
2777,BENIGN,80.89
2778,BENIGN,71.95
2779,BENIGN,75.37
2780,BENIGN,78.3
2781,BENIGN,76.21
2782,BENIGN,73.76
2783,BENIGN,70.45
2784,BENIGN,70.17
2785,BENIGN,70.82
2786,BENIGN,75.97
2787,BENIGN,70.83
2788,BENIGN,80.55
2789,BENIGN,75.15
2790,BENIGN,73.33
2791,BENIGN,74.05
2792,BENIGN,74.18
2793,BENIGN,85.98
2794,BENIGN,72.24
2795,BENIGN,73.69
2796,BENIGN,77.75
2797,BENIGN,74.07
2798,BENIGN,71.83
2799,BENIGN,75.46
2800,BENIGN,79.22
2801,BENIGN,70.08
2802,BENIGN,78.85
2803,BENIGN,78.43
2804,BENIGN,72.37
2805,BENIGN,68.59
2806,BENIGN,80.14
2807,BENIGN,75.63
2808,BENIGN,70.66
2809,BENIGN,72.28
2810,BENIGN,70.05
2811,BENIGN,71.63
2812,BENIGN,74.08
2813,BENIGN,94.7
2814,BENIGN,71.01
2815,BENIGN,72.77
2816,BENIGN,77.4
2817,BENIGN,73.71
2818,BENIGN,72.23
2819,BENIGN,72.8
2820,BENIGN,77.29
2821,BENIGN,71.97
2822,BENIGN,76.73
2823,BENIGN,75.07
2824,BENIGN,71.65
2825,BENIGN,74.26
2826,BENIGN,71.63
2827,BENIGN,76.88
2828,BENIGN,75.09
2829,BENIGN,73.9
2830,BENIGN,75.72
2831,BENIGN,74.96
2832,BENIGN,73.98
2833,BENIGN,71.87
2834,BENIGN,73.27
2835,BENIGN,74.3
2836,BENIGN,71.93
2837,BENIGN,75.93
2838,BENIGN,77.45
2839,BENIGN,82.19
2840,BENIGN,75.99
2841,BENIGN,70.03
2842,BENIGN,69.66
2843,BENIGN,79.82
2844,BENIGN,74.79
2845,BENIGN,70.98
2846,BENIGN,73.0
2847,BENIGN,75.81
2848,BENIGN,75.96
2849,BENIGN,74.88
2850,BENIGN,69.26
2851,BENIGN,72.81
2852,BENIGN,74.52
2853,BENIGN,72.3
2854,BENIGN,70.94
2855,BENIGN,70.4
2856,BENIGN,72.65
2857,BENIGN,73.28
2858,BENIGN,73.66
2859,BENIGN,71.49
2860,BENIGN,76.52
2861,BENIGN,70.07
2862,BENIGN,68.78
2863,BENIGN,83.35
2864,BENIGN,83.95
2865,BENIGN,70.36
2866,BENIGN,73.95
2867,BENIGN,77.03
2868,BENIGN,79.75
2869,BENIGN,73.2
2870,BENIGN,71.84
2871,BENIGN,78.54
2872,BENIGN,70.98
2873,BENIGN,71.34
2874,BENIGN,71.82
2875,BENIGN,71.58
2876,BENIGN,74.08
2877,BENIGN,69.46
2878,BENIGN,76.33
2879,BENIGN,68.4
2880,BENIGN,72.97
2881,BENIGN,77.0
2882,BENIGN,80.68
2883,BENIGN,68.54
2884,BENIGN,72.45
2885,BENIGN,88.84
2886,BENIGN,79.07
2887,BENIGN,76.08
2888,BENIGN,77.82
2889,BENIGN,80.98
2890,BENIGN,62.99
2891,BENIGN,70.46
2892,BENIGN,78.49
2893,BENIGN,81.02
2894,BENIGN,75.6
2895,BENIGN,70.29
2896,BENIGN,74.18
2897,BENIGN,89.95
2898,BENIGN,83.82
2899,BENIGN,69.81
2900,BENIGN,78.23
2901,BENIGN,73.86
2902,BENIGN,75.44
2903,BENIGN,74.47
2904,BENIGN,70.57
2905,BENIGN,72.25
2906,BENIGN,67.02
2907,BENIGN,73.54
2908,BENIGN,69.21
2909,BENIGN,70.13
2910,BENIGN,74.24
2911,BENIGN,69.8
2912,BENIGN,70.0
2913,BENIGN,69.64
2914,BENIGN,80.21
2915,BENIGN,81.5
2916,BENIGN,65.08
2917,BENIGN,64.67
2918,BENIGN,71.51
2919,BENIGN,72.82
2920,BENIGN,71.11
2921,BENIGN,70.8
2922,BENIGN,72.77
2923,BENIGN,70.78
2924,BENIGN,72.04
2925,BENIGN,71.5
2926,BENIGN,72.02
2927,BENIGN,70.0
2928,BENIGN,81.47
2929,BENIGN,76.47
2930,BENIGN,79.73
2931,BENIGN,78.25
2932,BENIGN,71.77
2933,BENIGN,67.93
2934,BENIGN,68.18
2935,BENIGN,79.36
2936,BENIGN,70.85
2937,BENIGN,69.2
2938,BENIGN,80.63
2939,BENIGN,74.92
2940,BENIGN,68.67
2941,BENIGN,73.66
2942,BENIGN,75.76
2943,BENIGN,71.2
2944,BENIGN,74.07
2945,BENIGN,71.39
2946,BENIGN,74.79
2947,BENIGN,72.78
2948,BENIGN,70.82
2949,BENIGN,71.47
2950,BENIGN,70.83
2951,BENIGN,84.95
2952,BENIGN,80.51
2953,BENIGN,73.31
2954,BENIGN,78.2
2955,BENIGN,75.79
2956,BENIGN,68.82
2957,BENIGN,68.47
2958,BENIGN,80.69
2959,BENIGN,68.5
2960,BENIGN,69.31
2961,BENIGN,94.52
2962,BENIGN,68.54
2963,BENIGN,74.86
2964,BENIGN,77.02
2965,BENIGN,73.18
2966,BENIGN,77.49
2967,BENIGN,69.25
2968,BENIGN,73.27
2969,BENIGN,75.56
2970,BENIGN,69.05
2971,BENIGN,71.58
2972,BENIGN,72.49
2973,BENIGN,72.92
2974,BENIGN,70.54
2975,BENIGN,70.33
2976,BENIGN,83.18
2977,BENIGN,85.25
2978,BENIGN,70.7
2979,BENIGN,92.82
2980,BENIGN,75.59
2981,BENIGN,70.24
2982,BENIGN,75.3
2983,BENIGN,73.02
2984,BENIGN,79.99
2985,BENIGN,68.95
2986,BENIGN,78.22
2987,BENIGN,75.87
2988,BENIGN,83.38
2989,BENIGN,73.98
2990,BENIGN,70.89
2991,BENIGN,71.43
2992,BENIGN,68.17
2993,BENIGN,80.85
2994,BENIGN,74.39
2995,BENIGN,73.4
2996,BENIGN,69.6
2997,BENIGN,78.54
2998,BENIGN,90.57
2999,BENIGN,70.03
3000,BENIGN,68.13
3001,BENIGN,69.42
3002,BENIGN,69.09
3003,BENIGN,70.55
3004,BENIGN,69.07
3005,BENIGN,82.68
3006,BENIGN,71.64
3007,BENIGN,78.45
3008,BENIGN,73.28
3009,BENIGN,69.86
3010,BENIGN,68.91
3011,BENIGN,71.09
3012,BENIGN,74.33
3013,BENIGN,77.33
3014,BENIGN,68.69
3015,BENIGN,73.2
3016,BENIGN,73.04
3017,BENIGN,80.76
3018,BENIGN,78.48
3019,BENIGN,70.25
3020,BENIGN,83.96
3021,BENIGN,70.85
3022,BENIGN,73.97
3023,BENIGN,70.74
3024,BENIGN,68.71
3025,BENIGN,70.93
3026,BENIGN,71.39
3027,BENIGN,70.1
3028,BENIGN,70.76
3029,BENIGN,83.75
3030,BENIGN,77.56
3031,BENIGN,69.82
3032,BENIGN,70.16
3033,BENIGN,73.49
3034,BENIGN,68.45
3035,BENIGN,71.34
3036,BENIGN,71.2
3037,BENIGN,73.31
3038,BENIGN,72.25
3039,BENIGN,74.33
3040,BENIGN,73.89
3041,BENIGN,80.0
3042,BENIGN,79.52
3043,BENIGN,79.38
3044,BENIGN,74.28
3045,BENIGN,71.86
3046,BENIGN,71.9
3047,BENIGN,69.72
3048,BENIGN,73.48
3049,BENIGN,71.14
3050,BENIGN,70.37
3051,BENIGN,74.47
3052,BENIGN,76.26
3053,BENIGN,71.06
3054,BENIGN,73.09
3055,BENIGN,75.4
3056,BENIGN,81.35
3057,BENIGN,70.47
3058,BENIGN,82.79
3059,BENIGN,73.48
3060,BENIGN,70.37
3061,BENIGN,68.4
3062,BENIGN,72.87
3063,BENIGN,73.28
3064,BENIGN,70.7
3065,BENIGN,68.97
3066,BENIGN,70.42
3067,BENIGN,74.3
3068,BENIGN,81.35
3069,BENIGN,72.61
3070,BENIGN,83.03
3071,BENIGN,71.46
3072,BENIGN,74.25
3073,BENIGN,85.59
3074,BENIGN,70.07
3075,BENIGN,73.29
3076,BENIGN,70.5
3077,BENIGN,82.36
3078,BENIGN,87.32
3079,BENIGN,74.9
3080,BENIGN,78.1
3081,BENIGN,71.38
3082,BENIGN,76.49
3083,BENIGN,72.48
3084,BENIGN,74.29
3085,BENIGN,70.89
3086,BENIGN,72.76
3087,BENIGN,71.34
3088,BENIGN,71.95
3089,BENIGN,69.17
3090,BENIGN,70.64
3091,BENIGN,71.48
3092,BENIGN,71.57
3093,BENIGN,68.76
3094,BENIGN,71.3
3095,BENIGN,69.33
3096,BENIGN,70.92
3097,BENIGN,69.96
3098,BENIGN,81.25
3099,BENIGN,70.94
3100,BENIGN,76.26
3101,BENIGN,69.75
3102,BENIGN,70.71
3103,BENIGN,70.36
3104,BENIGN,76.05
3105,BENIGN,68.8
3106,BENIGN,69.86
3107,BENIGN,75.45
3108,BENIGN,72.18
3109,BENIGN,68.16
3110,BENIGN,93.48
3111,BENIGN,68.28
3112,BENIGN,82.47
3113,BENIGN,86.3
3114,BENIGN,74.03
3115,BENIGN,90.83
3116,BENIGN,68.23
3117,BENIGN,71.23
3118,BENIGN,94.59
3119,BENIGN,71.87
3120,BENIGN,75.86
3121,BENIGN,75.97
3122,BENIGN,90.92
3123,BENIGN,74.58
3124,BENIGN,69.46
3125,BENIGN,69.33
3126,BENIGN,74.8
3127,BENIGN,74.2
3128,BENIGN,73.59
3129,BENIGN,86.85
3130,BENIGN,70.65
3131,BENIGN,74.01
3132,BENIGN,80.48
3133,BENIGN,76.3
3134,BENIGN,69.62
3135,BENIGN,75.26
3136,BENIGN,71.54
3137,BENIGN,70.08
3138,BENIGN,73.34
3139,BENIGN,75.29
3140,BENIGN,77.34
3141,BENIGN,71.78
3142,BENIGN,69.59
3143,BENIGN,71.65
3144,BENIGN,71.11
3145,BENIGN,70.99
3146,BENIGN,84.4
3147,BENIGN,74.85
3148,BENIGN,74.67
3149,BENIGN,70.78
3150,BENIGN,78.27
3151,BENIGN,82.49
3152,BENIGN,70.76
3153,BENIGN,70.24
3154,BENIGN,69.19
3155,BENIGN,69.29
3156,BENIGN,76.77
3157,BENIGN,69.46
3158,BENIGN,76.41
3159,BENIGN,86.21
3160,BENIGN,69.4
3161,BENIGN,84.0
3162,BENIGN,70.99
3163,BENIGN,78.9
3164,BENIGN,70.83
3165,BENIGN,69.23
3166,BENIGN,79.5
3167,BENIGN,70.57
3168,BENIGN,68.86
3169,BENIGN,74.88
3170,BENIGN,79.31
3171,BENIGN,75.9
3172,BENIGN,69.51
3173,BENIGN,76.14
3174,BENIGN,78.79
3175,BENIGN,72.56
3176,BENIGN,84.42
3177,BENIGN,78.34
3178,BENIGN,68.59
3179,BENIGN,67.6
3180,BENIGN,71.25
3181,BENIGN,69.18
3182,BENIGN,69.64
3183,BENIGN,78.23
3184,BENIGN,82.04
3185,BENIGN,70.21
3186,BENIGN,71.7
3187,BENIGN,70.73
3188,BENIGN,71.84
3189,BENIGN,69.59
3190,BENIGN,79.57
3191,BENIGN,70.77
3192,BENIGN,83.47
3193,BENIGN,70.76
3194,BENIGN,68.09
3195,BENIGN,75.44
3196,BENIGN,80.73
3197,BENIGN,68.5
3198,BENIGN,70.34
3199,BENIGN,70.23
3200,BENIGN,82.23
3201,BENIGN,69.69
3202,BENIGN,68.78
3203,BENIGN,69.42
3204,BENIGN,69.79
3205,BENIGN,92.0
3206,BENIGN,71.87
3207,BENIGN,72.97
3208,BENIGN,67.9
3209,BENIGN,67.73
3210,BENIGN,68.07
3211,BENIGN,72.17
3212,BENIGN,73.08
3213,BENIGN,81.43
3214,BENIGN,75.28
3215,BENIGN,70.37
3216,BENIGN,68.29
3217,BENIGN,85.72
3218,BENIGN,69.94
3219,BENIGN,70.54
3220,BENIGN,69.83
3221,BENIGN,91.63
3222,BENIGN,72.55
3223,BENIGN,81.9
3224,BENIGN,72.13
3225,BENIGN,73.93
3226,BENIGN,73.89
3227,BENIGN,68.29
3228,BENIGN,91.37
3229,BENIGN,70.1
3230,BENIGN,71.44
3231,BENIGN,72.99
3232,BENIGN,80.86
3233,BENIGN,74.11
3234,BENIGN,68.36
3235,BENIGN,76.35
3236,BENIGN,74.67
3237,BENIGN,82.81
3238,BENIGN,73.82
3239,BENIGN,68.0
3240,BENIGN,95.09
3241,BENIGN,72.86
3242,BENIGN,79.8
3243,BENIGN,89.35
3244,BENIGN,72.5
3245,BENIGN,74.2
3246,BENIGN,72.86
3247,BENIGN,74.78
3248,BENIGN,75.23
3249,BENIGN,81.99
3250,BENIGN,70.61
3251,BENIGN,70.94
3252,BENIGN,80.46
3253,BENIGN,72.26
3254,BENIGN,69.74
3255,BENIGN,99.37
3256,BENIGN,72.8
3257,BENIGN,69.78
3258,BENIGN,70.83
3259,BENIGN,71.48
3260,BENIGN,70.02
3261,BENIGN,74.4
3262,BENIGN,70.82
3263,BENIGN,69.27
3264,BENIGN,70.45
3265,BENIGN,75.31
3266,BENIGN,72.31
3267,BENIGN,70.2
3268,BENIGN,70.96
3269,BENIGN,74.61
3270,BENIGN,76.0
3271,BENIGN,80.5
3272,BENIGN,77.0
3273,BENIGN,73.24
3274,BENIGN,71.35
3275,BENIGN,85.27
3276,BENIGN,74.99
3277,BENIGN,69.62
3278,BENIGN,71.21
3279,BENIGN,70.66
3280,BENIGN,77.73
3281,BENIGN,70.25
3282,BENIGN,73.81
3283,BENIGN,69.5
3284,BENIGN,69.49
3285,BENIGN,71.55
3286,BENIGN,75.85
3287,BENIGN,72.06
3288,BENIGN,86.7
3289,BENIGN,82.66
3290,BENIGN,73.81
3291,BENIGN,81.63
3292,BENIGN,70.48
3293,BENIGN,70.17
3294,BENIGN,81.01
3295,BENIGN,73.37
3296,BENIGN,73.9
3297,BENIGN,69.54
3298,BENIGN,79.65
3299,BENIGN,78.79
3300,BENIGN,72.67
3301,BENIGN,69.33
3302,BENIGN,69.02
3303,BENIGN,77.62
3304,BENIGN,69.86
3305,BENIGN,77.88
3306,BENIGN,70.9
3307,BENIGN,80.44
3308,BENIGN,71.83
3309,BENIGN,76.27
3310,BENIGN,70.56
3311,BENIGN,74.39
3312,BENIGN,72.21
3313,BENIGN,71.75
3314,BENIGN,70.17
3315,BENIGN,69.82
3316,BENIGN,74.16
3317,BENIGN,70.59
3318,BENIGN,71.14
3319,BENIGN,70.0
3320,BENIGN,71.0
3321,BENIGN,71.14
3322,BENIGN,85.11
3323,BENIGN,81.07
3324,BENIGN,90.39
3325,BENIGN,86.43
3326,BENIGN,89.39
3327,BENIGN,69.17
3328,BENIGN,71.32
3329,BENIGN,76.18
3330,BENIGN,80.27
3331,BENIGN,71.0
3332,BENIGN,80.31
3333,BENIGN,86.61
3334,BENIGN,73.51
3335,BENIGN,80.93
3336,BENIGN,70.3
3337,BENIGN,70.71
3338,BENIGN,71.07
3339,BENIGN,80.34
3340,BENIGN,74.04
3341,BENIGN,69.36
3342,BENIGN,71.1
3343,BENIGN,75.95
3344,BENIGN,70.2
3345,BENIGN,73.22
3346,BENIGN,73.06
3347,BENIGN,70.8
3348,BENIGN,70.32
3349,BENIGN,76.89
3350,BENIGN,71.03
3351,BENIGN,70.22
3352,BENIGN,72.88
3353,BENIGN,88.16
3354,BENIGN,70.1
3355,BENIGN,74.09
3356,BENIGN,75.58
3357,BENIGN,69.86
3358,BENIGN,73.56
3359,BENIGN,68.37
3360,BENIGN,82.69
3361,BENIGN,70.74
3362,BENIGN,68.66
3363,BENIGN,81.39
3364,BENIGN,68.72
3365,BENIGN,70.15
3366,BENIGN,77.93
3367,BENIGN,69.0
3368,BENIGN,80.72
3369,BENIGN,68.93
3370,BENIGN,72.77
3371,BENIGN,77.05
3372,BENIGN,72.52
3373,BENIGN,72.7
3374,BENIGN,74.22
3375,BENIGN,76.39
3376,BENIGN,70.59
3377,BENIGN,67.84
3378,BENIGN,72.89
3379,BENIGN,72.47
3380,BENIGN,70.2
3381,BENIGN,72.42
3382,BENIGN,72.27
3383,BENIGN,71.15
3384,BENIGN,71.56
3385,BENIGN,73.06
3386,BENIGN,82.29
3387,BENIGN,73.13
3388,BENIGN,72.79
3389,BENIGN,71.64
3390,BENIGN,70.57
3391,BENIGN,67.65
3392,BENIGN,72.49
3393,BENIGN,72.79
3394,BENIGN,69.72
3395,BENIGN,72.27
3396,BENIGN,73.73
3397,BENIGN,69.8
3398,BENIGN,75.03
3399,BENIGN,78.41
3400,BENIGN,71.39
3401,BENIGN,74.67
3402,BENIGN,70.69
3403,BENIGN,72.65
3404,BENIGN,67.78
3405,BENIGN,73.77
3406,BENIGN,71.36
3407,BENIGN,73.36
3408,BENIGN,74.71
3409,BENIGN,73.61
3410,BENIGN,74.19
3411,BENIGN,73.26
3412,BENIGN,79.99
3413,BENIGN,81.22
3414,BENIGN,72.85
3415,BENIGN,70.37
3416,BENIGN,75.06
3417,BENIGN,69.85
3418,BENIGN,71.02
3419,BENIGN,69.98
3420,BENIGN,70.33
3421,BENIGN,71.51
3422,BENIGN,70.0
3423,BENIGN,80.39
3424,BENIGN,72.73
3425,BENIGN,69.98
3426,BENIGN,70.0
3427,BENIGN,72.6
3428,BENIGN,83.62
3429,BENIGN,74.42
3430,BENIGN,80.08
3431,BENIGN,73.57
3432,BENIGN,69.87
3433,BENIGN,75.38
3434,BENIGN,70.39
3435,BENIGN,71.78
3436,BENIGN,72.3
3437,BENIGN,68.89
3438,BENIGN,69.89
3439,BENIGN,68.88
3440,BENIGN,71.95
3441,BENIGN,74.76
3442,BENIGN,68.66
3443,BENIGN,75.03
3444,BENIGN,70.57
3445,BENIGN,70.09
3446,BENIGN,74.45
3447,BENIGN,74.62
3448,BENIGN,68.67
3449,BENIGN,69.62
3450,BENIGN,77.48
3451,BENIGN,81.17
3452,BENIGN,76.83
3453,BENIGN,72.01
3454,BENIGN,68.4
3455,BENIGN,69.17
3456,BENIGN,71.11
3457,BENIGN,71.22
3458,BENIGN,70.93
3459,BENIGN,82.73
3460,BENIGN,72.53
3461,BENIGN,77.07
3462,BENIGN,68.94
3463,BENIGN,69.53
3464,BENIGN,70.3
3465,BENIGN,74.53
3466,BENIGN,69.58
3467,BENIGN,68.8
3468,BENIGN,72.64
3469,BENIGN,70.29
3470,BENIGN,77.23
3471,BENIGN,69.2
3472,BENIGN,70.95
3473,BENIGN,72.94
3474,BENIGN,72.22
3475,BENIGN,72.17
3476,BENIGN,69.59
3477,BENIGN,68.93
3478,BENIGN,73.44
3479,BENIGN,69.53
3480,BENIGN,69.06
3481,BENIGN,98.36
3482,BENIGN,68.57
3483,BENIGN,79.35
3484,BENIGN,73.64
3485,BENIGN,69.08
3486,BENIGN,71.28
3487,BENIGN,70.75
3488,BENIGN,71.11
3489,BENIGN,75.65
3490,BENIGN,71.68
3491,BENIGN,67.77
3492,BENIGN,83.79
3493,BENIGN,79.11
3494,BENIGN,71.25
3495,BENIGN,68.91
3496,BENIGN,72.47
3497,BENIGN,79.32
3498,BENIGN,73.22
3499,BENIGN,68.97
3500,BENIGN,71.56
3501,BENIGN,76.15
3502,BENIGN,75.41
3503,BENIGN,73.12
3504,BENIGN,75.81
3505,BENIGN,86.39
3506,BENIGN,68.37
3507,BENIGN,72.42
3508,BENIGN,68.35
3509,BENIGN,71.1
3510,BENIGN,68.95
3511,BENIGN,77.58
3512,BENIGN,67.94
3513,BENIGN,71.73
3514,BENIGN,71.15
3515,BENIGN,71.03
3516,BENIGN,67.48
3517,BENIGN,72.42
3518,BENIGN,68.47
3519,BENIGN,70.37
3520,BENIGN,70.11
3521,BENIGN,68.69
3522,BENIGN,68.39
3523,BENIGN,71.19
3524,BENIGN,69.6
3525,BENIGN,69.76
3526,BENIGN,71.6
3527,BENIGN,69.36
3528,BENIGN,73.56
3529,BENIGN,74.95
3530,BENIGN,79.9
3531,BENIGN,68.16
3532,BENIGN,69.01
3533,BENIGN,74.62
3534,BENIGN,70.17
3535,BENIGN,80.29
3536,BENIGN,78.68
3537,BENIGN,74.15
3538,BENIGN,75.98
3539,BENIGN,68.51
3540,BENIGN,73.97
3541,BENIGN,74.46
3542,BENIGN,81.03
3543,BENIGN,68.54
3544,BENIGN,78.68
3545,BENIGN,69.29
3546,BENIGN,68.68
3547,BENIGN,70.47
3548,BENIGN,72.06
3549,BENIGN,68.99
3550,BENIGN,70.25
3551,BENIGN,70.68
3552,BENIGN,69.16
3553,BENIGN,69.18
3554,BENIGN,69.47
3555,BENIGN,70.32
3556,BENIGN,76.19
3557,BENIGN,83.15
3558,BENIGN,69.9
3559,BENIGN,70.39
3560,BENIGN,69.22
3561,BENIGN,71.39
3562,BENIGN,70.48
3563,BENIGN,72.41
3564,BENIGN,69.16
3565,BENIGN,70.79
3566,BENIGN,69.81
3567,BENIGN,70.59
3568,BENIGN,68.38
3569,BENIGN,68.75
3570,BENIGN,71.53
3571,BENIGN,82.94
3572,BENIGN,69.89
3573,BENIGN,75.46
3574,BENIGN,75.37
3575,BENIGN,74.22
3576,BENIGN,72.99
3577,BENIGN,70.21
3578,BENIGN,69.81
3579,BENIGN,70.84
3580,BENIGN,70.29
3581,BENIGN,72.34
3582,BENIGN,77.98
3583,BENIGN,72.48
3584,BENIGN,79.37
3585,BENIGN,71.6
3586,BENIGN,72.2
3587,BENIGN,70.22
3588,BENIGN,71.3
3589,BENIGN,71.29
3590,BENIGN,74.3
3591,BENIGN,75.67
3592,BENIGN,73.52
3593,BENIGN,86.73
3594,BENIGN,87.33
3595,BENIGN,71.3
3596,BENIGN,69.24
3597,BENIGN,74.29
3598,BENIGN,77.07
3599,BENIGN,72.7
3600,BENIGN,72.08
3601,BENIGN,70.34
3602,BENIGN,71.25
3603,BENIGN,75.42
3604,BENIGN,74.38
3605,BENIGN,74.03
3606,BENIGN,72.01
3607,BENIGN,71.15
3608,BENIGN,71.23
3609,BENIGN,68.87
3610,BENIGN,74.43
3611,BENIGN,71.92
3612,BENIGN,75.58
3613,BENIGN,72.15
3614,BENIGN,71.84
3615,BENIGN,74.79
3616,BENIGN,72.82
3617,BENIGN,70.24
3618,BENIGN,69.52
3619,BENIGN,67.87
3620,BENIGN,81.32
3621,BENIGN,74.85
3622,BENIGN,72.39
3623,BENIGN,71.24
3624,BENIGN,67.82
3625,BENIGN,70.21
3626,BENIGN,79.34
3627,BENIGN,75.67
3628,BENIGN,69.13
3629,BENIGN,66.0
3630,BENIGN,68.82
3631,BENIGN,71.3
3632,BENIGN,69.81
3633,BENIGN,75.68
3634,BENIGN,74.73
3635,BENIGN,69.27
3636,BENIGN,69.69
3637,BENIGN,71.03
3638,BENIGN,79.85
3639,BENIGN,72.56
3640,BENIGN,72.93
3641,BENIGN,70.23
3642,BENIGN,72.84
3643,BENIGN,74.46
3644,BENIGN,79.97
3645,BENIGN,72.73
3646,BENIGN,68.74
3647,BENIGN,78.4
3648,BENIGN,78.94
3649,BENIGN,71.99
3650,BENIGN,69.73
3651,BENIGN,74.5
3652,BENIGN,71.46
3653,BENIGN,81.66
3654,BENIGN,72.44
3655,BENIGN,71.87
3656,BENIGN,75.55
3657,BENIGN,80.53
3658,BENIGN,71.7
3659,BENIGN,76.41
3660,BENIGN,69.72
3661,BENIGN,71.53
3662,BENIGN,71.28
3663,BENIGN,75.36
3664,BENIGN,71.5
3665,BENIGN,70.54
3666,BENIGN,72.71
3667,BENIGN,69.72
3668,BENIGN,72.57
3669,BENIGN,72.41
3670,BENIGN,73.41
3671,BENIGN,73.84
3672,BENIGN,76.86
3673,BENIGN,73.5
3674,BENIGN,89.26
3675,BENIGN,69.73
3676,BENIGN,76.27
3677,BENIGN,74.4
3678,BENIGN,79.63
3679,BENIGN,70.46
3680,BENIGN,70.38
3681,BENIGN,73.4
3682,BENIGN,70.73
3683,BENIGN,73.0
3684,BENIGN,83.5
3685,BENIGN,83.77
3686,BENIGN,71.13
3687,BENIGN,75.71
3688,BENIGN,74.77
3689,BENIGN,74.81
3690,BENIGN,74.87
3691,BENIGN,74.77
3692,BENIGN,80.42
3693,BENIGN,69.96
3694,BENIGN,74.75
3695,BENIGN,68.38
3696,BENIGN,72.95
3697,BENIGN,69.71
3698,BENIGN,72.02
3699,BENIGN,73.56
3700,BENIGN,74.34
3701,BENIGN,77.51
3702,BENIGN,71.11
3703,BENIGN,72.0
3704,BENIGN,69.78
3705,BENIGN,75.73
3706,BENIGN,75.13
3707,BENIGN,69.36
3708,BENIGN,72.21
3709,BENIGN,70.4
3710,BENIGN,73.21
3711,BENIGN,71.01
3712,BENIGN,67.41
3713,BENIGN,71.51
3714,BENIGN,88.92
3715,BENIGN,71.43
3716,BENIGN,76.83
3717,BENIGN,70.63
3718,BENIGN,85.78
3719,BENIGN,70.38
3720,BENIGN,69.02
3721,BENIGN,83.92
3722,BENIGN,74.1
3723,BENIGN,70.38
3724,BENIGN,74.03
3725,BENIGN,69.4
3726,BENIGN,72.01
3727,BENIGN,69.34
3728,BENIGN,74.92
3729,BENIGN,59.89
3730,BENIGN,76.63
3731,BENIGN,82.02
3732,BENIGN,72.43
3733,BENIGN,69.69
3734,BENIGN,69.59
3735,BENIGN,71.64
3736,BENIGN,81.19
3737,BENIGN,78.18
3738,BENIGN,70.65
3739,BENIGN,84.94
3740,BENIGN,81.85
3741,BENIGN,72.14
3742,BENIGN,69.46
3743,BENIGN,71.63
3744,BENIGN,72.5
3745,BENIGN,72.19
3746,BENIGN,78.24
3747,BENIGN,81.95
3748,BENIGN,71.41
3749,BENIGN,72.43
3750,BENIGN,79.13
3751,BENIGN,69.5
3752,BENIGN,69.82
3753,BENIGN,79.22
3754,BENIGN,83.44
3755,BENIGN,75.35
3756,BENIGN,75.09
3757,BENIGN,70.82
3758,BENIGN,70.31
3759,BENIGN,70.46
3760,BENIGN,80.18
3761,BENIGN,78.56
3762,BENIGN,70.93
3763,BENIGN,70.72
3764,BENIGN,68.33
3765,BENIGN,71.31
3766,BENIGN,75.97
3767,BENIGN,72.89
3768,BENIGN,70.17
3769,BENIGN,72.33
3770,BENIGN,83.22
3771,BENIGN,73.5
3772,BENIGN,69.93
3773,BENIGN,74.0
3774,BENIGN,73.53
3775,BENIGN,71.81
3776,BENIGN,70.57
3777,BENIGN,69.74
3778,BENIGN,70.04
3779,BENIGN,66.01
3780,BENIGN,69.87
3781,BENIGN,71.05
3782,BENIGN,71.06
3783,BENIGN,73.07
3784,BENIGN,74.54
3785,BENIGN,79.52
3786,BENIGN,68.62
3787,BENIGN,70.73
3788,BENIGN,77.38
3789,BENIGN,70.8
3790,BENIGN,70.46
3791,BENIGN,81.58
3792,BENIGN,72.57
3793,BENIGN,76.73
3794,BENIGN,71.08
3795,BENIGN,70.35
3796,BENIGN,57.86
3797,BENIGN,71.03
3798,BENIGN,70.28
3799,BENIGN,69.22
3800,BENIGN,70.07
3801,BENIGN,71.91
3802,BENIGN,66.65
3803,BENIGN,71.56
3804,BENIGN,72.25
3805,BENIGN,74.53
3806,BENIGN,72.53
3807,BENIGN,69.98
3808,BENIGN,76.16
3809,BENIGN,72.27
3810,BENIGN,76.58
3811,BENIGN,71.96
3812,BENIGN,72.59
3813,BENIGN,72.83
3814,BENIGN,73.92
3815,BENIGN,77.87
3816,BENIGN,71.4
3817,BENIGN,72.68
3818,BENIGN,87.0
3819,BENIGN,75.33
3820,BENIGN,75.45
3821,BENIGN,73.13
3822,BENIGN,70.39
3823,BENIGN,68.83
3824,BENIGN,71.3
3825,BENIGN,72.63
3826,BENIGN,79.5
3827,BENIGN,70.26
3828,BENIGN,71.66
3829,BENIGN,75.36
3830,BENIGN,70.83
3831,BENIGN,72.8
3832,BENIGN,73.13
3833,BENIGN,90.03
3834,BENIGN,79.14
3835,BENIGN,72.86
3836,BENIGN,74.54
3837,BENIGN,77.67
3838,BENIGN,71.16
3839,BENIGN,69.16
3840,BENIGN,69.07
3841,BENIGN,79.7
3842,BENIGN,69.46
3843,BENIGN,70.48
3844,BENIGN,71.15
3845,BENIGN,72.4
3846,BENIGN,71.01
3847,BENIGN,72.21
3848,BENIGN,74.55
3849,BENIGN,71.99
3850,BENIGN,67.98
3851,BENIGN,80.19
3852,BENIGN,73.92
3853,BENIGN,83.0
3854,BENIGN,70.93
3855,BENIGN,72.67
3856,BENIGN,70.35
3857,BENIGN,79.15
3858,BENIGN,78.14
3859,BENIGN,71.11
3860,BENIGN,75.54
3861,BENIGN,69.22
3862,BENIGN,69.96
3863,BENIGN,71.62
3864,BENIGN,69.63
3865,BENIGN,71.59
3866,BENIGN,76.4
3867,BENIGN,86.31
3868,BENIGN,74.2
3869,BENIGN,71.45
3870,BENIGN,72.95
3871,BENIGN,73.02
3872,BENIGN,69.35
3873,BENIGN,70.52
3874,BENIGN,78.78
3875,BENIGN,75.11
3876,BENIGN,69.72
3877,BENIGN,69.46
3878,BENIGN,74.44
3879,BENIGN,71.48
3880,BENIGN,82.09
3881,BENIGN,68.23
3882,BENIGN,69.39
3883,BENIGN,77.21
3884,BENIGN,72.11
3885,BENIGN,75.43
3886,BENIGN,72.5
3887,BENIGN,71.11
3888,BENIGN,76.78
3889,BENIGN,69.63
3890,BENIGN,70.49
3891,BENIGN,67.76
3892,BENIGN,73.51
3893,BENIGN,81.97
3894,BENIGN,79.46
3895,BENIGN,75.27
3896,BENIGN,75.57
3897,BENIGN,70.14
3898,BENIGN,76.04
3899,BENIGN,70.65
3900,BENIGN,71.35
3901,BENIGN,71.98
3902,BENIGN,71.94
3903,BENIGN,70.13
3904,BENIGN,80.5
3905,BENIGN,78.86
3906,BENIGN,78.48
3907,BENIGN,78.41
3908,BENIGN,83.63
3909,BENIGN,86.4
3910,BENIGN,77.03
3911,BENIGN,73.27
3912,BENIGN,74.09
3913,BENIGN,70.76
3914,BENIGN,78.41
3915,BENIGN,79.1
3916,BENIGN,72.02
3917,BENIGN,80.38
3918,BENIGN,74.76
3919,BENIGN,79.8
3920,BENIGN,75.03
3921,BENIGN,75.9
3922,BENIGN,71.22
3923,BENIGN,77.06
3924,BENIGN,72.49
3925,BENIGN,70.84
3926,BENIGN,70.96
3927,BENIGN,73.86
3928,BENIGN,74.89
3929,BENIGN,89.9
3930,BENIGN,78.04
3931,BENIGN,70.5
3932,BENIGN,78.58
3933,BENIGN,75.11
3934,BENIGN,71.73
3935,BENIGN,73.82
3936,BENIGN,69.95
3937,BENIGN,71.86
3938,BENIGN,75.86
3939,BENIGN,71.1
3940,BENIGN,68.37
3941,BENIGN,80.6
3942,BENIGN,70.02
3943,BENIGN,69.37
3944,BENIGN,69.8
3945,BENIGN,75.74
3946,BENIGN,69.96
3947,BENIGN,71.2
3948,BENIGN,69.48
3949,BENIGN,72.63
3950,BENIGN,73.56
3951,BENIGN,71.27
3952,BENIGN,69.89
3953,BENIGN,69.41
3954,BENIGN,72.53
3955,BENIGN,70.45
3956,BENIGN,75.87
3957,BENIGN,70.7
3958,BENIGN,70.66
3959,BENIGN,69.28
3960,BENIGN,70.47
3961,BENIGN,67.54
3962,BENIGN,72.64
3963,BENIGN,68.75
3964,BENIGN,74.66
3965,BENIGN,71.59
3966,BENIGN,70.65
3967,BENIGN,74.71
3968,BENIGN,69.88
3969,BENIGN,79.03
3970,BENIGN,72.47
3971,BENIGN,75.28
3972,BENIGN,71.07
3973,BENIGN,73.22
3974,BENIGN,72.5
3975,BENIGN,79.67
3976,BENIGN,70.79
3977,BENIGN,69.17
3978,BENIGN,73.95
3979,BENIGN,70.22
3980,BENIGN,72.48
3981,BENIGN,68.85
3982,BENIGN,70.45
3983,BENIGN,70.02
3984,BENIGN,72.91
3985,BENIGN,68.08
3986,BENIGN,75.0
3987,BENIGN,81.82
3988,BENIGN,73.46
3989,BENIGN,73.14
3990,BENIGN,68.94
3991,BENIGN,71.01
3992,BENIGN,82.81
3993,BENIGN,69.17
3994,BENIGN,69.33
3995,BENIGN,69.8
3996,BENIGN,69.91
3997,BENIGN,72.19
3998,BENIGN,71.06
3999,BENIGN,68.78
4000,BENIGN,71.44
4001,BENIGN,73.63
4002,BENIGN,74.99
4003,BENIGN,75.33
4004,BENIGN,68.95
4005,BENIGN,76.19
4006,BENIGN,70.99
4007,BENIGN,75.43
4008,BENIGN,78.74
4009,BENIGN,73.98
4010,BENIGN,84.04
4011,BENIGN,76.16
4012,BENIGN,70.7
4013,BENIGN,71.18
4014,BENIGN,79.88
4015,BENIGN,76.73
4016,BENIGN,73.39
4017,BENIGN,68.53
4018,BENIGN,70.39
4019,BENIGN,76.7
4020,BENIGN,76.93
4021,BENIGN,70.62
4022,BENIGN,75.46
4023,BENIGN,69.5
4024,BENIGN,70.82
4025,BENIGN,69.61
4026,BENIGN,74.09
4027,BENIGN,71.26
4028,BENIGN,68.52
4029,BENIGN,69.61
4030,BENIGN,71.33
4031,BENIGN,60.69
4032,BENIGN,72.16
4033,BENIGN,68.99
4034,BENIGN,69.38
4035,BENIGN,70.55
4036,BENIGN,69.95
4037,BENIGN,74.66
4038,BENIGN,72.15
4039,BENIGN,76.44
4040,BENIGN,71.5
4041,BENIGN,68.84
4042,BENIGN,69.69
4043,BENIGN,76.41
4044,BENIGN,83.46
4045,BENIGN,78.57
4046,BENIGN,71.28
4047,BENIGN,78.24
4048,BENIGN,85.66
4049,BENIGN,76.46
4050,BENIGN,67.03
4051,BENIGN,74.69
4052,BENIGN,74.16
4053,BENIGN,72.1
4054,BENIGN,72.24
4055,BENIGN,72.61
4056,BENIGN,71.53
4057,BENIGN,73.04
4058,BENIGN,70.15
4059,BENIGN,75.87
4060,BENIGN,78.5
4061,BENIGN,76.6
4062,BENIGN,76.55
4063,BENIGN,82.11
4064,BENIGN,72.74
4065,BENIGN,74.07
4066,BENIGN,72.91
4067,BENIGN,77.51
4068,BENIGN,69.29
4069,BENIGN,68.74
4070,BENIGN,69.27
4071,BENIGN,68.71
4072,BENIGN,73.11
4073,BENIGN,69.12
4074,BENIGN,70.93
4075,BENIGN,74.53
4076,BENIGN,72.95
4077,BENIGN,69.76
4078,BENIGN,73.98
4079,BENIGN,73.75
4080,BENIGN,71.06
4081,BENIGN,71.86
4082,BENIGN,81.64
4083,BENIGN,72.82
4084,BENIGN,73.76
4085,BENIGN,69.94
4086,BENIGN,71.69
4087,BENIGN,68.37
4088,BENIGN,71.56
4089,BENIGN,73.45
4090,BENIGN,71.19
4091,BENIGN,75.49
4092,BENIGN,73.42
4093,BENIGN,74.59
4094,BENIGN,70.46
4095,BENIGN,74.21
4096,BENIGN,68.87
4097,BENIGN,82.48
4098,BENIGN,70.57
4099,BENIGN,75.64
4100,BENIGN,81.19
4101,BENIGN,68.56
4102,BENIGN,68.46
4103,BENIGN,73.4
4104,BENIGN,89.02
4105,BENIGN,77.58
4106,BENIGN,72.27
4107,BENIGN,71.82
4108,BENIGN,75.95
4109,BENIGN,68.13
4110,BENIGN,72.56
4111,BENIGN,73.37
4112,BENIGN,74.44
4113,BENIGN,81.37
4114,BENIGN,70.77
4115,BENIGN,69.35
4116,BENIGN,69.59
4117,BENIGN,69.11
4118,BENIGN,72.29
4119,BENIGN,73.25
4120,BENIGN,71.64
4121,BENIGN,70.87
4122,BENIGN,76.14
4123,BENIGN,74.58
4124,BENIGN,75.5
4125,BENIGN,82.2
4126,BENIGN,71.19
4127,BENIGN,78.91
4128,BENIGN,74.66
4129,BENIGN,69.46
4130,BENIGN,70.79
4131,BENIGN,76.91
4132,BENIGN,75.4
4133,BENIGN,79.51
4134,BENIGN,72.26
4135,BENIGN,82.22
4136,BENIGN,71.71
4137,BENIGN,71.48
4138,BENIGN,70.11
4139,BENIGN,73.84
4140,BENIGN,79.58
4141,BENIGN,69.18
4142,BENIGN,71.49
4143,BENIGN,76.16
4144,BENIGN,70.5
4145,BENIGN,70.54
4146,BENIGN,71.38
4147,BENIGN,73.61
4148,BENIGN,76.16
4149,BENIGN,76.45
4150,BENIGN,74.15
4151,BENIGN,70.94
4152,BENIGN,72.89
4153,BENIGN,86.11
4154,BENIGN,72.17
4155,BENIGN,81.94
4156,BENIGN,69.84
4157,BENIGN,70.15
4158,BENIGN,79.28
4159,BENIGN,75.82
4160,BENIGN,73.48
4161,BENIGN,71.13
4162,BENIGN,74.91
4163,BENIGN,84.32
4164,BENIGN,72.18
4165,BENIGN,77.94
4166,BENIGN,76.88
4167,BENIGN,71.6
4168,BENIGN,70.16
4169,BENIGN,75.77
4170,BENIGN,75.54
4171,BENIGN,72.66
4172,BENIGN,78.83
4173,BENIGN,76.86
4174,BENIGN,69.15
4175,BENIGN,71.66
4176,BENIGN,71.13
4177,BENIGN,73.51
4178,BENIGN,73.36
4179,BENIGN,77.32
4180,BENIGN,73.44
4181,BENIGN,68.81
4182,BENIGN,73.48
4183,BENIGN,71.48
4184,BENIGN,74.8
4185,BENIGN,70.48
4186,BENIGN,72.41
4187,BENIGN,71.91
4188,BENIGN,71.03
4189,BENIGN,73.9
4190,BENIGN,76.36
4191,BENIGN,72.55
4192,BENIGN,71.38
4193,BENIGN,74.96
4194,BENIGN,71.06
4195,BENIGN,69.66
4196,BENIGN,75.12
4197,BENIGN,76.61
4198,BENIGN,73.33
4199,BENIGN,72.39
4200,BENIGN,71.22
4201,BENIGN,77.67
4202,BENIGN,72.29
4203,BENIGN,71.39
4204,BENIGN,73.29
4205,BENIGN,69.55
4206,BENIGN,83.82
4207,BENIGN,71.83
4208,BENIGN,69.7
4209,BENIGN,82.2
4210,BENIGN,72.39
4211,BENIGN,70.63
4212,BENIGN,72.69
4213,BENIGN,77.04
4214,BENIGN,69.04
4215,BENIGN,75.5
4216,BENIGN,84.68
4217,BENIGN,85.43
4218,BENIGN,72.11
4219,BENIGN,70.69
4220,BENIGN,72.08
4221,BENIGN,82.58
4222,BENIGN,69.41
4223,BENIGN,71.01
4224,BENIGN,70.99
4225,BENIGN,76.52
4226,BENIGN,75.55
4227,BENIGN,77.89
4228,BENIGN,71.45
4229,BENIGN,70.94
4230,BENIGN,75.9
4231,BENIGN,71.62
4232,BENIGN,69.31
4233,BENIGN,84.31
4234,BENIGN,72.48
4235,BENIGN,72.78
4236,BENIGN,70.66
4237,BENIGN,70.13
4238,BENIGN,73.12
4239,BENIGN,70.63
4240,BENIGN,73.19
4241,BENIGN,70.76
4242,BENIGN,77.01
4243,BENIGN,70.89
4244,BENIGN,69.5
4245,BENIGN,76.34
4246,BENIGN,70.18
4247,BENIGN,70.12
4248,BENIGN,71.77
4249,BENIGN,71.43
4250,BENIGN,70.05
4251,BENIGN,69.71
4252,BENIGN,72.97
4253,BENIGN,87.12
4254,BENIGN,72.87
4255,BENIGN,85.93
4256,BENIGN,75.01
4257,BENIGN,74.15
4258,BENIGN,72.15
4259,BENIGN,76.56
4260,BENIGN,71.82
4261,BENIGN,77.64
4262,BENIGN,83.1
4263,BENIGN,70.56
4264,BENIGN,69.82
4265,BENIGN,64.94
4266,BENIGN,74.68
4267,BENIGN,74.74
4268,BENIGN,74.02
4269,BENIGN,70.46
4270,BENIGN,73.31
4271,BENIGN,73.77
4272,BENIGN,69.84
4273,BENIGN,73.17
4274,BENIGN,72.31
4275,BENIGN,69.69
4276,BENIGN,70.33
4277,BENIGN,75.5
4278,BENIGN,80.91
4279,BENIGN,80.07
4280,BENIGN,70.84
4281,BENIGN,77.81
4282,BENIGN,79.07
4283,BENIGN,69.7
4284,BENIGN,73.56
4285,BENIGN,78.68
4286,BENIGN,70.97
4287,BENIGN,72.55
4288,BENIGN,71.09
4289,BENIGN,79.7
4290,BENIGN,74.01
4291,BENIGN,77.89
4292,BENIGN,71.91
4293,BENIGN,68.9
4294,BENIGN,70.97
4295,BENIGN,70.24
4296,BENIGN,75.42
4297,BENIGN,82.29
4298,BENIGN,72.28
4299,BENIGN,69.02
4300,BENIGN,76.24
4301,BENIGN,69.29
4302,BENIGN,71.45
4303,BENIGN,77.86
4304,BENIGN,72.37
4305,BENIGN,70.78
4306,BENIGN,68.93
4307,BENIGN,69.33
4308,BENIGN,71.79
4309,BENIGN,72.1
4310,BENIGN,72.23
4311,BENIGN,77.06
4312,BENIGN,71.78
4313,BENIGN,71.63
4314,BENIGN,71.86
4315,BENIGN,75.43
4316,BENIGN,71.96
4317,BENIGN,73.03
4318,BENIGN,71.24
4319,BENIGN,69.41
4320,BENIGN,73.51
4321,BENIGN,72.63
4322,BENIGN,78.75
4323,BENIGN,74.61
4324,BENIGN,74.39
4325,BENIGN,67.58
4326,BENIGN,73.4
4327,BENIGN,68.18
4328,BENIGN,72.53
4329,BENIGN,74.95
4330,BENIGN,69.08
4331,BENIGN,72.1
4332,BENIGN,76.81
4333,BENIGN,71.41
4334,BENIGN,73.16
4335,BENIGN,79.74
4336,BENIGN,68.51
4337,BENIGN,68.67
4338,BENIGN,67.86
4339,BENIGN,71.42
4340,BENIGN,69.96
4341,BENIGN,73.64
4342,BENIGN,69.54
4343,BENIGN,73.3
4344,BENIGN,75.17
4345,BENIGN,70.62
4346,BENIGN,69.9
4347,BENIGN,77.21
4348,BENIGN,75.61
4349,BENIGN,90.61
4350,BENIGN,68.05
4351,BENIGN,69.83
4352,BENIGN,74.58
4353,BENIGN,72.23
4354,BENIGN,79.01
4355,BENIGN,75.36
4356,BENIGN,80.33
4357,BENIGN,77.29
4358,BENIGN,76.59
4359,BENIGN,70.38
4360,BENIGN,69.15
4361,BENIGN,72.74
4362,BENIGN,77.88
4363,BENIGN,81.09
4364,BENIGN,69.63
4365,BENIGN,74.39
4366,BENIGN,72.48
4367,BENIGN,73.49
4368,BENIGN,71.63
4369,BENIGN,74.74
4370,BENIGN,74.89
4371,BENIGN,73.13
4372,BENIGN,73.39
4373,BENIGN,69.51
4374,BENIGN,79.92
4375,BENIGN,78.15
4376,BENIGN,78.0
4377,BENIGN,77.39
4378,BENIGN,75.48
4379,BENIGN,73.08
4380,BENIGN,76.44
4381,BENIGN,71.05
4382,BENIGN,71.75
4383,BENIGN,78.3
4384,BENIGN,77.37
4385,BENIGN,82.22
4386,BENIGN,71.71
4387,BENIGN,74.55
4388,BENIGN,78.31
4389,BENIGN,78.2
4390,BENIGN,69.72
4391,BENIGN,69.22
4392,BENIGN,70.44
4393,BENIGN,68.73
4394,BENIGN,68.82
4395,BENIGN,72.89
4396,BENIGN,69.59
4397,BENIGN,71.2
4398,BENIGN,68.75
4399,BENIGN,71.68
4400,BENIGN,80.14
4401,BENIGN,76.86
4402,BENIGN,83.59
4403,BENIGN,78.6
4404,BENIGN,69.49
4405,BENIGN,75.16
4406,BENIGN,68.53
4407,BENIGN,72.18
4408,BENIGN,69.82
4409,BENIGN,67.86
4410,BENIGN,71.23
4411,BENIGN,70.15
4412,BENIGN,74.91
4413,BENIGN,75.7
4414,BENIGN,69.33
4415,BENIGN,69.29
4416,BENIGN,68.47
4417,BENIGN,69.37
4418,BENIGN,69.91
4419,BENIGN,78.44
4420,BENIGN,73.49
4421,BENIGN,73.53
4422,BENIGN,78.75
4423,BENIGN,68.81
4424,BENIGN,72.17
4425,BENIGN,71.08
4426,BENIGN,84.54
4427,BENIGN,68.36
4428,BENIGN,76.27
4429,BENIGN,71.86
4430,BENIGN,70.79
4431,BENIGN,68.76
4432,BENIGN,71.31
4433,BENIGN,71.49
4434,BENIGN,81.76
4435,BENIGN,68.62
4436,BENIGN,72.99
4437,BENIGN,70.44
4438,BENIGN,70.34
4439,BENIGN,70.66
4440,BENIGN,73.65
4441,BENIGN,70.69
4442,BENIGN,75.31
4443,BENIGN,74.7
4444,BENIGN,81.86
4445,BENIGN,74.5
4446,BENIGN,68.79
4447,BENIGN,72.1
4448,BENIGN,66.39
4449,BENIGN,71.38
4450,BENIGN,73.06
4451,BENIGN,68.9
4452,BENIGN,68.27
4453,BENIGN,71.19
4454,BENIGN,69.49
4455,BENIGN,69.58
4456,BENIGN,69.81
4457,BENIGN,69.31
4458,BENIGN,76.03
4459,BENIGN,71.38
4460,BENIGN,72.61
4461,BENIGN,71.9
4462,BENIGN,75.07
4463,BENIGN,71.5
4464,BENIGN,71.38
4465,BENIGN,75.27
4466,BENIGN,72.78
4467,BENIGN,71.59
4468,BENIGN,72.84
4469,BENIGN,72.55
4470,BENIGN,69.23
4471,BENIGN,73.26
4472,BENIGN,69.22
4473,BENIGN,79.47
4474,BENIGN,68.32
4475,BENIGN,71.38
4476,BENIGN,74.09
4477,BENIGN,69.77
4478,BENIGN,79.0
4479,BENIGN,74.56
4480,BENIGN,81.74
4481,BENIGN,69.09
4482,BENIGN,71.28
4483,BENIGN,74.59
4484,BENIGN,88.16
4485,BENIGN,76.09
4486,BENIGN,67.39
4487,BENIGN,68.44
4488,BENIGN,78.18
4489,BENIGN,71.03
4490,BENIGN,71.51
4491,BENIGN,68.56
4492,BENIGN,69.58
4493,BENIGN,69.88
4494,BENIGN,67.74
4495,BENIGN,71.55
4496,BENIGN,68.97
4497,BENIGN,80.55
4498,BENIGN,70.87
4499,BENIGN,71.63
4500,BENIGN,68.54
4501,BENIGN,85.74
4502,BENIGN,69.17
4503,BENIGN,67.66
4504,BENIGN,68.79
4505,BENIGN,69.19
4506,BENIGN,68.63
4507,BENIGN,70.56
4508,BENIGN,69.97
4509,BENIGN,69.94
4510,BENIGN,72.8
4511,BENIGN,68.71
4512,BENIGN,69.86
4513,BENIGN,68.08
4514,BENIGN,72.74
4515,BENIGN,73.78
4516,BENIGN,73.64
4517,BENIGN,72.06
4518,BENIGN,70.45
4519,BENIGN,75.42
4520,BENIGN,70.24
4521,BENIGN,78.2
4522,BENIGN,76.4
4523,BENIGN,69.53
4524,BENIGN,68.66
4525,BENIGN,76.55
4526,BENIGN,71.02
4527,BENIGN,77.25
4528,BENIGN,72.57
4529,BENIGN,66.19
4530,BENIGN,71.08
4531,BENIGN,70.8
4532,BENIGN,69.67
4533,BENIGN,71.76
4534,BENIGN,70.58
4535,BENIGN,70.86
4536,BENIGN,81.9
4537,BENIGN,69.67
4538,BENIGN,76.08
4539,BENIGN,75.17
4540,BENIGN,67.85
4541,BENIGN,71.66
4542,BENIGN,68.75
4543,BENIGN,71.09
4544,BENIGN,70.12
4545,BENIGN,70.88
4546,BENIGN,70.29
4547,BENIGN,72.42
4548,BENIGN,74.23
4549,BENIGN,76.14
4550,BENIGN,73.22
4551,BENIGN,69.54
4552,BENIGN,67.43
4553,BENIGN,67.97
4554,BENIGN,81.07
4555,BENIGN,70.86
4556,BENIGN,76.61
4557,BENIGN,69.2
4558,BENIGN,75.06
4559,BENIGN,70.29
4560,BENIGN,78.29
4561,BENIGN,72.61
4562,BENIGN,68.88
4563,BENIGN,73.26
4564,BENIGN,73.83
4565,BENIGN,80.09
4566,BENIGN,74.61
4567,BENIGN,70.19
4568,BENIGN,68.76
4569,BENIGN,83.19
4570,BENIGN,84.0
4571,BENIGN,73.33
4572,BENIGN,71.18
4573,BENIGN,74.61
4574,BENIGN,80.36
4575,BENIGN,71.37
4576,BENIGN,72.44
4577,BENIGN,76.25
4578,BENIGN,71.49
4579,BENIGN,74.3
4580,BENIGN,71.3
4581,BENIGN,72.6
4582,BENIGN,71.24
4583,BENIGN,74.4
4584,BENIGN,73.14
4585,BENIGN,70.99
4586,BENIGN,70.43
4587,BENIGN,77.43
4588,BENIGN,69.26
4589,BENIGN,70.29
4590,BENIGN,74.93
4591,BENIGN,73.99
4592,BENIGN,70.27
4593,BENIGN,69.17
4594,BENIGN,75.9
4595,BENIGN,69.15
4596,BENIGN,73.55
4597,BENIGN,78.28
4598,BENIGN,77.52
4599,BENIGN,72.15
4600,BENIGN,69.05
4601,BENIGN,70.01
4602,BENIGN,75.0
4603,BENIGN,70.51
4604,BENIGN,89.37
4605,BENIGN,79.95
4606,BENIGN,72.84
4607,BENIGN,74.24
4608,BENIGN,73.33
4609,BENIGN,71.63
4610,BENIGN,72.43
4611,BENIGN,71.1
4612,BENIGN,71.39
4613,BENIGN,77.69
4614,BENIGN,72.08
4615,BENIGN,71.29
4616,BENIGN,70.16
4617,BENIGN,73.01
4618,BENIGN,70.19
4619,BENIGN,70.67
4620,BENIGN,68.83
4621,BENIGN,68.84
4622,BENIGN,72.13
4623,BENIGN,77.43
4624,BENIGN,70.98
4625,BENIGN,69.46
4626,BENIGN,78.86
4627,BENIGN,71.58
4628,BENIGN,70.85
4629,BENIGN,71.93
4630,BENIGN,73.02
4631,BENIGN,70.51
4632,BENIGN,80.37
4633,BENIGN,72.36
4634,BENIGN,70.93
4635,BENIGN,74.48
4636,BENIGN,75.07
4637,BENIGN,71.1
4638,BENIGN,75.23
4639,BENIGN,74.59
4640,BENIGN,70.0
4641,BENIGN,70.84
4642,BENIGN,73.77
4643,BENIGN,77.43
4644,BENIGN,68.08
4645,BENIGN,69.75
4646,BENIGN,84.32
4647,BENIGN,69.89
4648,BENIGN,73.37
4649,BENIGN,81.04
4650,BENIGN,68.53
4651,BENIGN,78.85
4652,BENIGN,68.1
4653,BENIGN,69.29
4654,BENIGN,69.94
4655,BENIGN,78.11
4656,BENIGN,79.2
4657,BENIGN,70.07
4658,BENIGN,69.23
4659,BENIGN,69.95
4660,BENIGN,68.52
4661,BENIGN,69.39
4662,BENIGN,70.7
4663,BENIGN,69.89
4664,BENIGN,78.63
4665,BENIGN,69.64
4666,BENIGN,74.94
4667,BENIGN,77.36
4668,BENIGN,79.28
4669,BENIGN,69.88
4670,BENIGN,69.8
4671,BENIGN,71.32
4672,BENIGN,71.35
4673,BENIGN,74.16
4674,BENIGN,70.21
4675,BENIGN,74.45
4676,BENIGN,72.35
4677,BENIGN,68.68
4678,BENIGN,70.75
4679,BENIGN,74.69
4680,BENIGN,72.65
4681,BENIGN,74.9
4682,BENIGN,74.06
4683,BENIGN,80.37
4684,BENIGN,72.39
4685,BENIGN,71.65
4686,BENIGN,73.49
4687,BENIGN,73.05
4688,BENIGN,70.99
4689,BENIGN,69.34
4690,BENIGN,72.45
4691,BENIGN,70.33
4692,BENIGN,76.87
4693,BENIGN,70.7
4694,BENIGN,83.0
4695,BENIGN,74.04
4696,BENIGN,85.91
4697,BENIGN,74.7
4698,BENIGN,70.26
4699,BENIGN,76.71
4700,BENIGN,71.41
4701,BENIGN,70.22
4702,BENIGN,80.27
4703,BENIGN,80.71
4704,BENIGN,71.63
4705,BENIGN,71.13
4706,BENIGN,72.94
4707,BENIGN,76.41
4708,BENIGN,71.93
4709,BENIGN,72.75
4710,BENIGN,80.72
4711,BENIGN,81.49
4712,BENIGN,70.13
4713,BENIGN,70.61
4714,BENIGN,73.16
4715,BENIGN,71.2
4716,BENIGN,77.74
4717,BENIGN,77.3
4718,BENIGN,64.91
4719,BENIGN,70.74
4720,BENIGN,73.15
4721,BENIGN,69.62
4722,BENIGN,82.54
4723,BENIGN,69.87
4724,BENIGN,74.29
4725,BENIGN,71.63
4726,BENIGN,70.76
4727,BENIGN,79.94
4728,BENIGN,70.14
4729,BENIGN,82.3
4730,BENIGN,74.0
4731,BENIGN,76.2
4732,BENIGN,77.5
4733,BENIGN,79.79
4734,BENIGN,70.99
4735,BENIGN,73.25
4736,BENIGN,73.09
4737,BENIGN,79.42
4738,BENIGN,79.0
4739,BENIGN,71.06
4740,BENIGN,68.25
4741,BENIGN,70.65
4742,BENIGN,72.0
4743,BENIGN,71.05
4744,BENIGN,71.43
4745,BENIGN,78.08
4746,BENIGN,71.7
4747,BENIGN,72.17
4748,BENIGN,74.04
4749,BENIGN,68.65
4750,BENIGN,67.76
4751,BENIGN,73.84
4752,BENIGN,75.12
4753,BENIGN,76.53
4754,BENIGN,72.19
4755,BENIGN,70.54
4756,BENIGN,74.18
4757,BENIGN,68.27
4758,BENIGN,70.99
4759,BENIGN,70.2
4760,BENIGN,72.41
4761,BENIGN,74.9
4762,BENIGN,73.65
4763,BENIGN,69.07
4764,BENIGN,71.75
4765,BENIGN,70.91
4766,BENIGN,75.09
4767,BENIGN,72.77
4768,BENIGN,69.94
4769,BENIGN,71.01
4770,BENIGN,67.32
4771,BENIGN,71.45
4772,BENIGN,77.2
4773,BENIGN,70.75
4774,BENIGN,69.93
4775,BENIGN,70.76
4776,BENIGN,72.75
4777,BENIGN,73.85
4778,BENIGN,73.41
4779,BENIGN,71.02
4780,BENIGN,78.42
4781,BENIGN,80.34
4782,BENIGN,71.41
4783,BENIGN,78.01
4784,BENIGN,71.09
4785,BENIGN,75.74
4786,BENIGN,72.58
4787,BENIGN,72.35
4788,BENIGN,73.38
4789,BENIGN,73.93
4790,BENIGN,75.62
4791,BENIGN,71.72
4792,BENIGN,72.98
4793,BENIGN,75.62
4794,BENIGN,76.66
4795,BENIGN,74.88
4796,BENIGN,72.32
4797,BENIGN,71.4
4798,BENIGN,69.58
4799,BENIGN,66.77
4800,BENIGN,69.13
4801,BENIGN,68.85
4802,BENIGN,71.03
4803,BENIGN,69.21
4804,BENIGN,70.73
4805,BENIGN,77.04
4806,BENIGN,73.18
4807,BENIGN,70.26
4808,BENIGN,71.11
4809,BENIGN,73.12
4810,BENIGN,73.85
4811,BENIGN,68.7
4812,BENIGN,79.81
4813,BENIGN,71.6
4814,BENIGN,69.12
4815,BENIGN,72.83
4816,BENIGN,72.01
4817,BENIGN,74.38
4818,BENIGN,69.5
4819,BENIGN,70.22
4820,BENIGN,86.96
4821,BENIGN,87.62
4822,BENIGN,71.16
4823,BENIGN,71.98
4824,BENIGN,99.98
4825,BENIGN,73.95
4826,BENIGN,78.68
4827,BENIGN,71.71
4828,BENIGN,87.65
4829,BENIGN,68.06
4830,BENIGN,75.19
4831,BENIGN,75.88
4832,BENIGN,72.44
4833,BENIGN,82.76
4834,BENIGN,72.96
4835,BENIGN,64.73
4836,BENIGN,78.05
4837,BENIGN,72.52
4838,BENIGN,70.35
4839,BENIGN,69.53
4840,BENIGN,73.53
4841,BENIGN,69.4
4842,BENIGN,68.05
4843,BENIGN,70.01
4844,BENIGN,70.95
4845,BENIGN,77.91
4846,BENIGN,73.72
4847,BENIGN,73.38
4848,BENIGN,68.68
4849,BENIGN,69.41
4850,BENIGN,66.02
4851,BENIGN,73.86
4852,BENIGN,69.67
4853,BENIGN,78.24
4854,BENIGN,77.89
4855,BENIGN,75.74
4856,BENIGN,71.34
4857,BENIGN,72.64
4858,BENIGN,73.83
4859,BENIGN,73.63
4860,BENIGN,72.41
4861,BENIGN,69.8
4862,BENIGN,71.66
4863,BENIGN,77.68
4864,BENIGN,87.55
4865,BENIGN,68.94
4866,BENIGN,78.57
4867,BENIGN,73.05
4868,BENIGN,73.53
4869,BENIGN,74.43
4870,BENIGN,70.78
4871,BENIGN,70.35
4872,BENIGN,71.75
4873,BENIGN,68.91
4874,BENIGN,72.97
4875,BENIGN,68.93
4876,BENIGN,73.74
4877,BENIGN,72.16
4878,BENIGN,71.62
4879,BENIGN,73.5
4880,BENIGN,69.64
4881,BENIGN,73.34
4882,BENIGN,72.59
4883,BENIGN,75.23
4884,BENIGN,73.44
4885,BENIGN,69.8
4886,BENIGN,71.86
4887,BENIGN,69.87
4888,BENIGN,72.34
4889,BENIGN,79.48
4890,BENIGN,68.18
4891,BENIGN,71.93
4892,BENIGN,74.43
4893,BENIGN,73.25
4894,BENIGN,70.33
4895,BENIGN,70.56
4896,BENIGN,70.64
4897,BENIGN,73.52
4898,BENIGN,70.2
4899,BENIGN,72.59
4900,BENIGN,68.42
4901,BENIGN,70.0
4902,BENIGN,78.71
4903,BENIGN,70.65
4904,BENIGN,76.73
4905,BENIGN,75.83
4906,BENIGN,74.44
4907,BENIGN,78.57
4908,BENIGN,83.13
4909,BENIGN,71.71
4910,BENIGN,74.54
4911,BENIGN,79.47
4912,BENIGN,73.02
4913,BENIGN,72.45
4914,BENIGN,69.01
4915,BENIGN,76.06
4916,BENIGN,74.61
4917,BENIGN,82.1
4918,BENIGN,69.7
4919,BENIGN,71.87
4920,BENIGN,72.69
4921,BENIGN,70.0
4922,BENIGN,71.01
4923,BENIGN,76.0
4924,BENIGN,74.05
4925,BENIGN,73.66
4926,BENIGN,77.77
4927,BENIGN,79.08
4928,BENIGN,71.16
4929,BENIGN,72.66
4930,BENIGN,75.0
4931,BENIGN,72.48
4932,BENIGN,75.38
4933,BENIGN,70.09
4934,BENIGN,71.33
4935,BENIGN,69.52
4936,BENIGN,67.68
4937,BENIGN,74.47
4938,BENIGN,72.77
4939,BENIGN,70.3
4940,BENIGN,79.96
4941,BENIGN,76.44
4942,BENIGN,83.54
4943,BENIGN,73.69
4944,BENIGN,72.16
4945,BENIGN,72.5
4946,BENIGN,73.38
4947,BENIGN,71.51
4948,BENIGN,69.83
4949,BENIGN,72.69
4950,BENIGN,73.54
4951,BENIGN,70.49
4952,BENIGN,70.85
4953,BENIGN,74.77
4954,BENIGN,71.62
4955,BENIGN,71.04
4956,BENIGN,69.84
4957,BENIGN,72.04
4958,BENIGN,72.49
4959,BENIGN,70.05
4960,BENIGN,69.3
4961,BENIGN,71.34
4962,BENIGN,74.38
4963,BENIGN,99.99
4964,BENIGN,82.17
4965,BENIGN,74.64
4966,BENIGN,76.56
4967,BENIGN,80.43
4968,BENIGN,84.14
4969,BENIGN,83.69
4970,BENIGN,70.05
4971,BENIGN,88.12
4972,BENIGN,71.61
4973,BENIGN,73.38
4974,BENIGN,78.59
4975,BENIGN,68.59
4976,BENIGN,69.34
4977,BENIGN,69.28
4978,BENIGN,71.64
4979,BENIGN,75.51
4980,BENIGN,74.4
4981,BENIGN,74.37
4982,BENIGN,70.36
4983,BENIGN,73.05
4984,BENIGN,68.73
4985,BENIGN,72.84
4986,BENIGN,74.33
4987,BENIGN,73.45
4988,BENIGN,77.53
4989,BENIGN,69.12
4990,BENIGN,77.52
4991,BENIGN,78.05
4992,BENIGN,68.31
4993,BENIGN,72.62
4994,BENIGN,66.66
4995,BENIGN,74.33
4996,BENIGN,75.46
4997,BENIGN,74.24
4998,BENIGN,77.67
4999,BENIGN,70.99
5000,BENIGN,73.81
5001,BENIGN,73.83
5002,BENIGN,69.53
5003,BENIGN,74.16
5004,BENIGN,76.6
5005,BENIGN,69.97
5006,BENIGN,69.7
5007,BENIGN,70.46
5008,BENIGN,71.53
5009,BENIGN,75.72
5010,BENIGN,71.06
5011,BENIGN,68.87
5012,BENIGN,70.79
5013,BENIGN,77.72
5014,BENIGN,71.36
5015,BENIGN,73.66
5016,BENIGN,69.52
5017,BENIGN,74.4
5018,BENIGN,70.02
5019,BENIGN,71.77
5020,BENIGN,75.28
5021,BENIGN,84.18
5022,BENIGN,75.35
5023,BENIGN,71.1
5024,BENIGN,69.67
5025,BENIGN,71.14
5026,BENIGN,70.96
5027,BENIGN,69.16
5028,BENIGN,69.37
5029,BENIGN,74.8
5030,BENIGN,76.26
5031,BENIGN,78.17
5032,BENIGN,71.98
5033,BENIGN,76.21
5034,BENIGN,72.56
5035,BENIGN,68.26
5036,BENIGN,71.81
5037,BENIGN,74.53
5038,BENIGN,68.3
5039,BENIGN,68.44
5040,BENIGN,70.57
5041,BENIGN,70.1
5042,BENIGN,69.09
5043,BENIGN,71.92
5044,BENIGN,67.02
5045,BENIGN,67.38
5046,BENIGN,75.11
5047,BENIGN,70.54
5048,BENIGN,69.63
5049,BENIGN,76.02
5050,BENIGN,72.16
5051,BENIGN,73.73
5052,BENIGN,71.77
5053,BENIGN,72.21
5054,BENIGN,71.02
5055,BENIGN,74.64
5056,BENIGN,73.93
5057,BENIGN,75.41
5058,BENIGN,72.73
5059,BENIGN,69.96
5060,BENIGN,75.26
5061,BENIGN,71.69
5062,BENIGN,72.37
5063,BENIGN,71.03
5064,BENIGN,70.17
5065,BENIGN,71.57
5066,BENIGN,73.1
5067,BENIGN,78.75
5068,BENIGN,76.76
5069,BENIGN,76.69
5070,BENIGN,71.66
5071,BENIGN,77.46
5072,BENIGN,73.32
5073,BENIGN,72.65
5074,BENIGN,71.12
5075,BENIGN,72.33
5076,BENIGN,73.25
5077,BENIGN,72.22
5078,BENIGN,69.15
5079,BENIGN,73.3
5080,BENIGN,70.79
5081,BENIGN,75.83
5082,BENIGN,73.99
5083,BENIGN,69.34
5084,BENIGN,69.09
5085,BENIGN,69.09
5086,BENIGN,69.41
5087,BENIGN,68.91
5088,BENIGN,69.26
5089,BENIGN,68.95
5090,BENIGN,67.47
5091,BENIGN,69.03
5092,BENIGN,70.3
5093,BENIGN,74.49
5094,BENIGN,69.15
5095,BENIGN,69.12
5096,BENIGN,68.11
5097,BENIGN,68.82
5098,BENIGN,82.05
5099,BENIGN,71.72
5100,BENIGN,66.63
5101,BENIGN,78.56
5102,BENIGN,69.74
5103,BENIGN,68.28
5104,BENIGN,72.83
5105,BENIGN,71.61
5106,BENIGN,69.75
5107,BENIGN,79.46
5108,BENIGN,73.16
5109,BENIGN,71.49
5110,BENIGN,68.7
5111,BENIGN,75.93
5112,BENIGN,70.03
5113,BENIGN,72.6
5114,BENIGN,70.45
5115,BENIGN,72.87
5116,BENIGN,74.94
5117,BENIGN,75.02
5118,BENIGN,75.16
5119,BENIGN,73.91
5120,BENIGN,82.29
5121,BENIGN,70.93
5122,BENIGN,76.09
5123,BENIGN,75.62
5124,BENIGN,72.71
5125,BENIGN,71.08
5126,BENIGN,69.8
5127,BENIGN,69.78
5128,BENIGN,79.0
5129,BENIGN,73.42
5130,BENIGN,73.98
5131,BENIGN,72.35
5132,BENIGN,74.49
5133,BENIGN,74.36
5134,BENIGN,75.54
5135,BENIGN,70.06
5136,BENIGN,73.69
5137,BENIGN,69.79
5138,BENIGN,66.04
5139,BENIGN,68.84
5140,BENIGN,71.06
5141,BENIGN,68.95
5142,BENIGN,70.12
5143,BENIGN,71.32
5144,BENIGN,68.53
5145,BENIGN,68.6
5146,BENIGN,72.56
5147,BENIGN,75.76
5148,BENIGN,69.09
5149,BENIGN,72.66
5150,BENIGN,68.37
5151,BENIGN,73.84
5152,BENIGN,71.19
5153,BENIGN,76.45
5154,BENIGN,84.17
5155,BENIGN,74.04
5156,BENIGN,67.17
5157,BENIGN,75.21
5158,BENIGN,67.96
5159,BENIGN,71.03
5160,BENIGN,71.71
5161,BENIGN,71.65
5162,BENIGN,69.09
5163,BENIGN,73.92
5164,BENIGN,72.29
5165,BENIGN,69.6
5166,BENIGN,72.69
5167,BENIGN,72.97
5168,BENIGN,68.43
5169,BENIGN,72.08
5170,BENIGN,70.6
5171,BENIGN,73.83
5172,BENIGN,70.86
5173,BENIGN,86.87
5174,BENIGN,71.86
5175,BENIGN,73.14
5176,BENIGN,77.23
5177,BENIGN,70.13
5178,BENIGN,81.97
5179,BENIGN,71.45
5180,BENIGN,75.13
5181,BENIGN,74.16
5182,BENIGN,75.51
5183,BENIGN,70.2
5184,BENIGN,70.54
5185,BENIGN,73.35
5186,BENIGN,73.46
5187,BENIGN,70.1
5188,BENIGN,72.98
5189,BENIGN,72.31
5190,BENIGN,72.06
5191,BENIGN,73.38
5192,BENIGN,68.56
5193,BENIGN,74.14
5194,BENIGN,74.41
5195,BENIGN,71.86
5196,BENIGN,68.09
5197,BENIGN,68.8
5198,BENIGN,72.37
5199,BENIGN,77.52
5200,BENIGN,72.63
5201,BENIGN,72.47
5202,BENIGN,69.45
5203,BENIGN,71.44
5204,BENIGN,71.05
5205,BENIGN,69.47
5206,BENIGN,71.05
5207,BENIGN,69.55
5208,BENIGN,70.44
5209,BENIGN,72.74
5210,BENIGN,68.9
5211,BENIGN,71.29
5212,BENIGN,69.38
5213,BENIGN,69.43
5214,BENIGN,72.44
5215,BENIGN,71.31
5216,BENIGN,69.53
5217,BENIGN,75.16
5218,BENIGN,69.84
5219,BENIGN,71.14
5220,BENIGN,76.75
5221,BENIGN,70.02
5222,BENIGN,69.89
5223,BENIGN,69.71
5224,BENIGN,69.91
5225,BENIGN,68.99
5226,BENIGN,72.62
5227,BENIGN,69.62
5228,BENIGN,69.95
5229,BENIGN,70.46
5230,BENIGN,68.91
5231,BENIGN,76.18
5232,BENIGN,73.15
5233,BENIGN,70.45
5234,BENIGN,72.22
5235,BENIGN,77.72
5236,BENIGN,73.18
5237,BENIGN,76.12
5238,BENIGN,78.73
5239,BENIGN,76.83
5240,BENIGN,68.82
5241,BENIGN,73.59
5242,BENIGN,68.45
5243,BENIGN,73.54
5244,BENIGN,69.06
5245,BENIGN,77.49
5246,BENIGN,74.86
5247,BENIGN,70.2
5248,BENIGN,68.94
5249,BENIGN,70.46
5250,BENIGN,68.82
5251,BENIGN,72.85
5252,BENIGN,69.68
5253,BENIGN,70.11
5254,BENIGN,69.8
5255,BENIGN,68.63
5256,BENIGN,70.34
5257,BENIGN,70.55
5258,BENIGN,73.94
5259,BENIGN,69.7
5260,BENIGN,68.43
5261,BENIGN,69.48
5262,BENIGN,69.65
5263,BENIGN,70.73
5264,BENIGN,70.38
5265,BENIGN,70.86
5266,BENIGN,73.48
5267,BENIGN,75.27
5268,BENIGN,74.06
5269,BENIGN,79.35
5270,BENIGN,71.32
5271,BENIGN,68.5
5272,BENIGN,71.22
5273,BENIGN,69.19
5274,BENIGN,70.26
5275,BENIGN,68.97
5276,BENIGN,73.08
5277,BENIGN,70.9
5278,BENIGN,71.1
5279,BENIGN,68.44
5280,BENIGN,77.0
5281,BENIGN,75.59
5282,BENIGN,71.92
5283,BENIGN,71.89
5284,BENIGN,69.76
5285,BENIGN,73.5
5286,BENIGN,72.55
5287,BENIGN,69.81
5288,BENIGN,68.25
5289,BENIGN,74.85
5290,BENIGN,70.89
5291,BENIGN,70.15
5292,BENIGN,71.32
5293,BENIGN,68.71
5294,BENIGN,68.38
5295,BENIGN,68.17
5296,BENIGN,72.62
5297,BENIGN,70.79
5298,BENIGN,76.31
5299,BENIGN,74.77
5300,BENIGN,68.62
5301,BENIGN,75.73
5302,BENIGN,73.02
5303,BENIGN,72.65
5304,BENIGN,75.79
5305,BENIGN,73.23
5306,BENIGN,71.63
5307,BENIGN,76.27
5308,BENIGN,70.86
5309,BENIGN,72.15
5310,BENIGN,71.53
5311,BENIGN,76.01
5312,BENIGN,76.08
5313,BENIGN,83.37
5314,BENIGN,73.72
5315,BENIGN,80.1
5316,BENIGN,72.38
5317,BENIGN,70.75
5318,BENIGN,68.72
5319,BENIGN,73.67
5320,BENIGN,68.86
5321,BENIGN,71.91
5322,BENIGN,72.36
5323,BENIGN,70.98
5324,BENIGN,70.57
5325,BENIGN,71.61
5326,BENIGN,70.97
5327,BENIGN,70.88
5328,BENIGN,68.75
5329,BENIGN,67.94
5330,BENIGN,77.82
5331,BENIGN,76.02
5332,BENIGN,70.75
5333,BENIGN,84.34
5334,BENIGN,73.87
5335,BENIGN,72.93
5336,BENIGN,75.61
5337,BENIGN,87.04
5338,BENIGN,71.37
5339,BENIGN,73.43
5340,BENIGN,70.19
5341,BENIGN,71.65
5342,BENIGN,70.88
5343,BENIGN,74.83
5344,BENIGN,71.68
5345,BENIGN,76.12
5346,BENIGN,78.38
5347,BENIGN,72.4
5348,BENIGN,70.96
5349,BENIGN,74.87
5350,BENIGN,71.41
5351,BENIGN,74.17
5352,BENIGN,70.13
5353,BENIGN,74.58
5354,BENIGN,76.07
5355,BENIGN,70.95
5356,BENIGN,70.85
5357,BENIGN,70.5
5358,BENIGN,68.85
5359,BENIGN,80.81
5360,BENIGN,71.74
5361,BENIGN,81.8
5362,BENIGN,71.36
5363,BENIGN,69.74
5364,BENIGN,72.59
5365,BENIGN,72.98
5366,BENIGN,71.63
5367,BENIGN,68.58
5368,BENIGN,69.13
5369,BENIGN,69.13
5370,BENIGN,68.7
5371,BENIGN,73.05
5372,BENIGN,76.15
5373,BENIGN,76.99
5374,BENIGN,70.77
5375,BENIGN,83.23
5376,BENIGN,71.45
5377,BENIGN,70.49
5378,BENIGN,71.3
5379,BENIGN,71.25
5380,BENIGN,71.12
5381,BENIGN,83.6
5382,BENIGN,71.02
5383,BENIGN,84.77
5384,BENIGN,72.55
5385,BENIGN,76.04
5386,BENIGN,69.83
5387,BENIGN,69.55
5388,BENIGN,69.74
5389,BENIGN,82.83
5390,BENIGN,70.15
5391,BENIGN,70.18
5392,BENIGN,76.03
5393,BENIGN,70.93
5394,BENIGN,78.27
5395,BENIGN,70.67
5396,BENIGN,68.4
5397,BENIGN,70.37
5398,BENIGN,70.78
5399,BENIGN,70.43
5400,BENIGN,70.39
5401,BENIGN,71.81
5402,BENIGN,70.61
5403,BENIGN,76.15
5404,BENIGN,73.83
5405,BENIGN,70.36
5406,BENIGN,71.67
5407,BENIGN,72.07
5408,BENIGN,75.44
5409,BENIGN,73.92
5410,BENIGN,70.01
5411,BENIGN,67.32
5412,BENIGN,69.58
5413,BENIGN,72.42
5414,BENIGN,72.8
5415,BENIGN,69.85
5416,BENIGN,86.54
5417,BENIGN,71.2
5418,BENIGN,69.86
5419,BENIGN,73.57
5420,BENIGN,70.81
5421,BENIGN,70.44
5422,BENIGN,69.95
5423,BENIGN,70.12
5424,BENIGN,68.97
5425,BENIGN,69.51
5426,BENIGN,69.45
5427,BENIGN,71.94
5428,BENIGN,69.68
5429,BENIGN,71.02
5430,BENIGN,72.49
5431,BENIGN,71.89
5432,BENIGN,75.96
5433,BENIGN,69.75
5434,BENIGN,70.49
5435,BENIGN,69.91
5436,BENIGN,69.32
5437,BENIGN,71.51
5438,BENIGN,70.46
5439,BENIGN,73.34
5440,BENIGN,71.23
5441,BENIGN,76.27
5442,BENIGN,71.71
5443,BENIGN,73.19
5444,BENIGN,73.47
5445,BENIGN,72.73
5446,BENIGN,75.12
5447,BENIGN,71.7
5448,BENIGN,70.2
5449,BENIGN,75.56
5450,BENIGN,79.12
5451,BENIGN,79.38
5452,BENIGN,73.48
5453,BENIGN,70.77
5454,BENIGN,72.41
5455,BENIGN,71.21
5456,BENIGN,69.42
5457,BENIGN,70.5
5458,BENIGN,70.77
5459,BENIGN,73.92
5460,BENIGN,68.73
5461,BENIGN,66.08
5462,BENIGN,69.62
5463,BENIGN,70.32
5464,BENIGN,68.64
5465,BENIGN,72.69
5466,BENIGN,70.76
5467,BENIGN,84.32
5468,BENIGN,69.72
5469,BENIGN,73.03
5470,BENIGN,71.79
5471,BENIGN,70.31
5472,BENIGN,69.77
5473,BENIGN,72.1
5474,BENIGN,74.67
5475,BENIGN,69.75
5476,BENIGN,68.99
5477,BENIGN,68.92
5478,BENIGN,70.56
5479,BENIGN,72.03
5480,BENIGN,70.28
5481,BENIGN,68.91
5482,BENIGN,69.31
5483,BENIGN,70.56
5484,BENIGN,69.17
5485,BENIGN,69.48
5486,BENIGN,68.83
5487,BENIGN,69.19
5488,BENIGN,71.64
5489,BENIGN,72.16
5490,BENIGN,70.13
5491,BENIGN,78.55
5492,BENIGN,71.13
5493,BENIGN,73.99
5494,BENIGN,70.39
5495,BENIGN,72.07
5496,BENIGN,71.56
5497,BENIGN,68.7
5498,BENIGN,69.41
5499,BENIGN,74.05
5500,BENIGN,75.71
5501,BENIGN,76.16
5502,BENIGN,72.02
5503,BENIGN,69.37
5504,BENIGN,83.29
5505,BENIGN,70.63
5506,BENIGN,71.41
5507,BENIGN,75.03
5508,BENIGN,78.44
5509,BENIGN,73.54
5510,BENIGN,75.37
5511,BENIGN,71.76
5512,BENIGN,70.78
5513,BENIGN,73.97
5514,BENIGN,70.94
5515,BENIGN,76.3
5516,BENIGN,74.57
5517,BENIGN,70.44
5518,BENIGN,80.58
5519,BENIGN,72.21
5520,BENIGN,71.5
5521,BENIGN,70.11
5522,BENIGN,70.26
5523,BENIGN,72.36
5524,BENIGN,71.33
5525,BENIGN,73.14
5526,BENIGN,82.13
5527,BENIGN,86.47
5528,BENIGN,73.54
5529,BENIGN,76.1
5530,BENIGN,80.67
5531,BENIGN,76.05
5532,BENIGN,77.74
5533,BENIGN,77.83
5534,BENIGN,77.76
5535,BENIGN,73.6
5536,BENIGN,76.69
5537,BENIGN,78.22
5538,BENIGN,75.02
5539,BENIGN,70.99
5540,BENIGN,72.79
5541,BENIGN,90.84
5542,BENIGN,92.97
5543,BENIGN,89.15
5544,BENIGN,86.39
5545,BENIGN,55.89
5546,BENIGN,68.84
5547,BENIGN,71.22
5548,BENIGN,82.76
5549,BENIGN,69.2
5550,BENIGN,69.36
5551,BENIGN,71.05
5552,BENIGN,69.73
5553,BENIGN,78.92
5554,BENIGN,72.05
5555,BENIGN,75.27
5556,BENIGN,68.55
5557,BENIGN,72.11
5558,BENIGN,69.7
5559,BENIGN,68.82
5560,BENIGN,70.54
5561,BENIGN,67.75
5562,BENIGN,74.11
5563,BENIGN,71.47
5564,BENIGN,76.41
5565,BENIGN,68.55
5566,BENIGN,68.29
5567,BENIGN,68.88
5568,BENIGN,72.55
5569,BENIGN,67.66
5570,BENIGN,77.12
5571,BENIGN,68.84
5572,BENIGN,71.62
5573,BENIGN,72.8
5574,BENIGN,73.25
5575,BENIGN,67.77
5576,BENIGN,83.27
5577,BENIGN,69.71
5578,BENIGN,69.59
5579,BENIGN,69.04
5580,BENIGN,67.98
5581,BENIGN,74.62
5582,BENIGN,75.66
5583,BENIGN,72.32
5584,BENIGN,73.07
5585,BENIGN,70.64
5586,BENIGN,68.9
5587,BENIGN,69.36
5588,BENIGN,74.24
5589,BENIGN,76.39
5590,BENIGN,72.41
5591,BENIGN,69.29
5592,BENIGN,69.16
5593,BENIGN,68.5
5594,BENIGN,72.26
5595,BENIGN,70.21
5596,BENIGN,70.98
5597,BENIGN,75.7
5598,BENIGN,72.11
5599,BENIGN,72.47
5600,BENIGN,73.13
5601,BENIGN,77.24
5602,BENIGN,78.26
5603,BENIGN,69.04
5604,BENIGN,80.04
5605,BENIGN,72.55
5606,BENIGN,69.83
5607,BENIGN,74.26
5608,BENIGN,69.49
5609,BENIGN,79.94
5610,BENIGN,70.44
5611,BENIGN,77.89
5612,BENIGN,80.06
5613,BENIGN,70.13
5614,BENIGN,74.1
5615,BENIGN,77.43
5616,BENIGN,84.47
5617,BENIGN,77.95
5618,BENIGN,69.15
5619,BENIGN,73.89
5620,BENIGN,69.76
5621,BENIGN,70.52
5622,BENIGN,75.24
5623,BENIGN,77.37
5624,BENIGN,75.98
5625,BENIGN,70.72
5626,BENIGN,83.36
5627,BENIGN,70.13
5628,BENIGN,67.67
5629,BENIGN,72.47
5630,BENIGN,70.82
5631,BENIGN,70.62
5632,BENIGN,72.7
5633,BENIGN,69.76
5634,BENIGN,70.53
5635,BENIGN,75.68
5636,BENIGN,72.35
5637,BENIGN,70.46
5638,BENIGN,74.14
5639,BENIGN,70.62
5640,BENIGN,69.79
5641,BENIGN,72.01
5642,BENIGN,70.2
5643,BENIGN,73.84
5644,BENIGN,74.55
5645,BENIGN,72.94
5646,BENIGN,72.53
5647,BENIGN,71.31
5648,BENIGN,69.43
5649,BENIGN,69.68
5650,BENIGN,72.01
5651,BENIGN,69.22
5652,BENIGN,72.64
5653,BENIGN,72.57
5654,BENIGN,74.48
5655,BENIGN,67.55
5656,BENIGN,71.52
5657,BENIGN,74.4
5658,BENIGN,71.44
5659,BENIGN,71.13
5660,BENIGN,75.31
5661,BENIGN,68.2
5662,BENIGN,70.99
5663,BENIGN,71.31
5664,BENIGN,73.51
5665,BENIGN,75.36
5666,BENIGN,70.15
5667,BENIGN,69.39
5668,BENIGN,70.12
5669,BENIGN,74.67
5670,BENIGN,69.16
5671,BENIGN,68.44
5672,BENIGN,70.01
5673,BENIGN,74.72
5674,BENIGN,74.21
5675,BENIGN,71.93
5676,BENIGN,70.5
5677,BENIGN,70.62
5678,BENIGN,70.77
5679,BENIGN,71.89
5680,BENIGN,74.24
5681,BENIGN,74.98
5682,BENIGN,70.36
5683,BENIGN,68.78
5684,BENIGN,88.81
5685,BENIGN,87.95
5686,BENIGN,71.92
5687,BENIGN,79.01
5688,BENIGN,73.33
5689,BENIGN,71.31
5690,BENIGN,70.14
5691,BENIGN,73.59
5692,BENIGN,63.21
5693,BENIGN,68.66
5694,BENIGN,66.25
5695,BENIGN,71.07
5696,BENIGN,69.45
5697,BENIGN,71.31
5698,BENIGN,80.96
5699,BENIGN,66.77
5700,BENIGN,74.15
5701,BENIGN,69.69
5702,BENIGN,69.65
5703,BENIGN,68.94
5704,BENIGN,68.75
5705,BENIGN,71.12
5706,BENIGN,70.07
5707,BENIGN,74.87
5708,BENIGN,73.33
5709,BENIGN,69.51
5710,BENIGN,72.9
5711,BENIGN,69.9
5712,BENIGN,71.86
5713,BENIGN,68.37
5714,BENIGN,69.33
5715,BENIGN,71.71
5716,BENIGN,72.66
5717,BENIGN,77.81
5718,BENIGN,69.35
5719,BENIGN,79.53
5720,BENIGN,75.89
5721,BENIGN,69.07
5722,BENIGN,54.78
5723,BENIGN,76.07
5724,BENIGN,67.32
5725,BENIGN,76.83
5726,BENIGN,70.66
5727,BENIGN,81.0
5728,BENIGN,73.6
5729,BENIGN,79.83
5730,BENIGN,69.29
5731,BENIGN,79.81
5732,BENIGN,68.73
5733,BENIGN,67.97
5734,BENIGN,71.01
5735,BENIGN,72.17
5736,BENIGN,70.34
5737,BENIGN,68.49
5738,BENIGN,70.37
5739,BENIGN,68.85
5740,BENIGN,69.69
5741,BENIGN,70.07
5742,BENIGN,68.21
5743,BENIGN,67.55
5744,BENIGN,68.63
5745,BENIGN,71.95
5746,BENIGN,75.36
5747,BENIGN,67.57
5748,BENIGN,70.82
5749,BENIGN,80.79
5750,BENIGN,72.8
5751,BENIGN,71.18
5752,BENIGN,75.38
5753,BENIGN,71.65
5754,BENIGN,70.12
5755,BENIGN,70.58
5756,BENIGN,84.82
5757,BENIGN,68.33
5758,BENIGN,72.3
5759,BENIGN,71.33
5760,BENIGN,71.06
5761,BENIGN,70.11
5762,BENIGN,79.06
5763,BENIGN,69.12
5764,BENIGN,78.61
5765,BENIGN,70.18
5766,BENIGN,77.91
5767,BENIGN,71.85
5768,BENIGN,71.54
5769,BENIGN,70.14
5770,BENIGN,70.15
5771,BENIGN,71.18
5772,BENIGN,71.65
5773,BENIGN,71.5
5774,BENIGN,69.96
5775,BENIGN,71.97
5776,BENIGN,69.66
5777,BENIGN,70.81
5778,BENIGN,71.19
5779,BENIGN,70.7
5780,BENIGN,71.04
5781,BENIGN,72.48
5782,BENIGN,77.64
5783,BENIGN,70.4
5784,BENIGN,70.57
5785,BENIGN,72.54
5786,BENIGN,68.03
5787,BENIGN,69.53
5788,BENIGN,69.52
5789,BENIGN,75.36
5790,BENIGN,69.92
5791,BENIGN,69.24
5792,BENIGN,68.51
5793,BENIGN,70.83
5794,BENIGN,68.57
5795,BENIGN,68.52
5796,BENIGN,68.51
5797,BENIGN,64.19
5798,BENIGN,71.26
5799,BENIGN,77.51
5800,BENIGN,88.04
5801,BENIGN,67.82
5802,BENIGN,72.17
5803,BENIGN,72.69
5804,BENIGN,70.08
5805,BENIGN,70.38
5806,BENIGN,68.6
5807,BENIGN,69.81
5808,BENIGN,73.43
5809,BENIGN,78.38
5810,BENIGN,75.72
5811,BENIGN,70.85
5812,BENIGN,75.32
5813,BENIGN,82.37
5814,BENIGN,83.94
5815,BENIGN,71.16
5816,BENIGN,69.81
5817,BENIGN,69.58
5818,BENIGN,72.96
5819,BENIGN,70.67
5820,BENIGN,69.68
5821,BENIGN,69.53
5822,BENIGN,67.53
5823,BENIGN,69.89
5824,BENIGN,67.2
5825,BENIGN,68.7
5826,BENIGN,78.96
5827,BENIGN,69.31
5828,BENIGN,72.13
5829,BENIGN,75.04
5830,BENIGN,71.31
5831,BENIGN,68.91
5832,BENIGN,71.32
5833,BENIGN,70.28
5834,BENIGN,70.23
5835,BENIGN,70.54
5836,BENIGN,71.75
5837,BENIGN,67.62
5838,BENIGN,72.65
5839,BENIGN,82.87
5840,BENIGN,69.04
5841,BENIGN,69.8
5842,BENIGN,69.94
5843,BENIGN,71.85
5844,BENIGN,74.63
5845,BENIGN,72.08
5846,BENIGN,73.41
5847,BENIGN,74.41
5848,BENIGN,69.95
5849,BENIGN,71.79
5850,BENIGN,71.78
5851,BENIGN,72.23
5852,BENIGN,75.75
5853,BENIGN,69.3
5854,BENIGN,76.8
5855,BENIGN,69.19
5856,BENIGN,78.31
5857,BENIGN,75.89
5858,BENIGN,68.2
5859,BENIGN,71.03
5860,BENIGN,72.85
5861,BENIGN,70.58
5862,BENIGN,69.87
5863,BENIGN,71.4
5864,BENIGN,73.81
5865,BENIGN,71.64
5866,BENIGN,72.98
5867,BENIGN,92.81
5868,BENIGN,70.6
5869,BENIGN,71.63
5870,BENIGN,72.0
5871,BENIGN,68.68
5872,BENIGN,72.24
5873,BENIGN,70.23
5874,BENIGN,73.44
5875,BENIGN,76.41
5876,BENIGN,73.53
5877,BENIGN,73.71
5878,BENIGN,71.19
5879,BENIGN,76.2
5880,BENIGN,79.38
5881,BENIGN,78.05
5882,BENIGN,71.37
5883,BENIGN,69.75
5884,BENIGN,79.64
5885,BENIGN,72.95
5886,BENIGN,68.43
5887,BENIGN,81.46
5888,BENIGN,72.28
5889,BENIGN,72.76
5890,BENIGN,80.71
5891,BENIGN,76.92
5892,BENIGN,71.93
5893,BENIGN,75.42
5894,BENIGN,75.23
5895,BENIGN,70.49
5896,BENIGN,72.16
5897,BENIGN,68.75
5898,BENIGN,72.07
5899,BENIGN,72.11
5900,BENIGN,79.99
5901,BENIGN,69.75
5902,BENIGN,75.13
5903,BENIGN,80.36
5904,BENIGN,72.13
5905,BENIGN,74.3
5906,BENIGN,78.05
5907,BENIGN,75.55
5908,BENIGN,73.25
5909,BENIGN,71.71
5910,BENIGN,70.88
5911,BENIGN,72.11
5912,BENIGN,69.23
5913,BENIGN,68.85
5914,BENIGN,79.25
5915,BENIGN,71.24
5916,BENIGN,71.04
5917,BENIGN,71.71
5918,BENIGN,69.8
5919,BENIGN,67.99
5920,BENIGN,72.21
5921,BENIGN,70.08
5922,BENIGN,71.78
5923,BENIGN,74.72
5924,BENIGN,73.67
5925,BENIGN,72.75
5926,BENIGN,70.34
5927,BENIGN,67.81
5928,BENIGN,69.28
5929,BENIGN,69.46
5930,BENIGN,71.78
5931,BENIGN,74.31
5932,BENIGN,75.98
5933,BENIGN,91.87
5934,BENIGN,70.27
5935,BENIGN,71.56
5936,BENIGN,71.03
5937,BENIGN,70.3
5938,BENIGN,70.65
5939,BENIGN,71.27
5940,BENIGN,67.4
5941,BENIGN,70.27
5942,BENIGN,68.98
5943,BENIGN,58.31
5944,BENIGN,62.53
5945,BENIGN,68.4
5946,BENIGN,70.43
5947,BENIGN,71.86
5948,BENIGN,71.85
5949,BENIGN,70.87
5950,BENIGN,71.21
5951,BENIGN,70.13
5952,BENIGN,70.8
5953,BENIGN,73.39
5954,BENIGN,69.02
5955,BENIGN,70.88
5956,BENIGN,69.31
5957,BENIGN,74.2
5958,BENIGN,69.37
5959,BENIGN,69.92
5960,BENIGN,70.41
5961,BENIGN,69.02
5962,BENIGN,70.85
5963,BENIGN,82.5
5964,BENIGN,70.37
5965,BENIGN,85.72
5966,BENIGN,73.81
5967,BENIGN,73.31
5968,BENIGN,70.67
5969,BENIGN,71.17
5970,BENIGN,71.29
5971,BENIGN,75.12
5972,BENIGN,70.56
5973,BENIGN,75.76
5974,BENIGN,72.64
5975,BENIGN,73.36
5976,BENIGN,73.29
5977,BENIGN,79.78
5978,BENIGN,72.41
5979,BENIGN,71.57
5980,BENIGN,71.49
5981,BENIGN,79.46
5982,BENIGN,71.96
5983,BENIGN,74.93
5984,BENIGN,74.44
5985,BENIGN,68.69
5986,BENIGN,69.64
5987,BENIGN,71.68
5988,BENIGN,77.68
5989,BENIGN,71.77
5990,BENIGN,73.39
5991,BENIGN,72.92
5992,BENIGN,76.54
5993,BENIGN,70.11
5994,BENIGN,73.58
5995,BENIGN,71.65
5996,BENIGN,67.76
5997,BENIGN,71.3
5998,BENIGN,71.42
5999,BENIGN,73.81
6000,BENIGN,71.52
6001,BENIGN,83.48
6002,BENIGN,73.03
6003,BENIGN,69.54
6004,BENIGN,67.19
6005,BENIGN,75.65
6006,BENIGN,75.96
6007,BENIGN,71.11
6008,BENIGN,73.74
6009,BENIGN,76.04
6010,BENIGN,73.77
6011,BENIGN,79.15
6012,BENIGN,82.63
6013,BENIGN,71.13
6014,BENIGN,71.45
6015,BENIGN,69.62
6016,BENIGN,70.78
6017,BENIGN,68.95
6018,BENIGN,69.47
6019,BENIGN,70.57
6020,BENIGN,70.39
6021,BENIGN,71.68
6022,BENIGN,69.86
6023,BENIGN,74.96
6024,BENIGN,77.16
6025,BENIGN,80.29
6026,BENIGN,70.67
6027,BENIGN,71.29
6028,BENIGN,75.24
6029,BENIGN,73.26
6030,BENIGN,71.07
6031,BENIGN,74.08
6032,BENIGN,74.18
6033,BENIGN,78.03
6034,BENIGN,75.46
6035,BENIGN,84.03
6036,BENIGN,71.56
6037,BENIGN,78.55
6038,BENIGN,79.73
6039,BENIGN,70.6
6040,BENIGN,71.34
6041,BENIGN,73.91
6042,BENIGN,79.65
6043,BENIGN,76.13
6044,BENIGN,72.36
6045,BENIGN,76.75
6046,BENIGN,75.31
6047,BENIGN,71.24
6048,BENIGN,69.64
6049,BENIGN,75.62
6050,BENIGN,71.47
6051,BENIGN,81.67
6052,BENIGN,69.3
6053,BENIGN,76.11
6054,BENIGN,77.72
6055,BENIGN,68.47
6056,BENIGN,70.69
6057,BENIGN,70.24
6058,BENIGN,70.35
6059,BENIGN,75.97
6060,BENIGN,72.95
6061,BENIGN,74.1
6062,BENIGN,71.2
6063,BENIGN,69.14
6064,BENIGN,72.4
6065,BENIGN,70.85
6066,BENIGN,71.24
6067,BENIGN,80.31
6068,BENIGN,70.7
6069,BENIGN,69.06
6070,BENIGN,72.31
6071,BENIGN,70.2
6072,BENIGN,69.04
6073,BENIGN,69.31
6074,BENIGN,70.49
6075,BENIGN,71.65
6076,BENIGN,74.57
6077,BENIGN,71.15
6078,BENIGN,72.48
6079,BENIGN,70.87
6080,BENIGN,69.76
6081,BENIGN,79.62
6082,BENIGN,75.75
6083,BENIGN,69.29
6084,BENIGN,73.37
6085,BENIGN,69.59
6086,BENIGN,71.1
6087,BENIGN,68.05
6088,BENIGN,70.74
6089,BENIGN,77.26
6090,BENIGN,76.94
6091,BENIGN,76.32
6092,BENIGN,69.23
6093,BENIGN,65.3
6094,BENIGN,66.17
6095,BENIGN,74.16
6096,BENIGN,75.69
6097,BENIGN,70.51
6098,BENIGN,70.58
6099,BENIGN,72.74
6100,BENIGN,67.71
6101,BENIGN,72.96
6102,BENIGN,68.76
6103,BENIGN,74.59
6104,BENIGN,70.66
6105,BENIGN,70.31
6106,BENIGN,70.93
6107,BENIGN,74.34
6108,BENIGN,70.4
6109,BENIGN,70.77
6110,BENIGN,79.78
6111,BENIGN,73.26
6112,BENIGN,72.05
6113,BENIGN,70.49
6114,BENIGN,69.48
6115,BENIGN,78.94
6116,BENIGN,72.62
6117,BENIGN,71.16
6118,BENIGN,70.67
6119,BENIGN,83.57
6120,BENIGN,71.56
6121,BENIGN,73.85
6122,BENIGN,85.28
6123,BENIGN,77.06
6124,BENIGN,71.06
6125,BENIGN,70.78
6126,BENIGN,70.96
6127,BENIGN,69.7
6128,BENIGN,77.15
6129,BENIGN,70.86
6130,BENIGN,72.76
6131,BENIGN,71.34
6132,BENIGN,68.77
6133,BENIGN,64.63
6134,BENIGN,70.89
6135,BENIGN,71.23
6136,BENIGN,72.42
6137,BENIGN,69.35
6138,BENIGN,69.6
6139,BENIGN,71.19
6140,BENIGN,72.45
6141,BENIGN,69.81
6142,BENIGN,71.48
6143,BENIGN,62.81
6144,BENIGN,78.41
6145,BENIGN,68.48
6146,BENIGN,74.17
6147,BENIGN,78.12
6148,BENIGN,74.72
6149,BENIGN,75.09
6150,BENIGN,76.94
6151,BENIGN,70.23
6152,BENIGN,71.01
6153,BENIGN,73.31
6154,BENIGN,77.45
6155,BENIGN,70.73
6156,BENIGN,74.43
6157,BENIGN,72.2
6158,BENIGN,72.73
6159,BENIGN,77.5
6160,BENIGN,79.62
6161,BENIGN,72.48
6162,BENIGN,71.67
6163,BENIGN,70.74
6164,BENIGN,73.16
6165,BENIGN,73.89
6166,BENIGN,69.59
6167,BENIGN,76.63
6168,BENIGN,68.43
6169,BENIGN,69.47
6170,BENIGN,72.83
6171,BENIGN,92.33
6172,BENIGN,86.94
6173,BENIGN,80.58
6174,BENIGN,88.27
6175,BENIGN,75.82
6176,BENIGN,73.19
6177,BENIGN,82.93
6178,BENIGN,68.94
6179,BENIGN,75.59
6180,BENIGN,73.28
6181,BENIGN,70.37
6182,BENIGN,74.69
6183,BENIGN,69.83
6184,BENIGN,72.07
6185,BENIGN,68.75
6186,BENIGN,55.22
6187,BENIGN,68.36
6188,BENIGN,72.62
6189,BENIGN,73.65
6190,BENIGN,69.03
6191,BENIGN,77.78
6192,BENIGN,72.68
6193,BENIGN,70.27
6194,BENIGN,83.22
6195,BENIGN,69.6
6196,BENIGN,69.24
6197,BENIGN,70.28
6198,BENIGN,71.98
6199,BENIGN,69.82
6200,BENIGN,74.48
6201,BENIGN,79.72
6202,BENIGN,70.54
6203,BENIGN,85.7
6204,BENIGN,72.61
6205,BENIGN,70.07
6206,BENIGN,71.54
6207,BENIGN,72.35
6208,BENIGN,76.64
6209,BENIGN,71.33
6210,BENIGN,70.75
6211,BENIGN,70.49
6212,BENIGN,71.01
6213,BENIGN,73.05
6214,BENIGN,69.43
6215,BENIGN,72.06
6216,BENIGN,70.51
6217,BENIGN,69.08
6218,BENIGN,72.49
6219,BENIGN,70.64
6220,BENIGN,71.71
6221,BENIGN,70.01
6222,BENIGN,73.19
6223,BENIGN,87.96
6224,BENIGN,73.54
6225,BENIGN,69.96
6226,BENIGN,71.66
6227,BENIGN,65.47
6228,BENIGN,70.35
6229,BENIGN,68.81
6230,BENIGN,72.54
6231,BENIGN,75.78
6232,BENIGN,67.19
6233,BENIGN,78.07
6234,BENIGN,71.06
6235,BENIGN,69.2
6236,BENIGN,73.64
6237,BENIGN,73.74
6238,BENIGN,68.93
6239,BENIGN,74.05
6240,BENIGN,72.72
6241,BENIGN,72.5
6242,BENIGN,71.06
6243,BENIGN,69.24
6244,BENIGN,82.84
6245,BENIGN,81.69
6246,BENIGN,71.77
6247,BENIGN,70.76
6248,BENIGN,70.63
6249,BENIGN,78.07
6250,BENIGN,72.7
6251,BENIGN,70.08
6252,BENIGN,75.23
6253,BENIGN,70.95
6254,BENIGN,71.22
6255,BENIGN,75.32
6256,BENIGN,71.12
6257,BENIGN,70.08
6258,BENIGN,69.81
6259,BENIGN,70.91
6260,BENIGN,78.76
6261,BENIGN,73.31
6262,BENIGN,67.35
6263,BENIGN,69.45
6264,BENIGN,68.42
6265,BENIGN,71.31
6266,BENIGN,73.28
6267,BENIGN,73.71
6268,BENIGN,70.96
6269,BENIGN,74.52
6270,BENIGN,70.67
6271,BENIGN,71.29
6272,BENIGN,72.02
6273,BENIGN,71.45
6274,BENIGN,70.92
6275,BENIGN,70.33
6276,BENIGN,70.76
6277,BENIGN,69.08
6278,BENIGN,71.17
6279,BENIGN,68.34
6280,BENIGN,67.9
6281,BENIGN,68.84
6282,BENIGN,69.02
6283,BENIGN,69.37
6284,BENIGN,76.46
6285,BENIGN,70.61
6286,BENIGN,68.84
6287,BENIGN,68.88
6288,BENIGN,71.76
6289,BENIGN,70.89
6290,BENIGN,72.31
6291,BENIGN,70.56
6292,BENIGN,82.03
6293,BENIGN,69.36
6294,BENIGN,71.03
6295,BENIGN,72.53
6296,BENIGN,74.41
6297,BENIGN,71.62
6298,BENIGN,71.07
6299,BENIGN,97.95
6300,BENIGN,75.14
6301,BENIGN,85.95
6302,BENIGN,70.39
6303,BENIGN,73.49
6304,BENIGN,72.98
6305,BENIGN,73.83
6306,BENIGN,75.82
6307,BENIGN,71.52
6308,BENIGN,72.56
6309,BENIGN,77.29
6310,BENIGN,70.89
6311,BENIGN,67.87
6312,BENIGN,71.89
6313,BENIGN,90.68
6314,BENIGN,75.15
6315,BENIGN,71.73
6316,BENIGN,74.42
6317,BENIGN,70.72
6318,BENIGN,67.64
6319,BENIGN,69.96
6320,BENIGN,67.29
6321,BENIGN,76.18
6322,BENIGN,75.49
6323,BENIGN,69.33
6324,BENIGN,69.84
6325,BENIGN,77.42
6326,BENIGN,75.36
6327,BENIGN,69.21
6328,BENIGN,71.53
6329,BENIGN,70.35
6330,BENIGN,76.75
6331,BENIGN,70.75
6332,BENIGN,73.59
6333,BENIGN,90.52
6334,BENIGN,77.75
6335,BENIGN,97.9
6336,BENIGN,68.93
6337,BENIGN,71.81
6338,BENIGN,72.89
6339,BENIGN,70.97
6340,BENIGN,70.55
6341,BENIGN,71.33
6342,BENIGN,71.53
6343,BENIGN,69.38
6344,BENIGN,71.22
6345,BENIGN,70.96
6346,BENIGN,70.45
6347,BENIGN,68.91
6348,BENIGN,70.56
6349,BENIGN,71.9
6350,BENIGN,73.42
6351,BENIGN,76.63
6352,BENIGN,77.15
6353,BENIGN,79.51
6354,BENIGN,74.46
6355,BENIGN,68.77
6356,BENIGN,72.64
6357,BENIGN,71.67
6358,BENIGN,68.83
6359,BENIGN,74.58
6360,BENIGN,76.14
6361,BENIGN,72.13
6362,BENIGN,70.72
6363,BENIGN,70.1
6364,BENIGN,78.61
6365,BENIGN,70.77
6366,BENIGN,70.8
6367,BENIGN,69.63
6368,BENIGN,76.14
6369,BENIGN,70.61
6370,BENIGN,71.81
6371,BENIGN,71.16
6372,BENIGN,69.19
6373,BENIGN,69.87
6374,BENIGN,70.41
6375,BENIGN,70.58
6376,BENIGN,73.55
6377,BENIGN,69.84
6378,BENIGN,70.24
6379,BENIGN,69.28
6380,BENIGN,67.7
6381,BENIGN,71.18
6382,BENIGN,71.12
6383,BENIGN,78.57
6384,BENIGN,69.91
6385,BENIGN,70.18
6386,BENIGN,69.65
6387,BENIGN,68.89
6388,BENIGN,72.15
6389,BENIGN,69.43
6390,BENIGN,68.75
6391,BENIGN,72.36
6392,BENIGN,76.84
6393,BENIGN,71.56
6394,BENIGN,74.42
6395,BENIGN,72.03
6396,BENIGN,72.67
6397,BENIGN,75.95
6398,BENIGN,72.96
6399,BENIGN,69.32
6400,BENIGN,70.28
6401,BENIGN,69.12
6402,BENIGN,70.78
6403,BENIGN,79.0
6404,BENIGN,70.92
6405,BENIGN,73.46
6406,BENIGN,70.8
6407,BENIGN,80.97
6408,BENIGN,69.22
6409,BENIGN,72.98
6410,BENIGN,80.71
6411,BENIGN,74.54
6412,BENIGN,68.9
6413,BENIGN,71.31
6414,BENIGN,68.47
6415,BENIGN,71.61
6416,BENIGN,70.57
6417,BENIGN,70.19
6418,BENIGN,69.76
6419,BENIGN,76.84
6420,BENIGN,72.74
6421,BENIGN,72.97
6422,BENIGN,69.39
6423,BENIGN,68.03
6424,BENIGN,68.87
6425,BENIGN,68.42
6426,BENIGN,79.23
6427,BENIGN,69.71
6428,BENIGN,69.8
6429,BENIGN,70.68
6430,BENIGN,73.15
6431,BENIGN,72.37
6432,BENIGN,73.5
6433,BENIGN,80.34
6434,BENIGN,72.67
6435,BENIGN,76.24
6436,BENIGN,78.37
6437,BENIGN,75.96
6438,BENIGN,76.07
6439,BENIGN,76.14
6440,BENIGN,72.82
6441,BENIGN,72.85
6442,BENIGN,68.79
6443,BENIGN,75.07
6444,BENIGN,70.02
6445,BENIGN,76.76
6446,BENIGN,68.91
6447,BENIGN,73.21
6448,BENIGN,72.02
6449,BENIGN,71.09
6450,BENIGN,70.22
6451,BENIGN,69.99
6452,BENIGN,68.44
6453,BENIGN,71.09
6454,BENIGN,71.19
6455,BENIGN,69.35
6456,BENIGN,66.32
6457,BENIGN,69.0
6458,BENIGN,71.84
6459,BENIGN,67.43
6460,BENIGN,72.18
6461,BENIGN,71.67
6462,BENIGN,72.98
6463,BENIGN,70.0
6464,BENIGN,74.76
6465,BENIGN,73.15
6466,BENIGN,82.51
6467,BENIGN,73.44
6468,BENIGN,73.91
6469,BENIGN,75.91
6470,BENIGN,72.73
6471,BENIGN,70.87
6472,BENIGN,68.92
6473,BENIGN,69.48
6474,BENIGN,79.62
6475,BENIGN,68.38
6476,BENIGN,68.91
6477,BENIGN,68.63
6478,BENIGN,71.08
6479,BENIGN,67.86
6480,BENIGN,71.7
6481,BENIGN,68.27
6482,BENIGN,72.93
6483,BENIGN,71.62
6484,BENIGN,68.92
6485,BENIGN,75.65
6486,BENIGN,75.55
6487,BENIGN,76.69
6488,BENIGN,68.46
6489,BENIGN,69.88
6490,BENIGN,68.98
6491,BENIGN,69.38
6492,BENIGN,68.41
6493,BENIGN,71.12
6494,BENIGN,71.49
6495,BENIGN,72.48
6496,BENIGN,67.97
6497,BENIGN,69.0
6498,BENIGN,69.09
6499,BENIGN,69.89
6500,BENIGN,68.02
6501,BENIGN,71.2
6502,BENIGN,73.31
6503,BENIGN,69.38
6504,BENIGN,72.25
6505,BENIGN,68.9
6506,BENIGN,72.85
6507,BENIGN,68.2
6508,BENIGN,71.45
6509,BENIGN,80.49
6510,BENIGN,72.85
6511,BENIGN,72.34
6512,BENIGN,73.37
6513,BENIGN,68.6
6514,BENIGN,77.51
6515,BENIGN,69.92
6516,BENIGN,72.45
6517,BENIGN,63.33
6518,BENIGN,74.47
6519,BENIGN,72.07
6520,BENIGN,68.19
6521,BENIGN,72.79
6522,BENIGN,71.22
6523,BENIGN,71.62
6524,BENIGN,73.42
6525,BENIGN,70.91
6526,BENIGN,70.91
6527,BENIGN,70.76
6528,BENIGN,72.75
6529,BENIGN,78.52
6530,BENIGN,69.44
6531,BENIGN,72.73
6532,BENIGN,71.13
6533,BENIGN,76.65
6534,BENIGN,70.31
6535,BENIGN,75.27
6536,BENIGN,70.74
6537,BENIGN,72.73
6538,BENIGN,70.79
6539,BENIGN,70.25
6540,BENIGN,73.17
6541,BENIGN,75.62
6542,BENIGN,77.88
6543,BENIGN,79.69
6544,BENIGN,76.44
6545,BENIGN,71.31
6546,BENIGN,69.6
6547,BENIGN,67.33
6548,BENIGN,69.53
6549,BENIGN,68.67
6550,BENIGN,69.97
6551,BENIGN,70.94
6552,BENIGN,75.99
6553,BENIGN,74.05
6554,BENIGN,74.19
6555,BENIGN,66.18
6556,BENIGN,73.24
6557,BENIGN,70.44
6558,BENIGN,69.09
6559,BENIGN,69.61
6560,BENIGN,77.05
6561,BENIGN,71.43
6562,BENIGN,74.89
6563,BENIGN,79.38
6564,BENIGN,79.52
6565,BENIGN,68.15
6566,BENIGN,81.61
6567,BENIGN,70.59
6568,BENIGN,77.51
6569,BENIGN,71.48
6570,BENIGN,68.61
6571,BENIGN,69.6
6572,BENIGN,77.75
6573,BENIGN,82.62
6574,BENIGN,69.21
6575,BENIGN,69.35
6576,BENIGN,64.06
6577,BENIGN,70.3
6578,BENIGN,70.56
6579,BENIGN,73.53
6580,BENIGN,71.47
6581,BENIGN,70.79
6582,BENIGN,69.69
6583,BENIGN,71.31
6584,BENIGN,71.86
6585,BENIGN,71.29
6586,BENIGN,72.63
6587,BENIGN,79.6
6588,BENIGN,71.44
6589,BENIGN,71.43
6590,BENIGN,77.92
6591,BENIGN,68.74
6592,BENIGN,73.15
6593,BENIGN,70.26
6594,BENIGN,71.01
6595,BENIGN,69.5
6596,BENIGN,71.71
6597,BENIGN,66.25
6598,BENIGN,91.72
6599,BENIGN,69.64
6600,BENIGN,67.98
6601,BENIGN,71.32
6602,BENIGN,73.55
6603,BENIGN,69.91
6604,BENIGN,70.21
6605,BENIGN,69.51
6606,BENIGN,70.97
6607,BENIGN,69.45
6608,BENIGN,72.63
6609,BENIGN,70.78
6610,BENIGN,70.32
6611,BENIGN,71.74
6612,BENIGN,68.38
6613,BENIGN,70.82
6614,BENIGN,69.02
6615,BENIGN,70.31
6616,BENIGN,70.68
6617,BENIGN,74.31
6618,BENIGN,72.71
6619,BENIGN,79.07
6620,BENIGN,70.67
6621,BENIGN,68.76
6622,BENIGN,75.79
6623,BENIGN,74.89
6624,BENIGN,70.02
6625,BENIGN,75.71
6626,BENIGN,76.99
6627,BENIGN,78.78
6628,BENIGN,85.12
6629,BENIGN,83.27
6630,BENIGN,79.94
6631,BENIGN,77.28
6632,BENIGN,69.48
6633,BENIGN,79.16
6634,BENIGN,73.22
6635,BENIGN,72.3
6636,BENIGN,75.92
6637,BENIGN,68.87
6638,BENIGN,74.36
6639,BENIGN,70.76
6640,BENIGN,69.1
6641,BENIGN,69.91
6642,BENIGN,72.3
6643,BENIGN,69.42
6644,BENIGN,72.77
6645,BENIGN,75.52
6646,BENIGN,69.78
6647,BENIGN,70.21
6648,BENIGN,71.11
6649,BENIGN,74.99
6650,BENIGN,71.09
6651,BENIGN,72.59
6652,BENIGN,70.53
6653,BENIGN,68.81
6654,BENIGN,69.36
6655,BENIGN,74.04
6656,BENIGN,69.87
6657,BENIGN,71.36
6658,BENIGN,75.79
6659,BENIGN,70.54
6660,BENIGN,69.98
6661,BENIGN,75.51
6662,BENIGN,73.67
6663,BENIGN,74.6
6664,BENIGN,83.07
6665,BENIGN,70.05
6666,BENIGN,74.87
6667,BENIGN,77.9
6668,BENIGN,73.48
6669,BENIGN,72.36
6670,BENIGN,73.1
6671,BENIGN,71.29
6672,BENIGN,68.34
6673,BENIGN,72.11
6674,BENIGN,72.02
6675,BENIGN,82.44
6676,BENIGN,72.6
6677,BENIGN,71.21
6678,BENIGN,71.75
6679,BENIGN,67.92
6680,BENIGN,71.43
6681,BENIGN,70.67
6682,BENIGN,69.31
6683,BENIGN,70.19
6684,BENIGN,74.16
6685,BENIGN,68.84
6686,BENIGN,79.13
6687,BENIGN,73.64
6688,BENIGN,80.52
6689,BENIGN,70.15
6690,BENIGN,69.65
6691,BENIGN,77.88
6692,BENIGN,74.29
6693,BENIGN,93.69
6694,BENIGN,72.03
6695,BENIGN,77.97
6696,BENIGN,77.09
6697,BENIGN,79.47
6698,BENIGN,71.17
6699,BENIGN,70.14
6700,BENIGN,69.14
6701,BENIGN,69.4
6702,BENIGN,71.23
6703,BENIGN,70.0
6704,BENIGN,70.84
6705,BENIGN,70.99
6706,BENIGN,71.42
6707,BENIGN,79.44
6708,BENIGN,69.58
6709,BENIGN,72.99
6710,BENIGN,81.74
6711,BENIGN,73.43
6712,BENIGN,71.21
6713,BENIGN,73.2
6714,BENIGN,69.81
6715,BENIGN,70.07
6716,BENIGN,80.66
6717,BENIGN,69.08
6718,BENIGN,69.82
6719,BENIGN,87.17
6720,BENIGN,71.51
6721,BENIGN,77.27
6722,BENIGN,75.84
6723,BENIGN,81.36
6724,BENIGN,82.06
6725,BENIGN,70.68
6726,BENIGN,72.53
6727,BENIGN,71.67
6728,BENIGN,71.66
6729,BENIGN,70.97
6730,BENIGN,70.98
6731,BENIGN,82.78
6732,BENIGN,77.23
6733,BENIGN,83.41
6734,BENIGN,71.35
6735,BENIGN,71.79
6736,BENIGN,77.44
6737,BENIGN,68.09
6738,BENIGN,71.22
6739,BENIGN,79.12
6740,BENIGN,68.17
6741,BENIGN,69.9
6742,BENIGN,77.37
6743,BENIGN,80.06
6744,BENIGN,74.52
6745,BENIGN,70.11
6746,BENIGN,71.61
6747,BENIGN,84.83
6748,BENIGN,74.02
6749,BENIGN,73.71
6750,BENIGN,69.87
6751,BENIGN,75.89
6752,BENIGN,69.77
6753,BENIGN,70.63
6754,BENIGN,73.83
6755,BENIGN,70.5
6756,BENIGN,67.39
6757,BENIGN,76.2
6758,BENIGN,73.4
6759,BENIGN,73.89
6760,BENIGN,69.59
6761,BENIGN,76.91
6762,BENIGN,76.76
6763,BENIGN,77.01
6764,BENIGN,78.47
6765,BENIGN,72.36
6766,BENIGN,78.33
6767,BENIGN,76.23
6768,BENIGN,75.44
6769,BENIGN,71.35
6770,BENIGN,74.93
6771,BENIGN,78.43
6772,BENIGN,71.61
6773,BENIGN,66.17
6774,BENIGN,69.48
6775,BENIGN,73.76
6776,BENIGN,69.34
6777,BENIGN,71.05
6778,BENIGN,70.47
6779,BENIGN,68.99
6780,BENIGN,72.08
6781,BENIGN,81.92
6782,BENIGN,73.85
6783,BENIGN,70.49
6784,BENIGN,70.97
6785,BENIGN,70.02
6786,BENIGN,70.6
6787,BENIGN,77.65
6788,BENIGN,72.7
6789,BENIGN,71.84
6790,BENIGN,79.3
6791,BENIGN,70.83
6792,BENIGN,71.44
6793,BENIGN,73.63
6794,BENIGN,68.61
6795,BENIGN,70.19
6796,BENIGN,61.87
6797,BENIGN,76.05
6798,BENIGN,69.26
6799,BENIGN,70.9
6800,BENIGN,72.43
6801,BENIGN,71.7
6802,BENIGN,75.87
6803,BENIGN,63.32
6804,BENIGN,69.93
6805,BENIGN,62.52
6806,BENIGN,72.52
6807,BENIGN,70.06
6808,BENIGN,77.9
6809,BENIGN,70.77
6810,BENIGN,70.33
6811,BENIGN,72.77
6812,BENIGN,74.62
6813,BENIGN,73.27
6814,BENIGN,71.69
6815,BENIGN,72.21
6816,BENIGN,70.8
6817,BENIGN,74.61
6818,BENIGN,77.8
6819,BENIGN,72.31
6820,BENIGN,72.55
6821,BENIGN,76.44
6822,BENIGN,71.09
6823,BENIGN,82.17
6824,BENIGN,69.31
6825,BENIGN,69.01
6826,BENIGN,68.25
6827,BENIGN,71.0
6828,BENIGN,71.74
6829,BENIGN,71.17
6830,BENIGN,72.75
6831,BENIGN,79.83
6832,BENIGN,71.75
6833,BENIGN,71.82
6834,BENIGN,72.14
6835,BENIGN,70.79
6836,BENIGN,70.11
6837,BENIGN,72.25
6838,BENIGN,81.45
6839,BENIGN,70.81
6840,BENIGN,71.45
6841,BENIGN,81.26
6842,BENIGN,77.15
6843,BENIGN,79.04
6844,BENIGN,71.28
6845,BENIGN,71.33
6846,BENIGN,78.24
6847,BENIGN,68.51
6848,BENIGN,75.98
6849,BENIGN,77.28
6850,BENIGN,73.74
6851,BENIGN,69.69
6852,BENIGN,76.68
6853,BENIGN,80.6
6854,BENIGN,70.61
6855,BENIGN,75.51
6856,BENIGN,80.62
6857,BENIGN,71.47
6858,BENIGN,78.11
6859,BENIGN,69.84
6860,BENIGN,73.93
6861,BENIGN,72.45
6862,BENIGN,76.23
6863,BENIGN,72.49
6864,BENIGN,70.85
6865,BENIGN,71.44
6866,BENIGN,73.59
6867,BENIGN,74.42
6868,BENIGN,70.77
6869,BENIGN,69.14
6870,BENIGN,69.84
6871,BENIGN,69.85
6872,BENIGN,69.66
6873,BENIGN,74.14
6874,BENIGN,71.8
6875,BENIGN,70.66
6876,BENIGN,70.24
6877,BENIGN,70.51
6878,BENIGN,71.21
6879,BENIGN,74.69
6880,BENIGN,67.95
6881,BENIGN,77.13
6882,BENIGN,76.22
6883,BENIGN,71.56
6884,BENIGN,70.98
6885,BENIGN,68.76
6886,BENIGN,71.39
6887,BENIGN,70.38
6888,BENIGN,69.65
6889,BENIGN,71.11
6890,BENIGN,70.21
6891,BENIGN,74.77
6892,BENIGN,70.57
6893,BENIGN,73.43
6894,BENIGN,63.42
6895,BENIGN,72.5
6896,BENIGN,76.6
6897,BENIGN,56.85
6898,BENIGN,71.2
6899,BENIGN,70.13
6900,BENIGN,74.23
6901,BENIGN,68.65
6902,BENIGN,68.91
6903,BENIGN,67.05
6904,BENIGN,68.44
6905,BENIGN,70.63
6906,BENIGN,72.59
6907,BENIGN,72.45
6908,BENIGN,70.8
6909,BENIGN,73.87
6910,BENIGN,72.81
6911,BENIGN,70.52
6912,BENIGN,70.49
6913,BENIGN,79.92
6914,BENIGN,84.75
6915,BENIGN,69.52
6916,BENIGN,75.21
6917,BENIGN,78.62
6918,BENIGN,76.93
6919,BENIGN,72.87
6920,BENIGN,69.99
6921,BENIGN,71.28
6922,BENIGN,72.3
6923,BENIGN,71.67
6924,BENIGN,70.53
6925,BENIGN,68.56
6926,BENIGN,72.11
6927,BENIGN,71.31
6928,BENIGN,70.54
6929,BENIGN,70.18
6930,BENIGN,69.82
6931,BENIGN,72.18
6932,BENIGN,68.46
6933,BENIGN,73.17
6934,BENIGN,71.85
6935,BENIGN,69.34
6936,BENIGN,72.5
6937,BENIGN,71.69
6938,BENIGN,73.67
6939,BENIGN,71.29
6940,BENIGN,75.78
6941,BENIGN,69.38
6942,BENIGN,72.6
6943,BENIGN,67.88
6944,BENIGN,71.5
6945,BENIGN,67.82
6946,BENIGN,70.61
6947,BENIGN,68.1
6948,BENIGN,71.25
6949,BENIGN,68.1
6950,BENIGN,68.32
6951,BENIGN,68.89
6952,BENIGN,69.54
6953,BENIGN,69.84
6954,BENIGN,70.67
6955,BENIGN,68.11
6956,BENIGN,69.22
6957,BENIGN,72.92
6958,BENIGN,71.44
6959,BENIGN,77.29
6960,BENIGN,75.76
6961,BENIGN,72.03
6962,BENIGN,70.15
6963,BENIGN,71.83
6964,BENIGN,69.01
6965,BENIGN,73.1
6966,BENIGN,69.68
6967,BENIGN,68.01
6968,BENIGN,75.41
6969,BENIGN,71.69
6970,BENIGN,72.4
6971,BENIGN,69.65
6972,BENIGN,67.74
6973,BENIGN,74.85
6974,BENIGN,67.14
6975,BENIGN,72.64
6976,BENIGN,73.18
6977,BENIGN,70.98
6978,BENIGN,70.03
6979,BENIGN,84.01
6980,BENIGN,76.76
6981,BENIGN,69.76
6982,BENIGN,71.7
6983,BENIGN,68.81
6984,BENIGN,70.71
6985,BENIGN,71.86
6986,BENIGN,75.45
6987,BENIGN,75.83
6988,ATTACK,50.63
6989,BENIGN,68.96
6990,BENIGN,74.39
6991,BENIGN,69.14
6992,BENIGN,73.13
6993,BENIGN,75.17
6994,BENIGN,72.83
6995,BENIGN,69.42
6996,BENIGN,76.23
6997,BENIGN,75.62
6998,BENIGN,72.91
6999,BENIGN,78.35
7000,BENIGN,70.23
7001,BENIGN,73.52
7002,BENIGN,78.85
7003,BENIGN,80.47
7004,BENIGN,70.07
7005,BENIGN,72.34
7006,BENIGN,80.23
7007,BENIGN,71.11
7008,BENIGN,72.89
7009,BENIGN,75.01
7010,BENIGN,77.19
7011,BENIGN,72.17
7012,BENIGN,73.14
7013,BENIGN,92.11
7014,BENIGN,69.8
7015,BENIGN,75.3
7016,BENIGN,76.62
7017,BENIGN,74.64
7018,BENIGN,74.55
7019,BENIGN,71.01
7020,BENIGN,79.58
7021,BENIGN,81.51
7022,BENIGN,71.99
7023,BENIGN,70.43
7024,BENIGN,69.23
7025,BENIGN,72.56
7026,BENIGN,75.57
7027,BENIGN,70.72
7028,BENIGN,75.34
7029,BENIGN,73.91
7030,BENIGN,72.76
7031,BENIGN,70.91
7032,BENIGN,73.2
7033,BENIGN,71.71
7034,BENIGN,69.89
7035,BENIGN,73.84
7036,BENIGN,81.62
7037,BENIGN,71.32
7038,BENIGN,70.84
7039,BENIGN,69.79
7040,BENIGN,68.31
7041,BENIGN,71.33
7042,BENIGN,73.66
7043,BENIGN,73.83
7044,BENIGN,74.46
7045,BENIGN,81.58
7046,BENIGN,68.98
7047,BENIGN,72.77
7048,BENIGN,67.75
7049,BENIGN,75.15
7050,BENIGN,75.9
7051,BENIGN,72.38
7052,BENIGN,70.1
7053,BENIGN,70.69
7054,BENIGN,69.16
7055,BENIGN,71.26
7056,BENIGN,72.13
7057,BENIGN,72.25
7058,BENIGN,74.03
7059,BENIGN,70.81
7060,BENIGN,74.71
7061,BENIGN,75.07
7062,BENIGN,73.28
7063,BENIGN,80.17
7064,BENIGN,69.91
7065,BENIGN,71.2
7066,BENIGN,74.02
7067,BENIGN,71.51
7068,BENIGN,72.81
7069,BENIGN,70.52
7070,BENIGN,76.91
7071,BENIGN,82.86
7072,BENIGN,68.13
7073,BENIGN,77.64
7074,BENIGN,73.37
7075,BENIGN,69.21
7076,BENIGN,76.16
7077,BENIGN,66.85
7078,BENIGN,77.03
7079,BENIGN,78.77
7080,BENIGN,72.14
7081,BENIGN,76.89
7082,BENIGN,68.54
7083,BENIGN,69.72
7084,BENIGN,70.98
7085,BENIGN,69.0
7086,BENIGN,68.5
7087,BENIGN,71.55
7088,BENIGN,67.26
7089,BENIGN,73.83
7090,BENIGN,70.44
7091,BENIGN,70.21
7092,BENIGN,71.57
7093,BENIGN,75.82
7094,BENIGN,66.76
7095,BENIGN,79.15
7096,BENIGN,71.16
7097,BENIGN,71.68
7098,BENIGN,73.27
7099,BENIGN,73.64
7100,BENIGN,70.49
7101,BENIGN,71.96
7102,BENIGN,70.38
7103,BENIGN,71.22
7104,BENIGN,70.75
7105,BENIGN,70.22
7106,BENIGN,72.04
7107,BENIGN,76.99
7108,BENIGN,71.6
7109,BENIGN,72.83
7110,BENIGN,74.03
7111,BENIGN,70.96
7112,BENIGN,71.48
7113,BENIGN,71.53
7114,BENIGN,70.42
7115,BENIGN,70.23
7116,BENIGN,69.72
7117,BENIGN,70.45
7118,BENIGN,73.65
7119,BENIGN,72.71
7120,BENIGN,71.4
7121,BENIGN,72.19
7122,BENIGN,78.22
7123,BENIGN,78.5
7124,BENIGN,79.78
7125,BENIGN,78.29
7126,BENIGN,74.35
7127,BENIGN,69.5
7128,BENIGN,74.4
7129,BENIGN,71.69
7130,BENIGN,72.32
7131,BENIGN,69.86
7132,BENIGN,71.28
7133,BENIGN,81.86
7134,BENIGN,72.06
7135,BENIGN,71.39
7136,BENIGN,69.37
7137,BENIGN,71.7
7138,BENIGN,78.2
7139,BENIGN,76.28
7140,BENIGN,75.03
7141,BENIGN,72.87
7142,BENIGN,78.03
7143,BENIGN,70.48
7144,BENIGN,71.55
7145,BENIGN,76.98
7146,BENIGN,71.39
7147,BENIGN,73.6
7148,BENIGN,70.86
7149,BENIGN,69.5
7150,BENIGN,70.87
7151,BENIGN,72.65
7152,BENIGN,68.82
7153,BENIGN,69.57
7154,BENIGN,74.9
7155,BENIGN,92.87
7156,BENIGN,70.27
7157,BENIGN,80.65
7158,BENIGN,71.08
7159,BENIGN,78.86
7160,BENIGN,76.0
7161,BENIGN,74.01
7162,BENIGN,73.22
7163,BENIGN,74.97
7164,BENIGN,75.0
7165,BENIGN,69.02
7166,BENIGN,72.37
7167,BENIGN,76.92
7168,BENIGN,68.98
7169,BENIGN,71.22
7170,BENIGN,73.9
7171,BENIGN,74.22
7172,BENIGN,76.92
7173,BENIGN,73.63
7174,BENIGN,76.14
7175,BENIGN,73.49
7176,BENIGN,75.86
7177,BENIGN,70.64
7178,BENIGN,74.57
7179,BENIGN,71.67
7180,BENIGN,69.8
7181,BENIGN,67.14
7182,BENIGN,70.02
7183,BENIGN,73.16
7184,BENIGN,76.13
7185,BENIGN,76.12
7186,BENIGN,69.27
7187,BENIGN,69.72
7188,BENIGN,69.83
7189,BENIGN,72.2
7190,BENIGN,72.5
7191,BENIGN,70.68
7192,BENIGN,72.16
7193,BENIGN,71.19
7194,BENIGN,76.25
7195,BENIGN,76.42
7196,BENIGN,72.08
7197,BENIGN,72.43
7198,BENIGN,72.13
7199,BENIGN,79.65
7200,BENIGN,72.75
7201,BENIGN,70.82
7202,BENIGN,70.33
7203,BENIGN,72.42
7204,BENIGN,74.15
7205,BENIGN,71.65
7206,BENIGN,72.78
7207,BENIGN,71.83
7208,BENIGN,71.34
7209,BENIGN,70.56
7210,BENIGN,73.42
7211,BENIGN,71.16
7212,BENIGN,75.33
7213,BENIGN,69.2
7214,BENIGN,70.67
7215,BENIGN,72.56
7216,BENIGN,75.72
7217,BENIGN,74.64
7218,BENIGN,71.93
7219,BENIGN,72.09
7220,BENIGN,79.84
7221,BENIGN,82.25
7222,BENIGN,83.65
7223,BENIGN,71.93
7224,BENIGN,75.01
7225,BENIGN,72.31
7226,BENIGN,62.4
7227,BENIGN,72.34
7228,BENIGN,60.43
7229,BENIGN,72.33
7230,BENIGN,71.14
7231,BENIGN,75.05
7232,BENIGN,77.43
7233,BENIGN,72.31
7234,BENIGN,80.1
7235,BENIGN,82.8
7236,BENIGN,70.28
7237,BENIGN,73.67
7238,BENIGN,73.51
7239,BENIGN,74.34
7240,BENIGN,72.38
7241,BENIGN,69.49
7242,BENIGN,71.75
7243,BENIGN,73.92
7244,BENIGN,72.51
7245,BENIGN,75.3
7246,BENIGN,71.48
7247,BENIGN,72.56
7248,BENIGN,69.89
7249,BENIGN,75.15
7250,BENIGN,69.71
7251,BENIGN,70.28
7252,BENIGN,75.39
7253,BENIGN,84.37
7254,BENIGN,77.85
7255,BENIGN,79.37
7256,BENIGN,69.09
7257,BENIGN,72.62
7258,BENIGN,80.73
7259,BENIGN,76.35
7260,BENIGN,83.98
7261,BENIGN,72.01
7262,BENIGN,71.87
7263,BENIGN,75.54
7264,BENIGN,74.31
7265,BENIGN,69.12
7266,BENIGN,73.07
7267,BENIGN,74.83
7268,BENIGN,71.19
7269,BENIGN,81.87
7270,BENIGN,66.03
7271,BENIGN,74.36
7272,BENIGN,73.94
7273,BENIGN,70.32
7274,BENIGN,74.94
7275,BENIGN,71.28
7276,BENIGN,74.93
7277,BENIGN,76.33
7278,BENIGN,70.27
7279,BENIGN,73.34
7280,BENIGN,73.4
7281,BENIGN,68.34
7282,BENIGN,69.48
7283,BENIGN,83.25
7284,BENIGN,72.83
7285,BENIGN,74.4
7286,BENIGN,69.04
7287,BENIGN,79.23
7288,BENIGN,73.84
7289,BENIGN,68.2
7290,BENIGN,74.25
7291,BENIGN,71.39
7292,BENIGN,72.12
7293,BENIGN,75.12
7294,BENIGN,68.85
7295,BENIGN,68.92
7296,BENIGN,73.21
7297,BENIGN,69.57
7298,BENIGN,70.04
7299,BENIGN,69.12
7300,BENIGN,70.64
7301,BENIGN,76.52
7302,BENIGN,73.91
7303,BENIGN,74.34
7304,BENIGN,72.47
7305,BENIGN,81.07
7306,BENIGN,72.75
7307,BENIGN,77.04
7308,BENIGN,74.24
7309,BENIGN,75.62
7310,BENIGN,74.68
7311,BENIGN,70.75
7312,BENIGN,71.88
7313,BENIGN,72.74
7314,BENIGN,71.81
7315,BENIGN,75.36
7316,BENIGN,74.63
7317,BENIGN,71.28
7318,BENIGN,70.36
7319,BENIGN,72.15
7320,BENIGN,68.88
7321,BENIGN,75.5
7322,BENIGN,74.73
7323,BENIGN,71.54
7324,BENIGN,72.8
7325,BENIGN,65.17
7326,BENIGN,70.25
7327,BENIGN,69.27
7328,BENIGN,71.41
7329,BENIGN,71.8
7330,BENIGN,69.69
7331,BENIGN,69.05
7332,BENIGN,74.51
7333,BENIGN,70.48
7334,BENIGN,82.63
7335,BENIGN,69.8
7336,BENIGN,75.58
7337,BENIGN,70.69
7338,BENIGN,70.09
7339,BENIGN,72.99
7340,BENIGN,70.92
7341,BENIGN,77.44
7342,BENIGN,70.03
7343,BENIGN,70.12
7344,BENIGN,70.06
7345,BENIGN,70.94
7346,BENIGN,72.64
7347,BENIGN,70.31
7348,BENIGN,68.89
7349,BENIGN,73.48
7350,BENIGN,69.79
7351,BENIGN,70.74
7352,BENIGN,64.69
7353,BENIGN,70.69
7354,BENIGN,79.19
7355,BENIGN,79.31
7356,BENIGN,74.79
7357,BENIGN,72.34
7358,BENIGN,74.75
7359,BENIGN,71.97
7360,BENIGN,69.53
7361,BENIGN,75.49
7362,BENIGN,70.6
7363,BENIGN,73.34
7364,BENIGN,76.1
7365,BENIGN,71.19
7366,BENIGN,72.22
7367,BENIGN,69.57
7368,BENIGN,72.38
7369,BENIGN,79.63
7370,BENIGN,77.19
7371,BENIGN,67.77
7372,BENIGN,80.29
7373,BENIGN,71.98
7374,BENIGN,74.85
7375,BENIGN,72.3
7376,BENIGN,77.82
7377,BENIGN,71.35
7378,BENIGN,72.2
7379,BENIGN,70.01
7380,BENIGN,73.36
7381,BENIGN,70.02
7382,BENIGN,69.17
7383,BENIGN,71.18
7384,BENIGN,71.76
7385,BENIGN,70.68
7386,BENIGN,70.69
7387,BENIGN,67.16
7388,BENIGN,73.06
7389,BENIGN,72.27
7390,BENIGN,69.39
7391,BENIGN,72.38
7392,BENIGN,68.78
7393,BENIGN,70.99
7394,BENIGN,69.78
7395,BENIGN,70.64
7396,BENIGN,68.63
7397,BENIGN,68.93
7398,BENIGN,70.51
7399,BENIGN,74.23
7400,BENIGN,69.32
7401,BENIGN,69.9
7402,BENIGN,69.77
7403,BENIGN,69.68
7404,BENIGN,68.77
7405,BENIGN,70.03
7406,BENIGN,74.75
7407,BENIGN,71.49
7408,BENIGN,69.9
7409,BENIGN,74.22
7410,BENIGN,72.22
7411,BENIGN,73.88
7412,BENIGN,76.08
7413,BENIGN,69.26
7414,BENIGN,70.86
7415,BENIGN,69.7
7416,BENIGN,75.87
7417,BENIGN,74.06
7418,BENIGN,70.62
7419,BENIGN,81.44
7420,BENIGN,68.9
7421,BENIGN,70.56
7422,BENIGN,71.4
7423,BENIGN,72.51
7424,BENIGN,73.5
7425,BENIGN,72.33
7426,BENIGN,70.85
7427,BENIGN,68.1
7428,BENIGN,75.78
7429,BENIGN,70.24
7430,BENIGN,72.76
7431,BENIGN,71.2
7432,BENIGN,70.48
7433,BENIGN,71.19
7434,BENIGN,72.57
7435,BENIGN,69.67
7436,BENIGN,72.25
7437,BENIGN,86.62
7438,BENIGN,78.19
7439,BENIGN,72.22
7440,BENIGN,72.32
7441,BENIGN,72.18
7442,BENIGN,73.81
7443,BENIGN,72.53
7444,BENIGN,71.2
7445,BENIGN,71.43
7446,BENIGN,66.9
7447,BENIGN,71.42
7448,BENIGN,71.07
7449,BENIGN,84.1
7450,BENIGN,73.03
7451,BENIGN,71.81
7452,BENIGN,70.62
7453,BENIGN,68.89
7454,BENIGN,70.45
7455,BENIGN,73.19
7456,BENIGN,74.28
7457,BENIGN,71.63
7458,BENIGN,76.9
7459,BENIGN,70.59
7460,BENIGN,69.07
7461,BENIGN,70.57
7462,BENIGN,72.21
7463,BENIGN,70.79
7464,BENIGN,69.78
7465,BENIGN,70.42
7466,BENIGN,73.86
7467,BENIGN,70.71
7468,BENIGN,72.44
7469,BENIGN,71.01
7470,BENIGN,70.65
7471,BENIGN,74.96
7472,BENIGN,71.45
7473,BENIGN,70.71
7474,BENIGN,71.01
7475,BENIGN,75.91
7476,BENIGN,74.04
7477,BENIGN,67.8
7478,BENIGN,73.53
7479,BENIGN,70.25
7480,BENIGN,69.42
7481,BENIGN,71.41
7482,BENIGN,69.82
7483,BENIGN,70.1
7484,BENIGN,71.03
7485,BENIGN,70.14
7486,BENIGN,77.06
7487,BENIGN,72.64
7488,BENIGN,77.43
7489,BENIGN,69.01
7490,BENIGN,71.62
7491,BENIGN,70.45
7492,BENIGN,70.92
7493,BENIGN,71.53
7494,BENIGN,69.53
7495,BENIGN,68.48
7496,BENIGN,74.8
7497,BENIGN,71.0
7498,BENIGN,69.98
7499,BENIGN,74.28
7500,BENIGN,73.02
7501,BENIGN,78.89
7502,BENIGN,73.03
7503,BENIGN,72.86
7504,BENIGN,69.99
7505,BENIGN,74.71
7506,BENIGN,72.85
7507,BENIGN,71.93
7508,BENIGN,73.81
7509,BENIGN,73.17
7510,BENIGN,71.51
7511,BENIGN,68.85
7512,BENIGN,69.15
7513,BENIGN,68.48
7514,BENIGN,70.37
7515,BENIGN,71.86
7516,BENIGN,75.88
7517,BENIGN,66.12
7518,BENIGN,81.05
7519,BENIGN,68.76
7520,BENIGN,72.92
7521,BENIGN,76.67
7522,BENIGN,75.78
7523,BENIGN,75.67
7524,BENIGN,74.53
7525,BENIGN,72.53
7526,BENIGN,81.76
7527,BENIGN,69.94
7528,BENIGN,74.96
7529,BENIGN,71.36
7530,BENIGN,73.19
7531,BENIGN,79.73
7532,BENIGN,79.12
7533,BENIGN,70.57
7534,BENIGN,71.58
7535,BENIGN,72.22
7536,BENIGN,70.87
7537,BENIGN,73.55
7538,BENIGN,73.47
7539,BENIGN,71.64
7540,BENIGN,69.53
7541,BENIGN,70.87
7542,BENIGN,75.4
7543,BENIGN,71.14
7544,BENIGN,68.47
7545,BENIGN,71.3
7546,BENIGN,79.77
7547,BENIGN,71.82
7548,BENIGN,69.34
7549,BENIGN,70.65
7550,BENIGN,70.3
7551,BENIGN,77.48
7552,BENIGN,74.09
7553,BENIGN,74.15
7554,BENIGN,74.4
7555,BENIGN,72.3
7556,BENIGN,72.71
7557,BENIGN,70.66
7558,BENIGN,70.39
7559,BENIGN,70.58
7560,BENIGN,69.96
7561,BENIGN,74.21
7562,BENIGN,74.59
7563,BENIGN,72.01
7564,BENIGN,72.66
7565,BENIGN,92.2
7566,BENIGN,83.34
7567,BENIGN,71.78
7568,BENIGN,76.82
7569,BENIGN,69.73
7570,BENIGN,88.94
7571,BENIGN,72.25
7572,BENIGN,70.12
7573,BENIGN,72.97
7574,BENIGN,90.73
7575,BENIGN,72.86
7576,BENIGN,81.95
7577,BENIGN,82.19
7578,BENIGN,69.77
7579,BENIGN,68.67
7580,BENIGN,70.39
7581,BENIGN,70.88
7582,BENIGN,72.92
7583,BENIGN,69.98
7584,BENIGN,71.61
7585,BENIGN,70.16
7586,BENIGN,69.86
7587,BENIGN,70.77
7588,BENIGN,72.31
7589,BENIGN,72.07
7590,BENIGN,69.27
7591,BENIGN,71.06
7592,BENIGN,69.67
7593,BENIGN,74.71
7594,BENIGN,69.78
7595,BENIGN,70.81
7596,BENIGN,72.14
7597,BENIGN,69.39
7598,BENIGN,76.29
7599,BENIGN,70.27
7600,BENIGN,73.07
7601,BENIGN,77.83
7602,BENIGN,69.47
7603,BENIGN,75.3
7604,BENIGN,70.56
7605,BENIGN,80.3
7606,BENIGN,70.81
7607,BENIGN,74.62
7608,BENIGN,69.39
7609,BENIGN,70.26
7610,BENIGN,74.18
7611,BENIGN,75.4
7612,BENIGN,70.36
7613,BENIGN,75.87
7614,BENIGN,73.21
7615,BENIGN,73.83
7616,BENIGN,72.2
7617,BENIGN,72.26
7618,BENIGN,68.58
7619,BENIGN,69.28
7620,BENIGN,68.7
7621,BENIGN,69.25
7622,BENIGN,68.72
7623,BENIGN,70.26
7624,BENIGN,73.23
7625,BENIGN,71.44
7626,BENIGN,71.16
7627,BENIGN,70.2
7628,BENIGN,87.75
7629,BENIGN,72.92
7630,BENIGN,92.96
7631,BENIGN,70.41
7632,BENIGN,69.84
7633,BENIGN,72.41
7634,BENIGN,74.94
7635,BENIGN,72.2
7636,BENIGN,79.79
7637,BENIGN,71.72
7638,BENIGN,70.9
7639,BENIGN,71.22
7640,BENIGN,73.99
7641,BENIGN,78.83
7642,BENIGN,69.37
7643,BENIGN,76.09
7644,BENIGN,71.94
7645,BENIGN,71.28
7646,BENIGN,69.89
7647,BENIGN,71.75
7648,BENIGN,69.81
7649,BENIGN,81.99
7650,BENIGN,72.39
7651,BENIGN,69.93
7652,BENIGN,70.44
7653,BENIGN,74.26
7654,BENIGN,71.31
7655,BENIGN,69.3
7656,BENIGN,68.89
7657,BENIGN,77.0
7658,BENIGN,74.78
7659,BENIGN,75.84
7660,BENIGN,69.39
7661,BENIGN,72.75
7662,BENIGN,71.89
7663,BENIGN,73.59
7664,BENIGN,75.29
7665,BENIGN,71.51
7666,BENIGN,72.12
7667,BENIGN,84.29
7668,BENIGN,76.29
7669,BENIGN,72.19
7670,BENIGN,74.28
7671,BENIGN,69.57
7672,BENIGN,71.25
7673,BENIGN,72.25
7674,BENIGN,77.54
7675,BENIGN,72.42
7676,BENIGN,73.42
7677,BENIGN,68.68
7678,BENIGN,70.46
7679,BENIGN,68.02
7680,BENIGN,65.15
7681,BENIGN,74.44
7682,BENIGN,71.58
7683,BENIGN,77.74
7684,BENIGN,78.03
7685,BENIGN,65.75
7686,BENIGN,68.21
7687,BENIGN,72.82
7688,BENIGN,71.07
7689,BENIGN,69.31
7690,BENIGN,69.66
7691,BENIGN,70.62
7692,BENIGN,72.39
7693,BENIGN,72.27
7694,BENIGN,70.14
7695,BENIGN,68.32
7696,BENIGN,70.02
7697,BENIGN,70.14
7698,BENIGN,70.37
7699,BENIGN,72.0
7700,BENIGN,74.98
7701,BENIGN,76.55
7702,BENIGN,68.53
7703,BENIGN,69.9
7704,BENIGN,69.65
7705,BENIGN,70.12
7706,BENIGN,69.47
7707,BENIGN,70.98
7708,BENIGN,71.38
7709,BENIGN,68.87
7710,BENIGN,76.16
7711,BENIGN,71.11
7712,BENIGN,68.36
7713,BENIGN,74.3
7714,BENIGN,74.13
7715,BENIGN,70.32
7716,BENIGN,69.0
7717,BENIGN,71.28
7718,BENIGN,70.0
7719,BENIGN,69.43
7720,BENIGN,69.71
7721,BENIGN,69.83
7722,BENIGN,74.02
7723,BENIGN,84.89
7724,BENIGN,74.54
7725,BENIGN,70.55
7726,BENIGN,69.57
7727,BENIGN,79.13
7728,BENIGN,71.88
7729,BENIGN,75.25
7730,BENIGN,72.84
7731,BENIGN,70.52
7732,BENIGN,73.32
7733,BENIGN,71.6
7734,BENIGN,71.23
7735,BENIGN,72.94
7736,BENIGN,70.16
7737,BENIGN,75.19
7738,BENIGN,72.79
7739,BENIGN,69.67
7740,BENIGN,69.28
7741,BENIGN,70.16
7742,BENIGN,70.5
7743,BENIGN,69.42
7744,BENIGN,72.3
7745,BENIGN,69.67
7746,BENIGN,70.69
7747,BENIGN,68.46
7748,BENIGN,76.12
7749,BENIGN,73.73
7750,BENIGN,68.68
7751,BENIGN,69.72
7752,BENIGN,70.25
7753,BENIGN,70.28
7754,BENIGN,70.96
7755,BENIGN,68.46
7756,BENIGN,78.52
7757,BENIGN,69.97
7758,BENIGN,71.34
7759,BENIGN,68.13
7760,BENIGN,69.99
7761,BENIGN,72.01
7762,BENIGN,70.33
7763,BENIGN,70.85
7764,BENIGN,69.42
7765,BENIGN,69.57
7766,BENIGN,71.67
7767,BENIGN,70.38
7768,BENIGN,70.28
7769,BENIGN,68.87
7770,BENIGN,70.71
7771,BENIGN,71.46
7772,BENIGN,70.49
7773,BENIGN,71.08
7774,BENIGN,70.49
7775,BENIGN,68.54
7776,BENIGN,65.96
7777,BENIGN,69.98
7778,BENIGN,69.21
7779,BENIGN,72.05
7780,BENIGN,72.15
7781,BENIGN,79.49
7782,BENIGN,72.97
7783,BENIGN,75.35
7784,BENIGN,74.8
7785,BENIGN,89.57
7786,BENIGN,76.12
7787,BENIGN,70.43
7788,BENIGN,79.73
7789,BENIGN,73.63
7790,BENIGN,70.36
7791,BENIGN,76.55
7792,BENIGN,76.38
7793,BENIGN,84.83
7794,BENIGN,73.44
7795,BENIGN,71.54
7796,BENIGN,72.03
7797,BENIGN,67.75
7798,BENIGN,72.51
7799,BENIGN,71.54
7800,BENIGN,70.55
7801,BENIGN,72.0
7802,BENIGN,77.52
7803,BENIGN,70.79
7804,BENIGN,71.56
7805,BENIGN,74.54
7806,BENIGN,68.63
7807,BENIGN,79.25
7808,BENIGN,60.56
7809,BENIGN,69.98
7810,BENIGN,69.55
7811,BENIGN,71.03
7812,BENIGN,70.81
7813,BENIGN,69.93
7814,BENIGN,69.79
7815,BENIGN,70.48
7816,BENIGN,71.31
7817,BENIGN,75.58
7818,BENIGN,75.24
7819,BENIGN,78.88
7820,BENIGN,71.35
7821,BENIGN,56.15
7822,BENIGN,70.67
7823,BENIGN,70.85
7824,BENIGN,72.47
7825,BENIGN,70.63
7826,BENIGN,73.18
7827,BENIGN,77.49
7828,BENIGN,72.14
7829,BENIGN,73.16
7830,BENIGN,70.11
7831,BENIGN,80.01
7832,BENIGN,73.84
7833,BENIGN,69.87
7834,BENIGN,75.66
7835,BENIGN,73.76
7836,BENIGN,72.65
7837,BENIGN,68.97
7838,BENIGN,72.65
7839,BENIGN,76.74
7840,BENIGN,71.87
7841,BENIGN,69.59
7842,BENIGN,69.56
7843,BENIGN,69.61
7844,BENIGN,72.07
7845,BENIGN,69.24
7846,BENIGN,70.7
7847,BENIGN,80.2
7848,BENIGN,71.02
7849,BENIGN,74.46
7850,BENIGN,69.74
7851,BENIGN,71.62
7852,BENIGN,75.99
7853,BENIGN,67.99
7854,BENIGN,70.97
7855,BENIGN,69.33
7856,BENIGN,75.12
7857,BENIGN,77.4
7858,BENIGN,69.27
7859,BENIGN,68.76
7860,BENIGN,71.59
7861,BENIGN,71.04
7862,BENIGN,78.56
7863,BENIGN,74.14
7864,BENIGN,69.53
7865,BENIGN,71.27
7866,BENIGN,71.76
7867,BENIGN,70.73
7868,BENIGN,69.16
7869,BENIGN,68.55
7870,BENIGN,71.18
7871,BENIGN,69.71
7872,BENIGN,68.45
7873,BENIGN,71.29
7874,BENIGN,70.45
7875,BENIGN,70.47
7876,BENIGN,70.32
7877,BENIGN,69.83
7878,BENIGN,68.68
7879,BENIGN,74.74
7880,BENIGN,75.07
7881,BENIGN,72.68
7882,BENIGN,74.65
7883,BENIGN,68.83
7884,BENIGN,75.76
7885,BENIGN,71.49
7886,BENIGN,71.68
7887,BENIGN,70.63
7888,BENIGN,72.35
7889,BENIGN,69.39
7890,BENIGN,70.86
7891,BENIGN,75.45
7892,BENIGN,69.05
7893,BENIGN,68.56
7894,BENIGN,70.62
7895,BENIGN,69.08
7896,BENIGN,70.15
7897,BENIGN,73.5
7898,BENIGN,73.57
7899,BENIGN,69.77
7900,BENIGN,83.67
7901,BENIGN,74.37
7902,BENIGN,70.24
7903,BENIGN,68.61
7904,BENIGN,71.31
7905,BENIGN,69.49
7906,BENIGN,69.07
7907,BENIGN,73.63
7908,BENIGN,69.2
7909,BENIGN,71.66
7910,BENIGN,72.93
7911,BENIGN,71.28
7912,BENIGN,71.09
7913,BENIGN,69.32
7914,BENIGN,68.88
7915,BENIGN,69.86
7916,BENIGN,76.29
7917,BENIGN,71.52
7918,BENIGN,68.95
7919,BENIGN,72.58
7920,BENIGN,69.87
7921,BENIGN,69.51
7922,BENIGN,80.96
7923,BENIGN,71.74
7924,BENIGN,72.07
7925,BENIGN,70.43
7926,BENIGN,73.68
7927,BENIGN,71.35
7928,BENIGN,76.17
7929,BENIGN,73.11
7930,BENIGN,69.78
7931,BENIGN,75.31
7932,BENIGN,73.95
7933,BENIGN,73.69
7934,BENIGN,68.92
7935,BENIGN,71.65
7936,BENIGN,76.97
7937,BENIGN,73.02
7938,BENIGN,70.45
7939,BENIGN,76.56
7940,BENIGN,70.02
7941,BENIGN,69.51
7942,BENIGN,63.81
7943,BENIGN,74.14
7944,BENIGN,69.05
7945,BENIGN,71.83
7946,BENIGN,69.39
7947,BENIGN,69.74
7948,BENIGN,68.66
7949,BENIGN,70.72
7950,BENIGN,77.86
7951,BENIGN,71.93
7952,BENIGN,70.08
7953,BENIGN,75.25
7954,BENIGN,71.47
7955,BENIGN,70.57
7956,BENIGN,76.22
7957,BENIGN,70.7
7958,BENIGN,72.86
7959,BENIGN,70.84
7960,BENIGN,72.9
7961,BENIGN,68.52
7962,BENIGN,73.87
7963,BENIGN,69.53
7964,BENIGN,74.07
7965,BENIGN,78.63
7966,BENIGN,82.83
7967,BENIGN,70.11
7968,BENIGN,69.4
7969,BENIGN,65.14
7970,BENIGN,70.88
7971,BENIGN,75.23
7972,BENIGN,71.11
7973,BENIGN,70.46
7974,BENIGN,71.79
7975,BENIGN,69.48
7976,BENIGN,84.98
7977,BENIGN,74.69
7978,BENIGN,69.52
7979,BENIGN,68.78
7980,BENIGN,69.44
7981,BENIGN,82.42
7982,BENIGN,71.45
7983,BENIGN,78.4
7984,BENIGN,69.36
7985,BENIGN,75.16
7986,BENIGN,71.84
7987,BENIGN,74.5
7988,BENIGN,68.95
7989,BENIGN,68.95
7990,BENIGN,69.18
7991,BENIGN,73.14
7992,BENIGN,64.07
7993,BENIGN,77.98
7994,BENIGN,69.97
7995,BENIGN,89.6
7996,BENIGN,76.7
7997,BENIGN,70.67
7998,BENIGN,78.85
7999,BENIGN,72.33
8000,BENIGN,78.38
8001,BENIGN,78.62
8002,BENIGN,69.45
8003,BENIGN,70.9
8004,BENIGN,69.22
8005,BENIGN,69.04
8006,BENIGN,69.94
8007,BENIGN,73.48
8008,BENIGN,70.69
8009,BENIGN,71.44
8010,BENIGN,74.32
8011,BENIGN,78.07
8012,BENIGN,73.51
8013,BENIGN,79.61
8014,BENIGN,73.45
8015,BENIGN,70.92
8016,BENIGN,70.93
8017,BENIGN,76.02
8018,BENIGN,70.88
8019,BENIGN,70.85
8020,BENIGN,74.96
8021,BENIGN,70.06
8022,BENIGN,74.88
8023,BENIGN,72.52
8024,BENIGN,74.62
8025,BENIGN,69.41
8026,BENIGN,70.95
8027,BENIGN,76.28
8028,BENIGN,75.75
8029,BENIGN,71.13
8030,BENIGN,70.24
8031,BENIGN,70.36
8032,BENIGN,71.75
8033,BENIGN,78.67
8034,BENIGN,71.5
8035,BENIGN,71.03
8036,BENIGN,69.67
8037,BENIGN,75.37
8038,BENIGN,68.01
8039,BENIGN,69.65
8040,BENIGN,70.57
8041,BENIGN,75.11
8042,BENIGN,70.56
8043,BENIGN,72.45
8044,BENIGN,72.06
8045,BENIGN,71.58
8046,BENIGN,71.03
8047,BENIGN,71.68
8048,BENIGN,71.46
8049,BENIGN,71.36
8050,BENIGN,70.58
8051,BENIGN,70.48
8052,BENIGN,70.3
8053,BENIGN,78.5
8054,BENIGN,72.46
8055,BENIGN,68.39
8056,BENIGN,73.53
8057,BENIGN,71.4
8058,BENIGN,69.78
8059,BENIGN,69.1
8060,BENIGN,68.06
8061,BENIGN,70.91
8062,BENIGN,75.7
8063,BENIGN,75.75
8064,BENIGN,69.19
8065,BENIGN,86.45
8066,BENIGN,69.91
8067,BENIGN,69.14
8068,BENIGN,91.3
8069,BENIGN,75.39
8070,BENIGN,71.68
8071,BENIGN,69.65
8072,BENIGN,75.33
8073,BENIGN,72.77
8074,BENIGN,73.5
8075,BENIGN,73.6
8076,BENIGN,70.94
8077,BENIGN,73.3
8078,BENIGN,70.51
8079,BENIGN,71.69
8080,BENIGN,70.82
8081,BENIGN,69.45
8082,BENIGN,72.27
8083,BENIGN,72.43
8084,BENIGN,72.94
8085,BENIGN,69.03
8086,BENIGN,71.12
8087,BENIGN,71.01
8088,BENIGN,68.36
8089,BENIGN,68.31
8090,BENIGN,71.83
8091,BENIGN,73.12
8092,BENIGN,74.31
8093,BENIGN,68.91
8094,BENIGN,72.89
8095,BENIGN,67.89
8096,BENIGN,72.1
8097,BENIGN,76.73
8098,BENIGN,70.79
8099,BENIGN,71.16
8100,BENIGN,70.25
8101,BENIGN,71.63
8102,BENIGN,76.51
8103,BENIGN,70.24
8104,BENIGN,74.63
8105,BENIGN,69.61
8106,BENIGN,70.03
8107,BENIGN,65.41
8108,BENIGN,70.73
8109,BENIGN,71.01
8110,BENIGN,82.74
8111,BENIGN,74.05
8112,BENIGN,69.7
8113,BENIGN,71.12
8114,BENIGN,71.61
8115,BENIGN,71.04
8116,BENIGN,71.28
8117,BENIGN,70.25
8118,BENIGN,73.57
8119,BENIGN,75.48
8120,BENIGN,75.91
8121,BENIGN,71.23
8122,BENIGN,72.55
8123,BENIGN,84.4
8124,BENIGN,72.23
8125,BENIGN,70.04
8126,BENIGN,71.05
8127,BENIGN,71.7
8128,BENIGN,76.16
8129,BENIGN,75.44
8130,BENIGN,70.16
8131,BENIGN,69.74
8132,BENIGN,75.56
8133,BENIGN,74.08
8134,BENIGN,68.97
8135,BENIGN,69.18
8136,BENIGN,67.48
8137,BENIGN,70.77
8138,BENIGN,71.83
8139,BENIGN,70.78
8140,BENIGN,75.42
8141,BENIGN,71.18
8142,BENIGN,69.43
8143,BENIGN,73.43
8144,BENIGN,71.35
8145,BENIGN,70.25
8146,BENIGN,70.85
8147,BENIGN,70.33
8148,BENIGN,71.26
8149,BENIGN,70.28
8150,BENIGN,71.61
8151,BENIGN,70.85
8152,BENIGN,74.9
8153,BENIGN,71.58
8154,BENIGN,71.06
8155,BENIGN,72.88
8156,BENIGN,71.89
8157,BENIGN,69.65
8158,BENIGN,71.02
8159,BENIGN,78.33
8160,BENIGN,74.79
8161,BENIGN,74.76
8162,BENIGN,69.29
8163,BENIGN,70.34
8164,BENIGN,79.3
8165,BENIGN,71.59
8166,BENIGN,71.88
8167,BENIGN,72.95
8168,BENIGN,78.38
8169,BENIGN,69.47
8170,BENIGN,71.75
8171,BENIGN,75.3
8172,BENIGN,70.77
8173,BENIGN,77.52
8174,BENIGN,74.41
8175,BENIGN,71.0
8176,BENIGN,85.0
8177,BENIGN,75.63
8178,BENIGN,70.46
8179,BENIGN,73.54
8180,BENIGN,72.86
8181,BENIGN,75.64
8182,BENIGN,76.98
8183,BENIGN,70.44
8184,BENIGN,69.48
8185,BENIGN,68.85
8186,BENIGN,71.34
8187,BENIGN,74.12
8188,BENIGN,71.18
8189,BENIGN,68.8
8190,BENIGN,69.28
8191,BENIGN,69.64
8192,BENIGN,70.56
8193,BENIGN,67.25
8194,BENIGN,68.03
8195,BENIGN,68.75
8196,BENIGN,70.23
8197,BENIGN,73.62
8198,BENIGN,70.37
8199,BENIGN,70.75
8200,BENIGN,72.58
8201,BENIGN,70.27
8202,BENIGN,70.69
8203,BENIGN,69.91
8204,BENIGN,70.71
8205,BENIGN,69.15
8206,BENIGN,78.41
8207,BENIGN,70.58
8208,BENIGN,78.59
8209,BENIGN,71.41
8210,BENIGN,69.48
8211,BENIGN,69.56
8212,BENIGN,69.66
8213,BENIGN,73.53
8214,BENIGN,80.12
8215,BENIGN,72.48
8216,BENIGN,69.52
8217,BENIGN,76.81
8218,BENIGN,71.65
8219,BENIGN,68.04
8220,BENIGN,70.46
8221,BENIGN,73.51
8222,BENIGN,70.59
8223,BENIGN,67.66
8224,BENIGN,71.51
8225,BENIGN,69.22
8226,BENIGN,77.44
8227,BENIGN,69.46
8228,BENIGN,69.5
8229,BENIGN,69.55
8230,BENIGN,70.15
8231,BENIGN,69.68
8232,BENIGN,68.51
8233,BENIGN,69.9
8234,BENIGN,74.44
8235,BENIGN,70.96
8236,BENIGN,73.4
8237,BENIGN,68.49
8238,BENIGN,65.31
8239,BENIGN,68.96
8240,BENIGN,70.26
8241,BENIGN,79.44
8242,BENIGN,75.45
8243,BENIGN,74.38
8244,BENIGN,71.55
8245,BENIGN,70.61
8246,BENIGN,69.97
8247,BENIGN,68.57
8248,BENIGN,69.76
8249,BENIGN,71.87
8250,BENIGN,68.49
8251,BENIGN,69.42
8252,BENIGN,69.21
8253,BENIGN,69.39
8254,BENIGN,74.02
8255,BENIGN,68.63
8256,BENIGN,69.39
8257,BENIGN,67.68
8258,BENIGN,73.71
8259,BENIGN,72.57
8260,BENIGN,70.06
8261,BENIGN,72.02
8262,BENIGN,75.63
8263,BENIGN,73.09
8264,BENIGN,69.82
8265,BENIGN,70.01
8266,BENIGN,74.42
8267,BENIGN,70.37
8268,BENIGN,69.51
8269,BENIGN,69.39
8270,BENIGN,71.18
8271,BENIGN,74.16
8272,BENIGN,72.49
8273,BENIGN,76.44
8274,BENIGN,73.08
8275,BENIGN,69.26
8276,BENIGN,69.82
8277,BENIGN,69.36
8278,BENIGN,69.85
8279,BENIGN,70.36
8280,BENIGN,71.58
8281,BENIGN,69.72
8282,BENIGN,72.15
8283,BENIGN,82.26
8284,BENIGN,69.35
8285,BENIGN,70.44
8286,BENIGN,81.06
8287,BENIGN,67.99
8288,BENIGN,70.43
8289,BENIGN,70.62
8290,BENIGN,67.9
8291,BENIGN,67.83
8292,BENIGN,64.32
8293,BENIGN,71.49
8294,BENIGN,75.17
8295,BENIGN,83.69
8296,BENIGN,69.07
8297,BENIGN,71.43
8298,BENIGN,68.2
8299,BENIGN,68.72
8300,BENIGN,70.06
8301,BENIGN,68.63
8302,BENIGN,68.3
8303,BENIGN,66.34
8304,BENIGN,62.02
8305,BENIGN,64.04
8306,BENIGN,69.94
8307,BENIGN,70.99
8308,BENIGN,72.75
8309,BENIGN,71.46
8310,BENIGN,68.67
8311,BENIGN,69.17
8312,BENIGN,71.48
8313,BENIGN,78.98
8314,BENIGN,69.28
8315,BENIGN,69.28
8316,BENIGN,71.18
8317,BENIGN,70.21
8318,BENIGN,69.09
8319,BENIGN,69.82
8320,BENIGN,72.05
8321,BENIGN,72.84
8322,BENIGN,70.61
8323,BENIGN,69.87
8324,BENIGN,71.27
8325,BENIGN,77.16
8326,BENIGN,65.12
8327,BENIGN,70.41
8328,BENIGN,68.59
8329,BENIGN,68.44
8330,BENIGN,100.0
8331,BENIGN,100.0
8332,BENIGN,73.52
8333,BENIGN,72.66
8334,BENIGN,71.99
8335,BENIGN,67.16
8336,BENIGN,80.06
8337,BENIGN,71.48
8338,BENIGN,71.58
8339,BENIGN,65.4
8340,BENIGN,77.98
8341,BENIGN,69.85
8342,BENIGN,80.76
8343,BENIGN,83.27
8344,BENIGN,81.21
8345,BENIGN,65.4
8346,BENIGN,71.27
8347,BENIGN,69.65
8348,BENIGN,69.0
8349,BENIGN,68.41
8350,BENIGN,68.41
8351,BENIGN,68.61
8352,BENIGN,77.59
8353,BENIGN,83.72
8354,BENIGN,69.33
8355,BENIGN,73.3
8356,BENIGN,70.56
8357,BENIGN,74.2
8358,BENIGN,68.18
8359,BENIGN,69.1
8360,BENIGN,80.38
8361,BENIGN,69.81
8362,BENIGN,79.34
8363,BENIGN,69.81
8364,BENIGN,80.38
8365,BENIGN,69.81
8366,BENIGN,82.75
8367,BENIGN,79.98
8368,BENIGN,71.71
8369,BENIGN,69.81
8370,BENIGN,71.54
8371,BENIGN,69.81
8372,BENIGN,69.81
8373,BENIGN,78.9
8374,BENIGN,79.88
8375,BENIGN,78.39
8376,BENIGN,73.9
8377,BENIGN,71.76
8378,BENIGN,69.37
8379,BENIGN,80.94
8380,BENIGN,68.88
8381,BENIGN,76.41
8382,BENIGN,70.06
8383,BENIGN,70.62
8384,BENIGN,73.4
8385,BENIGN,68.63
8386,BENIGN,74.91
8387,BENIGN,69.77
8388,BENIGN,68.65
8389,BENIGN,75.22
8390,BENIGN,70.59
8391,BENIGN,70.04
8392,BENIGN,69.1
8393,BENIGN,85.2
8394,BENIGN,91.05
8395,BENIGN,86.84
8396,BENIGN,78.2
8397,BENIGN,79.33
8398,BENIGN,72.21
8399,BENIGN,79.68
8400,BENIGN,73.09
8401,BENIGN,71.35
8402,BENIGN,78.6
8403,BENIGN,70.87
8404,BENIGN,83.84
8405,BENIGN,70.16
8406,BENIGN,72.6
8407,BENIGN,69.33
8408,BENIGN,74.04
8409,BENIGN,71.4
8410,BENIGN,70.96
8411,BENIGN,71.81
8412,BENIGN,76.3
8413,BENIGN,77.04
8414,BENIGN,69.18
8415,BENIGN,67.02
8416,BENIGN,71.01
8417,BENIGN,73.19
8418,BENIGN,71.19
8419,BENIGN,76.36
8420,BENIGN,69.58
8421,BENIGN,71.35
8422,BENIGN,81.98
8423,BENIGN,68.23
8424,BENIGN,89.53
8425,BENIGN,70.0
8426,BENIGN,71.49
8427,BENIGN,68.37
8428,BENIGN,77.1
8429,BENIGN,70.87
8430,BENIGN,69.64
8431,BENIGN,71.01
8432,BENIGN,69.65
8433,BENIGN,82.59
8434,BENIGN,71.07
8435,BENIGN,72.12
8436,BENIGN,71.43
8437,BENIGN,77.46
8438,BENIGN,69.07
8439,BENIGN,79.39
8440,BENIGN,69.08
8441,BENIGN,68.82
8442,BENIGN,69.03
8443,BENIGN,74.59
8444,BENIGN,69.44
8445,BENIGN,68.15
8446,BENIGN,64.0
8447,BENIGN,72.83
8448,BENIGN,92.84
8449,BENIGN,70.76
8450,BENIGN,70.0
8451,BENIGN,67.46
8452,BENIGN,69.37
8453,BENIGN,82.47
8454,BENIGN,71.54
8455,BENIGN,70.19
8456,BENIGN,71.41
8457,BENIGN,69.57
8458,BENIGN,69.24
8459,BENIGN,69.12
8460,BENIGN,69.72
8461,BENIGN,70.41
8462,BENIGN,70.1
8463,BENIGN,70.19
8464,BENIGN,88.8
8465,BENIGN,84.4
8466,BENIGN,70.51
8467,BENIGN,72.29
8468,BENIGN,69.47
8469,BENIGN,69.93
8470,BENIGN,72.31
8471,BENIGN,72.24
8472,BENIGN,69.51
8473,BENIGN,70.23
8474,BENIGN,72.77
8475,BENIGN,70.47
8476,BENIGN,69.99
8477,BENIGN,72.16
8478,BENIGN,72.32
8479,BENIGN,69.26
8480,BENIGN,68.87
8481,BENIGN,70.52
8482,BENIGN,70.84
8483,BENIGN,71.22
8484,BENIGN,69.79
8485,BENIGN,72.07
8486,BENIGN,74.75
8487,BENIGN,74.39
8488,BENIGN,71.92
8489,BENIGN,73.83
8490,BENIGN,66.38
8491,BENIGN,69.64
8492,BENIGN,74.85
8493,BENIGN,72.33
8494,BENIGN,70.13
8495,BENIGN,73.33
8496,BENIGN,72.9
8497,BENIGN,70.85
8498,BENIGN,70.61
8499,BENIGN,70.32
8500,BENIGN,74.12
8501,BENIGN,71.08
8502,BENIGN,70.88
8503,BENIGN,69.35
8504,BENIGN,71.85
8505,BENIGN,72.72
8506,BENIGN,71.5
8507,BENIGN,76.67
8508,BENIGN,75.9
8509,BENIGN,75.18
8510,BENIGN,74.11
8511,BENIGN,70.38
8512,BENIGN,71.42
8513,BENIGN,73.95
8514,BENIGN,73.74
8515,BENIGN,72.98
8516,BENIGN,74.71
8517,BENIGN,70.37
8518,BENIGN,75.96
8519,BENIGN,77.87
8520,BENIGN,73.99
8521,BENIGN,69.65
8522,BENIGN,72.03
8523,BENIGN,75.73
8524,BENIGN,69.68
8525,BENIGN,69.94
8526,BENIGN,71.46
8527,BENIGN,68.02
8528,BENIGN,72.41
8529,BENIGN,68.87
8530,BENIGN,63.45
8531,BENIGN,73.25
8532,BENIGN,75.0
8533,BENIGN,72.17
8534,BENIGN,72.01
8535,BENIGN,70.08
8536,BENIGN,71.62
8537,BENIGN,77.9
8538,BENIGN,71.02
8539,BENIGN,68.78
8540,BENIGN,77.13
8541,BENIGN,72.08
8542,BENIGN,70.17
8543,BENIGN,70.71
8544,BENIGN,70.57
8545,BENIGN,68.98
8546,BENIGN,67.44
8547,BENIGN,76.09
8548,BENIGN,77.56
8549,BENIGN,69.63
8550,BENIGN,70.83
8551,BENIGN,71.29
8552,BENIGN,76.72
8553,BENIGN,69.58
8554,BENIGN,70.01
8555,BENIGN,75.34
8556,BENIGN,74.38
8557,BENIGN,71.37
8558,BENIGN,69.81
8559,BENIGN,75.12
8560,BENIGN,70.5
8561,BENIGN,69.82
8562,BENIGN,71.93
8563,BENIGN,73.38
8564,BENIGN,71.9
8565,BENIGN,67.24
8566,BENIGN,67.42
8567,BENIGN,72.94
8568,BENIGN,72.46
8569,BENIGN,83.79
8570,BENIGN,70.39
8571,BENIGN,70.55
8572,BENIGN,69.56
8573,BENIGN,70.62
8574,BENIGN,77.65
8575,BENIGN,87.59
8576,BENIGN,72.11
8577,BENIGN,76.0
8578,BENIGN,69.66
8579,BENIGN,69.93
8580,BENIGN,67.27
8581,BENIGN,71.32
8582,BENIGN,75.72
8583,BENIGN,99.6
8584,BENIGN,72.97
8585,BENIGN,71.36
8586,BENIGN,70.44
8587,BENIGN,73.06
8588,BENIGN,69.96
8589,BENIGN,71.18
8590,BENIGN,74.18
8591,BENIGN,74.63
8592,BENIGN,74.02
8593,BENIGN,80.15
8594,BENIGN,72.2
8595,BENIGN,68.82
8596,BENIGN,72.0
8597,BENIGN,68.36
8598,BENIGN,69.22
8599,BENIGN,69.38
8600,BENIGN,71.05
8601,BENIGN,73.03
8602,BENIGN,69.68
8603,BENIGN,68.29
8604,BENIGN,71.25
8605,BENIGN,71.75
8606,BENIGN,73.67
8607,BENIGN,72.92
8608,BENIGN,69.47
8609,BENIGN,73.25
8610,BENIGN,72.5
8611,BENIGN,68.86
8612,BENIGN,75.3
8613,BENIGN,68.59
8614,BENIGN,71.27
8615,BENIGN,74.4
8616,BENIGN,71.04
8617,BENIGN,72.83
8618,BENIGN,78.92
8619,BENIGN,75.92
8620,BENIGN,85.52
8621,BENIGN,67.67
8622,BENIGN,78.18
8623,BENIGN,82.45
8624,BENIGN,78.25
8625,BENIGN,82.0
8626,BENIGN,78.25
8627,BENIGN,76.88
8628,BENIGN,78.11
8629,BENIGN,82.07
8630,BENIGN,73.01
8631,BENIGN,69.17
8632,BENIGN,77.77
8633,BENIGN,69.3
8634,BENIGN,69.46
8635,BENIGN,71.1
8636,BENIGN,71.01
8637,BENIGN,70.26
8638,BENIGN,78.05
8639,BENIGN,87.82
8640,BENIGN,70.29
8641,BENIGN,68.77
8642,BENIGN,74.8
8643,BENIGN,66.84
8644,BENIGN,68.0
8645,BENIGN,71.87
8646,BENIGN,74.73
8647,BENIGN,71.64
8648,BENIGN,67.44
8649,BENIGN,69.08
8650,BENIGN,81.96
8651,BENIGN,70.55
8652,BENIGN,70.22
8653,BENIGN,60.6
8654,BENIGN,71.85
8655,BENIGN,70.58
8656,BENIGN,83.04
8657,BENIGN,78.42
8658,BENIGN,74.29
8659,BENIGN,81.35
8660,BENIGN,70.17
8661,BENIGN,71.33
8662,BENIGN,70.74
8663,BENIGN,68.46
8664,BENIGN,72.28
8665,BENIGN,69.6
8666,BENIGN,70.87
8667,BENIGN,72.92
8668,BENIGN,69.73
8669,BENIGN,68.81
8670,BENIGN,70.77
8671,BENIGN,92.55
8672,BENIGN,71.19
8673,BENIGN,75.54
8674,BENIGN,69.09
8675,BENIGN,70.84
8676,BENIGN,69.63
8677,BENIGN,69.07
8678,BENIGN,78.22
8679,BENIGN,70.76
8680,BENIGN,70.56
8681,BENIGN,70.29
8682,BENIGN,69.66
8683,BENIGN,69.63
8684,BENIGN,78.48
8685,BENIGN,77.58
8686,BENIGN,70.44
8687,BENIGN,69.05
8688,BENIGN,74.96
8689,BENIGN,79.97
8690,BENIGN,73.55
8691,BENIGN,73.64
8692,BENIGN,71.42
8693,BENIGN,72.05
8694,BENIGN,70.09
8695,BENIGN,70.46
8696,BENIGN,71.93
8697,BENIGN,77.0
8698,BENIGN,69.67
8699,BENIGN,72.54
8700,BENIGN,73.27
8701,BENIGN,69.31
8702,BENIGN,73.5
8703,BENIGN,69.56
8704,BENIGN,76.57
8705,BENIGN,70.61
8706,BENIGN,69.91
8707,BENIGN,70.5
8708,BENIGN,72.43
8709,BENIGN,71.19
8710,BENIGN,76.28
8711,BENIGN,73.76
8712,BENIGN,72.69
8713,BENIGN,69.31
8714,BENIGN,72.28
8715,BENIGN,71.74
8716,BENIGN,68.16
8717,BENIGN,67.74
8718,BENIGN,68.0
8719,BENIGN,70.49
8720,BENIGN,69.32
8721,BENIGN,72.42
8722,BENIGN,68.66
8723,BENIGN,70.47
8724,BENIGN,78.1
8725,BENIGN,69.84
8726,BENIGN,72.33
8727,BENIGN,67.01
8728,BENIGN,72.96
8729,BENIGN,70.92
8730,BENIGN,70.32
8731,BENIGN,76.92
8732,BENIGN,68.96
8733,BENIGN,77.2
8734,BENIGN,81.79
8735,BENIGN,75.68
8736,BENIGN,74.78
8737,BENIGN,77.98
8738,BENIGN,67.88
8739,BENIGN,69.01
8740,BENIGN,69.58
8741,BENIGN,73.03
8742,BENIGN,68.76
8743,BENIGN,71.69
8744,BENIGN,69.3
8745,BENIGN,70.55
8746,BENIGN,75.84
8747,BENIGN,83.62
8748,BENIGN,71.77
8749,BENIGN,67.38
8750,BENIGN,68.68
8751,BENIGN,68.04
8752,BENIGN,65.19
8753,BENIGN,73.02
8754,BENIGN,56.93
8755,BENIGN,70.76
8756,BENIGN,67.81
8757,BENIGN,73.16
8758,BENIGN,73.26
8759,BENIGN,70.03
8760,BENIGN,71.12
8761,BENIGN,72.41
8762,BENIGN,67.96
8763,BENIGN,72.33
8764,BENIGN,71.83
8765,BENIGN,70.59
8766,BENIGN,71.43
8767,BENIGN,69.04
8768,BENIGN,72.41
8769,BENIGN,71.87
8770,BENIGN,71.07
8771,BENIGN,69.14
8772,BENIGN,73.59
8773,BENIGN,77.92
8774,BENIGN,72.3
8775,BENIGN,78.01
8776,BENIGN,74.94
8777,BENIGN,68.49
8778,BENIGN,68.48
8779,BENIGN,69.7
8780,BENIGN,71.19
8781,BENIGN,76.52
8782,BENIGN,69.53
8783,BENIGN,72.87
8784,BENIGN,69.24
8785,BENIGN,72.29
8786,BENIGN,70.35
8787,BENIGN,69.13
8788,BENIGN,75.02
8789,BENIGN,71.91
8790,BENIGN,71.78
8791,BENIGN,69.18
8792,BENIGN,69.33
8793,BENIGN,86.34
8794,BENIGN,78.11
8795,BENIGN,69.56
8796,BENIGN,70.48
8797,BENIGN,69.48
8798,BENIGN,69.99
8799,BENIGN,72.12
8800,BENIGN,71.47
8801,BENIGN,73.26
8802,BENIGN,71.82
8803,BENIGN,66.59
8804,BENIGN,67.21
8805,BENIGN,69.16
8806,BENIGN,69.02
8807,BENIGN,70.99
8808,BENIGN,67.64
8809,BENIGN,74.17
8810,BENIGN,73.45
8811,BENIGN,73.35
8812,BENIGN,69.98
8813,BENIGN,74.6
8814,BENIGN,83.89
8815,BENIGN,74.99
8816,BENIGN,71.83
8817,BENIGN,72.26
8818,BENIGN,76.59
8819,BENIGN,73.55
8820,BENIGN,76.29
8821,BENIGN,73.43
8822,BENIGN,69.98
8823,BENIGN,70.56
8824,BENIGN,72.08
8825,BENIGN,70.01
8826,BENIGN,72.38
8827,BENIGN,72.76
8828,BENIGN,87.46
8829,BENIGN,71.1
8830,BENIGN,72.22
8831,BENIGN,76.87
8832,BENIGN,76.16
8833,BENIGN,78.36
8834,BENIGN,78.35
8835,BENIGN,75.23
8836,BENIGN,69.99
8837,BENIGN,77.31
8838,BENIGN,75.73
8839,BENIGN,69.65
8840,BENIGN,70.23
8841,BENIGN,76.61
8842,BENIGN,76.89
8843,BENIGN,74.05
8844,BENIGN,76.06
8845,BENIGN,69.47
8846,BENIGN,75.86
8847,BENIGN,74.0
8848,BENIGN,77.46
8849,BENIGN,61.42
8850,BENIGN,78.53
8851,BENIGN,71.8
8852,BENIGN,69.69
8853,BENIGN,84.58
8854,BENIGN,69.95
8855,BENIGN,76.95
8856,BENIGN,74.47
8857,BENIGN,75.62
8858,BENIGN,74.7
8859,BENIGN,68.83
8860,BENIGN,71.43
8861,BENIGN,70.2
8862,BENIGN,70.57
8863,BENIGN,78.03
8864,BENIGN,70.9
8865,BENIGN,76.02
8866,BENIGN,70.36
8867,BENIGN,69.49
8868,BENIGN,68.95
8869,BENIGN,67.64
8870,BENIGN,69.1
8871,BENIGN,69.92
8872,BENIGN,75.38
8873,BENIGN,79.23
8874,BENIGN,72.53
8875,BENIGN,69.93
8876,BENIGN,73.81
8877,BENIGN,68.57
8878,BENIGN,71.42
8879,BENIGN,72.88
8880,BENIGN,73.35
8881,BENIGN,70.28
8882,BENIGN,73.94
8883,BENIGN,71.11
8884,BENIGN,75.61
8885,BENIGN,73.22
8886,BENIGN,68.01
8887,BENIGN,69.19
8888,BENIGN,71.89
8889,BENIGN,73.64
8890,BENIGN,79.23
8891,BENIGN,74.68
8892,BENIGN,71.04
8893,BENIGN,68.83
8894,BENIGN,74.66
8895,BENIGN,72.66
8896,BENIGN,69.62
8897,BENIGN,70.83
8898,BENIGN,72.34
8899,BENIGN,71.62
8900,BENIGN,79.19
8901,BENIGN,75.75
8902,BENIGN,69.63
8903,BENIGN,68.08
8904,BENIGN,74.83
8905,BENIGN,69.5
8906,BENIGN,73.75
8907,BENIGN,70.26
8908,BENIGN,71.97
8909,BENIGN,75.33
8910,BENIGN,74.01
8911,BENIGN,71.22
8912,BENIGN,68.65
8913,BENIGN,70.93
8914,BENIGN,69.86
8915,BENIGN,68.85
8916,BENIGN,78.56
8917,BENIGN,72.56
8918,BENIGN,71.51
8919,BENIGN,74.05
8920,BENIGN,69.58
8921,BENIGN,73.12
8922,BENIGN,69.9
8923,BENIGN,70.01
8924,BENIGN,69.54
8925,BENIGN,72.56
8926,BENIGN,74.32
8927,BENIGN,70.36
8928,BENIGN,67.92
8929,BENIGN,72.9
8930,BENIGN,70.24
8931,BENIGN,76.52
8932,BENIGN,71.73
8933,BENIGN,70.41
8934,BENIGN,68.8
8935,BENIGN,70.72
8936,BENIGN,71.63
8937,BENIGN,78.83
8938,BENIGN,70.77
8939,BENIGN,70.9
8940,BENIGN,69.73
8941,BENIGN,79.05
8942,BENIGN,70.33
8943,BENIGN,72.34
8944,BENIGN,71.33
8945,BENIGN,68.65
8946,BENIGN,74.84
8947,BENIGN,71.97
8948,BENIGN,68.25
8949,BENIGN,83.54
8950,BENIGN,74.02
8951,BENIGN,70.51
8952,BENIGN,94.59
8953,BENIGN,83.03
8954,BENIGN,76.06
8955,BENIGN,72.2
8956,BENIGN,78.63
8957,BENIGN,74.77
8958,BENIGN,73.33
8959,BENIGN,70.09
8960,BENIGN,73.33
8961,BENIGN,73.51
8962,BENIGN,71.09
8963,BENIGN,69.16
8964,BENIGN,72.51
8965,BENIGN,77.1
8966,BENIGN,69.85
8967,BENIGN,73.85
8968,BENIGN,70.48
8969,BENIGN,72.89
8970,BENIGN,71.46
8971,BENIGN,72.66
8972,BENIGN,70.53
8973,BENIGN,71.74
8974,BENIGN,69.67
8975,BENIGN,71.85
8976,BENIGN,72.92
8977,BENIGN,75.39
8978,BENIGN,67.83
8979,BENIGN,68.79
8980,BENIGN,68.1
8981,BENIGN,70.83
8982,BENIGN,72.18
8983,BENIGN,77.42
8984,BENIGN,77.04
8985,BENIGN,71.97
8986,BENIGN,71.02
8987,BENIGN,73.04
8988,BENIGN,77.86
8989,BENIGN,78.18
8990,BENIGN,74.36
8991,BENIGN,69.09
8992,BENIGN,78.8
8993,BENIGN,69.62
8994,BENIGN,71.13
8995,BENIGN,70.22
8996,BENIGN,72.91
8997,BENIGN,75.62
8998,BENIGN,69.2
8999,BENIGN,71.53
9000,BENIGN,67.55
9001,BENIGN,69.13
9002,BENIGN,69.56
9003,BENIGN,78.61
9004,BENIGN,70.64
9005,BENIGN,71.73
9006,BENIGN,70.71
9007,BENIGN,70.92
9008,BENIGN,69.94
9009,BENIGN,96.08
9010,BENIGN,70.05
9011,BENIGN,71.21
9012,BENIGN,73.42
9013,BENIGN,74.51
9014,BENIGN,73.96
9015,BENIGN,72.64
9016,BENIGN,72.08
9017,BENIGN,70.14
9018,BENIGN,68.77
9019,BENIGN,75.13
9020,BENIGN,71.63
9021,BENIGN,76.51
9022,BENIGN,77.46
9023,BENIGN,73.94
9024,BENIGN,73.11
9025,BENIGN,75.44
9026,BENIGN,74.08
9027,BENIGN,70.5
9028,BENIGN,69.03
9029,BENIGN,70.3
9030,BENIGN,70.23
9031,BENIGN,71.15
9032,BENIGN,72.24
9033,BENIGN,71.0
9034,BENIGN,76.59
9035,BENIGN,71.32
9036,BENIGN,73.52
9037,BENIGN,69.27
9038,BENIGN,70.43
9039,BENIGN,75.06
9040,BENIGN,80.9
9041,BENIGN,69.89
9042,BENIGN,74.9
9043,BENIGN,75.84
9044,BENIGN,69.03
9045,BENIGN,77.02
9046,BENIGN,71.66
9047,BENIGN,71.0
9048,BENIGN,74.98
9049,BENIGN,70.74
9050,BENIGN,63.3
9051,BENIGN,71.01
9052,BENIGN,76.47
9053,BENIGN,71.57
9054,BENIGN,71.78
9055,BENIGN,82.3
9056,BENIGN,70.25
9057,BENIGN,70.47
9058,BENIGN,74.37
9059,BENIGN,69.11
9060,BENIGN,76.3
9061,BENIGN,64.56
9062,BENIGN,68.59
9063,BENIGN,60.01
9064,BENIGN,60.03
9065,BENIGN,77.53
9066,BENIGN,79.67
9067,BENIGN,70.34
9068,BENIGN,72.02
9069,BENIGN,70.37
9070,BENIGN,71.14
9071,BENIGN,71.6
9072,BENIGN,73.27
9073,BENIGN,71.88
9074,BENIGN,70.35
9075,BENIGN,69.21
9076,BENIGN,70.46
9077,BENIGN,69.54
9078,BENIGN,70.31
9079,BENIGN,72.77
9080,BENIGN,73.75
9081,BENIGN,71.32
9082,BENIGN,75.2
9083,BENIGN,69.67
9084,BENIGN,65.68
9085,BENIGN,72.62
9086,BENIGN,74.29
9087,BENIGN,72.16
9088,BENIGN,72.68
9089,BENIGN,69.73
9090,BENIGN,68.77
9091,BENIGN,86.08
9092,BENIGN,70.93
9093,BENIGN,72.49
9094,BENIGN,68.52
9095,BENIGN,72.42
9096,BENIGN,66.91
9097,BENIGN,70.35
9098,BENIGN,69.97
9099,BENIGN,71.68
9100,BENIGN,69.33
9101,BENIGN,69.38
9102,BENIGN,70.1
9103,BENIGN,72.49
9104,BENIGN,70.22
9105,BENIGN,70.93
9106,BENIGN,70.19
9107,BENIGN,75.62
9108,BENIGN,72.54
9109,BENIGN,65.92
9110,BENIGN,68.64
9111,BENIGN,72.57
9112,BENIGN,70.59
9113,BENIGN,66.23
9114,BENIGN,70.44
9115,BENIGN,74.63
9116,BENIGN,68.79
9117,BENIGN,67.55
9118,BENIGN,71.42
9119,BENIGN,69.46
9120,BENIGN,68.48
9121,BENIGN,71.02
9122,BENIGN,69.59
9123,BENIGN,70.63
9124,BENIGN,76.57
9125,BENIGN,74.1
9126,BENIGN,70.99
9127,BENIGN,70.28
9128,BENIGN,70.9
9129,BENIGN,70.63
9130,BENIGN,70.6
9131,BENIGN,71.58
9132,BENIGN,70.15
9133,BENIGN,69.03
9134,BENIGN,72.56
9135,BENIGN,72.86
9136,BENIGN,76.97
9137,BENIGN,69.74
9138,BENIGN,74.52
9139,BENIGN,73.22
9140,BENIGN,72.2
9141,BENIGN,69.82
9142,BENIGN,76.58
9143,BENIGN,75.0
9144,BENIGN,71.39
9145,BENIGN,71.14
9146,BENIGN,69.08
9147,BENIGN,74.6
9148,BENIGN,71.44
9149,BENIGN,69.58
9150,BENIGN,78.96
9151,BENIGN,71.87
9152,BENIGN,82.75
9153,BENIGN,69.17
9154,BENIGN,78.52
9155,BENIGN,70.47
9156,BENIGN,70.02
9157,BENIGN,73.62
9158,BENIGN,68.33
9159,BENIGN,71.46
9160,BENIGN,77.61
9161,BENIGN,70.21
9162,BENIGN,73.15
9163,BENIGN,70.98
9164,BENIGN,70.2
9165,BENIGN,70.92
9166,BENIGN,69.59
9167,BENIGN,76.95
9168,BENIGN,73.86
9169,BENIGN,69.74
9170,BENIGN,70.41
9171,BENIGN,69.44
9172,BENIGN,76.15
9173,BENIGN,69.92
9174,BENIGN,73.41
9175,BENIGN,71.66
9176,BENIGN,77.33
9177,BENIGN,68.15
9178,BENIGN,73.52
9179,BENIGN,68.68
9180,BENIGN,71.46
9181,BENIGN,71.06
9182,BENIGN,77.87
9183,BENIGN,70.65
9184,BENIGN,70.84
9185,BENIGN,69.78
9186,BENIGN,70.72
9187,BENIGN,77.82
9188,BENIGN,70.16
9189,BENIGN,70.65
9190,BENIGN,71.07
9191,BENIGN,71.03
9192,BENIGN,68.15
9193,BENIGN,71.6
9194,BENIGN,71.3
9195,BENIGN,75.16
9196,BENIGN,84.18
9197,BENIGN,71.93
9198,BENIGN,68.34
9199,BENIGN,69.67
9200,BENIGN,70.22
9201,BENIGN,72.83
9202,BENIGN,73.41
9203,BENIGN,81.32
9204,BENIGN,75.26
9205,BENIGN,71.33
9206,BENIGN,73.26
9207,BENIGN,74.84
9208,BENIGN,69.85
9209,BENIGN,69.5
9210,BENIGN,69.41
9211,BENIGN,72.58
9212,BENIGN,72.7
9213,BENIGN,68.45
9214,BENIGN,70.7
9215,BENIGN,69.63
9216,BENIGN,72.03
9217,BENIGN,72.37
9218,BENIGN,78.89
9219,BENIGN,76.28
9220,BENIGN,71.37
9221,BENIGN,72.83
9222,BENIGN,86.61
9223,BENIGN,72.34
9224,BENIGN,71.54
9225,BENIGN,71.3
9226,BENIGN,70.85
9227,BENIGN,77.92
9228,BENIGN,71.43
9229,BENIGN,74.21
9230,BENIGN,71.58
9231,BENIGN,69.14
9232,BENIGN,69.81
9233,BENIGN,75.73
9234,BENIGN,69.15
9235,BENIGN,75.55
9236,BENIGN,71.46
9237,BENIGN,70.24
9238,BENIGN,68.86
9239,BENIGN,70.73
9240,BENIGN,79.09
9241,BENIGN,77.43
9242,BENIGN,72.7
9243,BENIGN,73.7
9244,BENIGN,74.87
9245,BENIGN,69.04
9246,BENIGN,69.66
9247,BENIGN,70.14
9248,BENIGN,73.08
9249,BENIGN,68.25
9250,BENIGN,69.75
9251,BENIGN,73.29
9252,BENIGN,71.79
9253,BENIGN,74.08
9254,BENIGN,74.01
9255,BENIGN,73.89
9256,BENIGN,70.19
9257,BENIGN,71.31
9258,BENIGN,71.37
9259,BENIGN,70.92
9260,BENIGN,76.65
9261,BENIGN,71.08
9262,BENIGN,69.28
9263,BENIGN,71.34
9264,BENIGN,77.32
9265,BENIGN,71.95
9266,BENIGN,65.18
9267,BENIGN,70.06
9268,BENIGN,71.11
9269,BENIGN,69.49
9270,BENIGN,68.27
9271,BENIGN,68.99
9272,BENIGN,71.72
9273,BENIGN,70.67
9274,BENIGN,72.08
9275,BENIGN,70.86
9276,BENIGN,71.79
9277,BENIGN,75.18
9278,BENIGN,76.18
9279,BENIGN,78.37
9280,BENIGN,71.61
9281,BENIGN,70.57
9282,BENIGN,74.55
9283,BENIGN,75.9
9284,BENIGN,77.87
9285,BENIGN,74.75
9286,BENIGN,77.59
9287,BENIGN,70.47
9288,BENIGN,72.1
9289,BENIGN,72.1
9290,BENIGN,76.82
9291,BENIGN,77.66
9292,BENIGN,73.88
9293,BENIGN,72.55
9294,BENIGN,74.74
9295,BENIGN,69.61
9296,BENIGN,74.38
9297,BENIGN,68.77
9298,BENIGN,70.27
9299,BENIGN,68.79
9300,BENIGN,71.27
9301,BENIGN,71.16
9302,BENIGN,69.86
9303,BENIGN,68.98
9304,BENIGN,80.11
9305,BENIGN,71.39
9306,BENIGN,72.36
9307,BENIGN,68.38
9308,BENIGN,67.98
9309,BENIGN,69.81
9310,BENIGN,71.96
9311,BENIGN,70.42
9312,BENIGN,69.94
9313,BENIGN,72.61
9314,BENIGN,75.1
9315,BENIGN,72.73
9316,BENIGN,70.15
9317,BENIGN,80.02
9318,BENIGN,68.77
9319,BENIGN,69.61
9320,BENIGN,71.92
9321,BENIGN,73.4
9322,BENIGN,71.46
9323,BENIGN,70.62
9324,BENIGN,72.77
9325,BENIGN,72.53
9326,BENIGN,69.02
9327,BENIGN,70.16
9328,BENIGN,70.27
9329,BENIGN,80.15
9330,BENIGN,72.08
9331,BENIGN,73.25
9332,BENIGN,75.24
9333,BENIGN,71.32
9334,BENIGN,71.07
9335,BENIGN,68.84
9336,BENIGN,71.11
9337,BENIGN,81.3
9338,BENIGN,71.73
9339,BENIGN,71.47
9340,BENIGN,73.19
9341,BENIGN,69.84
9342,BENIGN,71.54
9343,BENIGN,75.75
9344,BENIGN,72.52
9345,BENIGN,68.19
9346,BENIGN,70.04
9347,BENIGN,69.85
9348,BENIGN,79.38
9349,BENIGN,75.74
9350,BENIGN,69.08
9351,BENIGN,68.34
9352,BENIGN,71.45
9353,BENIGN,75.82
9354,BENIGN,72.64
9355,BENIGN,69.27
9356,BENIGN,79.14
9357,BENIGN,72.3
9358,BENIGN,72.02
9359,BENIGN,70.6
9360,BENIGN,69.33
9361,BENIGN,72.96
9362,BENIGN,76.07
9363,BENIGN,68.85
9364,BENIGN,70.99
9365,BENIGN,72.59
9366,BENIGN,70.14
9367,BENIGN,70.61
9368,BENIGN,71.91
9369,BENIGN,70.2
9370,BENIGN,71.18
9371,BENIGN,73.38
9372,BENIGN,71.51
9373,BENIGN,68.58
9374,BENIGN,71.28
9375,BENIGN,77.02
9376,BENIGN,68.96
9377,BENIGN,72.26
9378,BENIGN,71.41
9379,BENIGN,74.19
9380,BENIGN,72.09
9381,BENIGN,73.88
9382,BENIGN,69.28
9383,BENIGN,72.55
9384,BENIGN,69.51
9385,BENIGN,69.92
9386,BENIGN,69.91
9387,BENIGN,70.42
9388,BENIGN,70.47
9389,BENIGN,71.66
9390,BENIGN,75.59
9391,BENIGN,70.89
9392,BENIGN,70.1
9393,BENIGN,69.37
9394,BENIGN,72.76
9395,BENIGN,68.92
9396,BENIGN,75.35
9397,BENIGN,69.98
9398,BENIGN,84.68
9399,BENIGN,73.83
9400,BENIGN,71.9
9401,BENIGN,71.31
9402,BENIGN,73.37
9403,BENIGN,69.94
9404,BENIGN,69.8
9405,BENIGN,71.38
9406,BENIGN,77.17
9407,BENIGN,72.12
9408,BENIGN,92.8
9409,BENIGN,89.11
9410,BENIGN,70.25
9411,BENIGN,69.27
9412,BENIGN,72.64
9413,BENIGN,73.58
9414,BENIGN,68.55
9415,BENIGN,71.46
9416,BENIGN,72.7
9417,BENIGN,70.32
9418,BENIGN,70.77
9419,BENIGN,69.4
9420,BENIGN,74.74
9421,BENIGN,73.87
9422,BENIGN,69.26
9423,BENIGN,77.12
9424,BENIGN,72.01
9425,BENIGN,70.41
9426,BENIGN,73.73
9427,BENIGN,73.7
9428,BENIGN,61.07
9429,BENIGN,80.49
9430,BENIGN,69.9
9431,BENIGN,78.88
9432,BENIGN,73.02
9433,BENIGN,72.74
9434,BENIGN,71.46
9435,BENIGN,71.61
9436,BENIGN,70.03
9437,BENIGN,73.91
9438,BENIGN,70.36
9439,BENIGN,71.76
9440,BENIGN,76.85
9441,BENIGN,78.41
9442,BENIGN,69.04
9443,BENIGN,68.89
9444,BENIGN,72.25
9445,BENIGN,83.49
9446,BENIGN,72.38
9447,BENIGN,74.03
9448,BENIGN,68.0
9449,BENIGN,73.1
9450,BENIGN,74.46
9451,BENIGN,68.9
9452,BENIGN,71.96
9453,BENIGN,70.29
9454,BENIGN,71.56
9455,BENIGN,69.5
9456,BENIGN,72.42
9457,BENIGN,71.73
9458,BENIGN,64.96
9459,BENIGN,69.18
9460,BENIGN,76.5
9461,BENIGN,69.26
9462,BENIGN,71.73
9463,BENIGN,76.2
9464,BENIGN,71.82
9465,BENIGN,68.66
9466,BENIGN,69.7
9467,BENIGN,79.15
9468,BENIGN,69.78
9469,BENIGN,72.33
9470,BENIGN,69.49
9471,BENIGN,69.9
9472,BENIGN,68.07
9473,BENIGN,75.75
9474,BENIGN,68.95
9475,BENIGN,73.06
9476,BENIGN,75.04
9477,BENIGN,74.65
9478,BENIGN,67.12
9479,BENIGN,69.39
9480,BENIGN,70.13
9481,BENIGN,71.09
9482,BENIGN,70.49
9483,BENIGN,69.39
9484,BENIGN,70.36
9485,BENIGN,70.67
9486,BENIGN,68.54
9487,BENIGN,73.71
9488,BENIGN,70.94
9489,BENIGN,75.82
9490,BENIGN,71.99
9491,BENIGN,69.61
9492,BENIGN,69.68
9493,BENIGN,70.69
9494,BENIGN,69.41
9495,BENIGN,70.18
9496,BENIGN,69.84
9497,BENIGN,69.88
9498,BENIGN,70.22
9499,BENIGN,69.9
9500,BENIGN,78.28
9501,BENIGN,70.76
9502,BENIGN,70.1
9503,BENIGN,74.24
9504,BENIGN,74.22
9505,BENIGN,80.15
9506,BENIGN,69.98
9507,BENIGN,68.7
9508,BENIGN,72.95
9509,BENIGN,68.64
9510,BENIGN,89.75
9511,BENIGN,69.65
9512,BENIGN,69.69
9513,BENIGN,76.98
9514,BENIGN,69.42
9515,BENIGN,70.26
9516,BENIGN,69.91
9517,BENIGN,70.79
9518,BENIGN,72.53
9519,BENIGN,79.36
9520,BENIGN,70.19
9521,BENIGN,69.9
9522,BENIGN,71.44
9523,BENIGN,68.74
9524,BENIGN,72.8
9525,BENIGN,68.31
9526,BENIGN,71.11
9527,BENIGN,76.25
9528,BENIGN,66.34
9529,BENIGN,73.51
9530,BENIGN,70.47
9531,BENIGN,72.18
9532,BENIGN,73.01
9533,BENIGN,81.59
9534,BENIGN,74.23
9535,BENIGN,74.46
9536,BENIGN,70.01
9537,BENIGN,70.58
9538,BENIGN,74.92
9539,BENIGN,73.33
9540,BENIGN,82.04
9541,BENIGN,78.45
9542,BENIGN,71.47
9543,BENIGN,77.77
9544,BENIGN,77.94
9545,BENIGN,71.64
9546,BENIGN,71.01
9547,BENIGN,74.64
9548,BENIGN,76.17
9549,BENIGN,71.06
9550,BENIGN,78.66
9551,BENIGN,70.8
9552,BENIGN,86.74
9553,BENIGN,71.89
9554,BENIGN,68.9
9555,BENIGN,73.24
9556,BENIGN,73.86
9557,BENIGN,69.24
9558,BENIGN,84.06
9559,BENIGN,75.7
9560,BENIGN,84.02
9561,BENIGN,80.02
9562,BENIGN,70.06
9563,BENIGN,69.31
9564,BENIGN,68.62
9565,BENIGN,69.96
9566,BENIGN,68.79
9567,BENIGN,74.51
9568,BENIGN,72.3
9569,BENIGN,70.77
9570,BENIGN,72.54
9571,BENIGN,68.96
9572,BENIGN,71.01
9573,BENIGN,78.22
9574,BENIGN,74.05
9575,BENIGN,95.22
9576,BENIGN,79.27
9577,BENIGN,68.06
9578,BENIGN,70.8
9579,BENIGN,70.73
9580,BENIGN,72.3
9581,BENIGN,74.01
9582,BENIGN,72.34
9583,BENIGN,69.43
9584,BENIGN,70.14
9585,BENIGN,73.12
9586,BENIGN,73.45
9587,BENIGN,73.26
9588,BENIGN,71.3
9589,BENIGN,70.22
9590,BENIGN,68.76
9591,BENIGN,72.58
9592,BENIGN,72.89
9593,BENIGN,74.32
9594,BENIGN,77.12
9595,BENIGN,71.34
9596,BENIGN,72.53
9597,BENIGN,70.71
9598,BENIGN,74.15
9599,BENIGN,74.35
9600,BENIGN,83.22
9601,BENIGN,70.44
9602,BENIGN,75.63
9603,BENIGN,70.1
9604,BENIGN,75.8
9605,BENIGN,71.98
9606,BENIGN,71.14
9607,BENIGN,92.66
9608,BENIGN,88.5
9609,BENIGN,78.44
9610,BENIGN,70.26
9611,BENIGN,71.54
9612,BENIGN,69.17
9613,BENIGN,68.83
9614,BENIGN,71.04
9615,BENIGN,73.39
9616,BENIGN,73.3
9617,BENIGN,70.4
9618,BENIGN,70.22
9619,BENIGN,71.55
9620,BENIGN,78.05
9621,BENIGN,72.95
9622,BENIGN,71.05
9623,BENIGN,72.77
9624,BENIGN,69.67
9625,BENIGN,69.3
9626,BENIGN,75.48
9627,BENIGN,80.25
9628,BENIGN,72.0
9629,BENIGN,69.46
9630,BENIGN,75.39
9631,BENIGN,71.04
9632,BENIGN,70.64
9633,BENIGN,70.88
9634,BENIGN,72.95
9635,BENIGN,78.59
9636,BENIGN,70.78
9637,BENIGN,70.83
9638,BENIGN,73.7
9639,BENIGN,71.48
9640,BENIGN,72.81
9641,BENIGN,71.58
9642,BENIGN,69.71
9643,BENIGN,70.46
9644,BENIGN,72.83
9645,BENIGN,73.65
9646,BENIGN,69.07
9647,BENIGN,70.21
9648,BENIGN,71.55
9649,BENIGN,69.8
9650,BENIGN,79.09
9651,BENIGN,69.44
9652,BENIGN,76.87
9653,BENIGN,70.86
9654,BENIGN,69.74
9655,BENIGN,72.5
9656,BENIGN,61.78
9657,BENIGN,73.74
9658,BENIGN,69.11
9659,BENIGN,72.15
9660,BENIGN,80.56
9661,BENIGN,81.2
9662,BENIGN,68.77
9663,BENIGN,74.56
9664,BENIGN,92.62
9665,BENIGN,66.5
9666,BENIGN,72.41
9667,BENIGN,70.69
9668,BENIGN,76.1
9669,BENIGN,69.05
9670,BENIGN,68.54
9671,BENIGN,70.26
9672,BENIGN,74.71
9673,BENIGN,71.49
9674,BENIGN,70.4
9675,BENIGN,70.87
9676,BENIGN,73.53
9677,BENIGN,70.7
9678,BENIGN,73.22
9679,BENIGN,74.4
9680,BENIGN,74.38
9681,BENIGN,72.26
9682,BENIGN,73.03
9683,BENIGN,73.61
9684,BENIGN,70.78
9685,BENIGN,72.64
9686,BENIGN,71.73
9687,BENIGN,76.52
9688,BENIGN,69.7
9689,BENIGN,68.64
9690,BENIGN,71.71
9691,BENIGN,70.7
9692,BENIGN,73.0
9693,BENIGN,69.06
9694,BENIGN,70.4
9695,BENIGN,71.78
9696,BENIGN,77.19
9697,BENIGN,76.94
9698,BENIGN,71.94
9699,BENIGN,78.14
9700,BENIGN,70.5
9701,BENIGN,67.87
9702,BENIGN,69.1
9703,BENIGN,69.98
9704,BENIGN,71.13
9705,BENIGN,72.34
9706,BENIGN,70.37
9707,BENIGN,70.02
9708,BENIGN,69.73
9709,BENIGN,70.47
9710,BENIGN,72.99
9711,BENIGN,69.76
9712,BENIGN,69.2
9713,BENIGN,69.16
9714,BENIGN,68.4
9715,BENIGN,75.22
9716,BENIGN,69.83
9717,BENIGN,74.1
9718,BENIGN,71.6
9719,BENIGN,72.2
9720,BENIGN,74.03
9721,BENIGN,75.78
9722,BENIGN,67.78
9723,BENIGN,73.96
9724,BENIGN,73.21
9725,BENIGN,71.7
9726,BENIGN,71.63
9727,BENIGN,71.65
9728,BENIGN,70.06
9729,BENIGN,70.88
9730,BENIGN,69.82
9731,BENIGN,67.85
9732,BENIGN,69.17
9733,BENIGN,70.24
9734,BENIGN,69.26
9735,BENIGN,69.0
9736,BENIGN,73.08
9737,BENIGN,75.89
9738,BENIGN,70.09
9739,BENIGN,71.0
9740,BENIGN,72.33
9741,BENIGN,71.43
9742,BENIGN,73.01
9743,BENIGN,69.73
9744,BENIGN,70.31
9745,BENIGN,69.93
9746,BENIGN,70.72
9747,BENIGN,70.94
9748,BENIGN,76.47
9749,BENIGN,74.67
9750,BENIGN,76.66
9751,BENIGN,68.11
9752,BENIGN,73.34
9753,BENIGN,72.79
9754,BENIGN,73.12
9755,BENIGN,69.53
9756,BENIGN,69.85
9757,BENIGN,73.51
9758,BENIGN,81.3
9759,BENIGN,69.66
9760,BENIGN,71.46
9761,BENIGN,70.48
9762,BENIGN,71.06
9763,BENIGN,70.86
9764,BENIGN,70.27
9765,BENIGN,70.0
9766,BENIGN,69.84
9767,BENIGN,69.99
9768,BENIGN,70.31
9769,BENIGN,74.49
9770,BENIGN,71.72
9771,BENIGN,70.05
9772,BENIGN,70.45
9773,BENIGN,69.29
9774,BENIGN,69.99
9775,BENIGN,72.54
9776,BENIGN,70.67
9777,BENIGN,72.97
9778,BENIGN,70.73
9779,BENIGN,72.1
9780,BENIGN,69.14
9781,BENIGN,72.57
9782,BENIGN,78.07
9783,BENIGN,71.44
9784,BENIGN,71.24
9785,BENIGN,69.38
9786,BENIGN,69.33
9787,BENIGN,69.96
9788,BENIGN,74.25
9789,BENIGN,72.11
9790,BENIGN,72.25
9791,BENIGN,72.25
9792,BENIGN,86.18
9793,BENIGN,71.95
9794,BENIGN,72.38
9795,BENIGN,71.95
9796,BENIGN,73.55
9797,BENIGN,72.11
9798,BENIGN,74.19
9799,BENIGN,79.04
9800,BENIGN,71.21
9801,BENIGN,70.11
9802,BENIGN,69.87
9803,BENIGN,83.94
9804,BENIGN,77.85
9805,BENIGN,69.67
9806,BENIGN,76.34
9807,BENIGN,79.96
9808,BENIGN,67.68
9809,BENIGN,71.44
9810,BENIGN,68.96
9811,BENIGN,77.4
9812,BENIGN,70.94
9813,BENIGN,76.7
9814,BENIGN,69.19
9815,BENIGN,66.51
9816,BENIGN,69.22
9817,BENIGN,70.4
9818,BENIGN,87.05
9819,BENIGN,68.93
9820,BENIGN,69.36
9821,BENIGN,69.5
9822,BENIGN,85.82
9823,BENIGN,85.42
9824,BENIGN,72.59
9825,BENIGN,70.78
9826,BENIGN,68.67
9827,BENIGN,73.18
9828,BENIGN,69.43
9829,BENIGN,69.48
9830,BENIGN,68.4
9831,BENIGN,73.67
9832,BENIGN,68.86
9833,BENIGN,67.93
9834,BENIGN,69.66
9835,BENIGN,72.09
9836,BENIGN,68.78
9837,BENIGN,70.01
9838,BENIGN,70.0
9839,BENIGN,70.88
9840,BENIGN,74.89
9841,BENIGN,69.8
9842,BENIGN,77.87
9843,BENIGN,70.0
9844,BENIGN,80.32
9845,BENIGN,72.08
9846,BENIGN,71.35
9847,BENIGN,71.8
9848,BENIGN,72.8
9849,BENIGN,69.34
9850,BENIGN,97.65
9851,BENIGN,72.97
9852,BENIGN,72.95
9853,BENIGN,66.27
9854,BENIGN,69.32
9855,BENIGN,70.83
9856,BENIGN,69.15
9857,BENIGN,77.61
9858,BENIGN,74.22
9859,BENIGN,95.6
9860,BENIGN,77.03
9861,BENIGN,72.33
9862,BENIGN,70.05
9863,BENIGN,71.37
9864,BENIGN,71.2
9865,BENIGN,70.28
9866,BENIGN,70.57
9867,BENIGN,68.86
9868,BENIGN,70.54
9869,BENIGN,73.19
9870,BENIGN,60.51
9871,BENIGN,70.45
9872,BENIGN,73.98
9873,BENIGN,61.15
9874,BENIGN,70.57
9875,BENIGN,69.87
9876,BENIGN,71.38
9877,BENIGN,70.08
9878,BENIGN,69.69
9879,BENIGN,68.88
9880,BENIGN,68.74
9881,BENIGN,73.84
9882,BENIGN,86.22
9883,BENIGN,86.22
9884,BENIGN,70.56
9885,BENIGN,69.8
9886,BENIGN,73.11
9887,BENIGN,68.64
9888,BENIGN,73.95
9889,BENIGN,70.2
9890,BENIGN,71.28
9891,BENIGN,72.36
9892,BENIGN,72.14
9893,BENIGN,69.52
9894,BENIGN,68.98
9895,BENIGN,67.26
9896,BENIGN,68.52
9897,BENIGN,69.48
9898,BENIGN,70.59
9899,BENIGN,68.01
9900,BENIGN,70.27
9901,BENIGN,74.06
9902,BENIGN,72.1
9903,BENIGN,85.52
9904,BENIGN,68.92
9905,BENIGN,76.52
9906,BENIGN,76.92
9907,BENIGN,71.11
9908,BENIGN,74.87
9909,BENIGN,69.69
9910,BENIGN,68.29
9911,BENIGN,70.43
9912,BENIGN,71.37
9913,BENIGN,69.46
9914,BENIGN,70.09
9915,BENIGN,69.38
9916,BENIGN,72.08
9917,BENIGN,68.48
9918,BENIGN,70.15
9919,BENIGN,70.74
9920,BENIGN,69.65
9921,BENIGN,69.14
9922,BENIGN,68.42
9923,BENIGN,70.13
9924,BENIGN,70.34
9925,BENIGN,74.53
9926,BENIGN,74.23
9927,BENIGN,71.23
9928,BENIGN,70.45
9929,BENIGN,72.36
9930,BENIGN,69.25
9931,BENIGN,68.11
9932,BENIGN,71.76
9933,BENIGN,74.62
9934,BENIGN,71.07
9935,BENIGN,75.81
9936,BENIGN,68.9
9937,BENIGN,68.87
9938,BENIGN,69.41
9939,BENIGN,66.6
9940,BENIGN,77.84
9941,BENIGN,69.55
9942,BENIGN,73.27
9943,BENIGN,86.56
9944,BENIGN,72.29
9945,BENIGN,78.9
9946,BENIGN,81.87
9947,BENIGN,70.05
9948,BENIGN,70.99
9949,BENIGN,68.04
9950,BENIGN,71.15
9951,BENIGN,71.39
9952,BENIGN,68.75
9953,BENIGN,73.01
9954,BENIGN,70.26
9955,BENIGN,69.36
9956,BENIGN,67.48
9957,BENIGN,69.23
9958,BENIGN,70.78
9959,BENIGN,67.79
9960,BENIGN,81.42
9961,BENIGN,70.3
9962,BENIGN,71.48
9963,BENIGN,73.39
9964,BENIGN,75.86
9965,BENIGN,73.13
9966,BENIGN,89.36
9967,BENIGN,74.09
9968,BENIGN,75.55
9969,BENIGN,72.61
9970,BENIGN,78.56
9971,BENIGN,70.98
9972,BENIGN,74.06
9973,BENIGN,69.71
9974,BENIGN,76.4
9975,BENIGN,74.56
9976,BENIGN,72.29
9977,BENIGN,79.07
9978,BENIGN,72.43
9979,BENIGN,68.67
9980,BENIGN,72.53
9981,BENIGN,70.61
9982,BENIGN,71.46
9983,BENIGN,73.36
9984,BENIGN,68.82
9985,BENIGN,70.83
9986,BENIGN,81.47
9987,BENIGN,68.44
9988,BENIGN,69.09
9989,BENIGN,76.77
9990,BENIGN,69.69
9991,BENIGN,69.09
9992,BENIGN,75.01
9993,BENIGN,74.87
9994,BENIGN,69.41
9995,BENIGN,68.33
9996,BENIGN,69.6
9997,BENIGN,69.39
9998,BENIGN,71.08
9999,BENIGN,71.06
10000,BENIGN,69.08
10001,BENIGN,72.13
10002,BENIGN,81.02
10003,BENIGN,71.86
10004,BENIGN,72.59
10005,BENIGN,71.93
10006,BENIGN,68.94
10007,BENIGN,71.8
10008,BENIGN,71.57
10009,BENIGN,69.31
10010,BENIGN,75.03
10011,BENIGN,73.26
10012,BENIGN,71.63
10013,BENIGN,74.27
10014,BENIGN,73.97
10015,BENIGN,70.16
10016,BENIGN,68.6
10017,BENIGN,74.8
10018,BENIGN,69.02
10019,BENIGN,71.69
10020,BENIGN,73.84
10021,BENIGN,70.56
10022,BENIGN,70.55
10023,BENIGN,72.76
10024,BENIGN,68.82
10025,BENIGN,68.94
10026,BENIGN,68.29
10027,BENIGN,68.32
10028,BENIGN,71.37
10029,BENIGN,70.17
10030,BENIGN,70.25
10031,BENIGN,68.64
10032,BENIGN,69.43
10033,BENIGN,69.27
10034,BENIGN,73.81
10035,BENIGN,67.65
10036,BENIGN,92.76
10037,BENIGN,74.49
10038,BENIGN,74.96
10039,BENIGN,82.16
10040,BENIGN,73.78
10041,BENIGN,70.57
10042,BENIGN,69.04
10043,BENIGN,69.74
10044,BENIGN,81.61
10045,BENIGN,70.63
10046,BENIGN,71.79
10047,BENIGN,69.79
10048,BENIGN,68.27
10049,BENIGN,68.51
10050,BENIGN,72.06
10051,BENIGN,71.84
10052,BENIGN,71.06
10053,BENIGN,68.31
10054,BENIGN,69.56
10055,BENIGN,63.71
10056,BENIGN,70.78
10057,BENIGN,70.07
10058,BENIGN,71.4
10059,BENIGN,72.85
10060,BENIGN,69.7
10061,BENIGN,69.4
10062,BENIGN,68.9
10063,BENIGN,72.87
10064,BENIGN,74.95
10065,BENIGN,79.78
10066,BENIGN,92.58
10067,BENIGN,71.05
10068,BENIGN,73.09
10069,BENIGN,75.66
10070,BENIGN,68.7
10071,BENIGN,69.78
10072,BENIGN,68.72
10073,BENIGN,74.33
10074,BENIGN,68.72
10075,BENIGN,66.51
10076,BENIGN,70.44
10077,BENIGN,76.93
10078,BENIGN,69.36
10079,BENIGN,74.47
10080,BENIGN,70.27
10081,BENIGN,70.45
10082,BENIGN,70.35
10083,BENIGN,71.67
10084,BENIGN,71.27
10085,BENIGN,71.7
10086,BENIGN,73.43
10087,BENIGN,74.09
10088,BENIGN,70.02
10089,BENIGN,76.6
10090,BENIGN,68.9
10091,BENIGN,72.52
10092,BENIGN,74.27
10093,BENIGN,70.51
10094,BENIGN,68.76
10095,BENIGN,75.2
10096,BENIGN,68.29
10097,BENIGN,69.96
10098,BENIGN,69.26
10099,BENIGN,70.69
10100,BENIGN,72.3
10101,BENIGN,77.31
10102,BENIGN,70.43
10103,BENIGN,69.65
10104,BENIGN,71.53
10105,BENIGN,71.97
10106,BENIGN,71.18
10107,BENIGN,93.09
10108,BENIGN,68.97
10109,BENIGN,70.69
10110,BENIGN,72.85
10111,BENIGN,69.34
10112,BENIGN,70.93
10113,BENIGN,72.48
10114,BENIGN,76.91
10115,BENIGN,70.29
10116,BENIGN,71.67
10117,BENIGN,77.85
10118,BENIGN,68.77
10119,BENIGN,69.63
10120,BENIGN,70.99
10121,BENIGN,70.88
10122,BENIGN,69.23
10123,BENIGN,69.88
10124,BENIGN,71.38
10125,BENIGN,73.34
10126,BENIGN,69.45
10127,BENIGN,72.56
10128,BENIGN,70.51
10129,BENIGN,70.06
10130,BENIGN,76.11
10131,BENIGN,74.05
10132,BENIGN,72.42
10133,BENIGN,71.03
10134,BENIGN,67.71
10135,BENIGN,79.86
10136,BENIGN,65.73
10137,ATTACK,94.13
10138,BENIGN,68.24
10139,BENIGN,69.71
10140,BENIGN,67.93
10141,BENIGN,70.37
10142,BENIGN,71.03
10143,BENIGN,74.97
10144,BENIGN,70.41
10145,BENIGN,68.24
10146,BENIGN,73.84
10147,BENIGN,71.48
10148,BENIGN,70.08
10149,BENIGN,69.89
10150,BENIGN,69.87
10151,BENIGN,69.3
10152,BENIGN,70.69
10153,BENIGN,71.84
10154,BENIGN,72.77
10155,BENIGN,70.34
10156,BENIGN,69.21
10157,BENIGN,83.24
10158,BENIGN,68.79
10159,BENIGN,69.34
10160,BENIGN,71.29
10161,BENIGN,70.7
10162,BENIGN,74.07
10163,BENIGN,70.62
10164,BENIGN,75.68
10165,BENIGN,71.69
10166,BENIGN,69.58
10167,BENIGN,72.32
10168,BENIGN,70.51
10169,BENIGN,69.15
10170,BENIGN,72.63
10171,BENIGN,71.19
10172,BENIGN,68.04
10173,BENIGN,69.27
10174,BENIGN,71.94
10175,BENIGN,69.11
10176,BENIGN,71.0
10177,BENIGN,72.55
10178,BENIGN,69.41
10179,BENIGN,77.32
10180,BENIGN,88.49
10181,BENIGN,67.64
10182,BENIGN,78.32
10183,BENIGN,74.69
10184,BENIGN,68.99
10185,BENIGN,85.23
10186,BENIGN,70.47
10187,BENIGN,71.49
10188,BENIGN,71.32
10189,BENIGN,70.46
10190,BENIGN,71.71
10191,BENIGN,72.6
10192,BENIGN,68.36
10193,BENIGN,73.82
10194,BENIGN,70.41
10195,BENIGN,75.2
10196,BENIGN,70.21
10197,BENIGN,71.66
10198,BENIGN,67.07
10199,BENIGN,68.3
10200,BENIGN,69.83
10201,BENIGN,71.97
10202,BENIGN,69.49
10203,BENIGN,68.93
10204,BENIGN,73.25
10205,BENIGN,85.82
10206,BENIGN,76.14
10207,BENIGN,68.56
10208,BENIGN,67.67
10209,BENIGN,67.84
10210,BENIGN,69.18
10211,BENIGN,77.04
10212,BENIGN,73.04
10213,BENIGN,81.8
10214,BENIGN,70.92
10215,BENIGN,72.79
10216,BENIGN,68.58
10217,BENIGN,72.19
10218,BENIGN,69.36
10219,BENIGN,78.49
10220,BENIGN,80.48
10221,BENIGN,70.73
10222,BENIGN,73.96
10223,BENIGN,75.04
10224,BENIGN,71.25
10225,BENIGN,70.93
10226,BENIGN,69.54
10227,BENIGN,84.5
10228,BENIGN,81.47
10229,BENIGN,69.76
10230,BENIGN,80.25
10231,BENIGN,79.28
10232,BENIGN,72.98
10233,BENIGN,77.72
10234,BENIGN,77.96
10235,BENIGN,70.91
10236,BENIGN,76.27
10237,BENIGN,72.49
10238,BENIGN,70.93
10239,BENIGN,71.67
10240,BENIGN,70.78
10241,BENIGN,69.49
10242,BENIGN,79.2
10243,BENIGN,84.69
10244,BENIGN,67.29
10245,BENIGN,69.51
10246,BENIGN,70.18
10247,BENIGN,69.12
10248,BENIGN,76.82
10249,BENIGN,71.04
10250,BENIGN,71.59
10251,BENIGN,75.62
10252,BENIGN,74.95
10253,BENIGN,68.92
10254,BENIGN,73.59
10255,BENIGN,70.35
10256,BENIGN,67.84
10257,BENIGN,70.63
10258,BENIGN,80.08
10259,BENIGN,74.02
10260,BENIGN,85.07
10261,BENIGN,75.81
10262,BENIGN,72.19
10263,BENIGN,69.21
10264,BENIGN,71.68
10265,BENIGN,69.31
10266,BENIGN,68.92
10267,BENIGN,70.94
10268,BENIGN,78.59
10269,BENIGN,74.02
10270,BENIGN,75.55
10271,BENIGN,68.76
10272,BENIGN,67.06
10273,BENIGN,70.15
10274,BENIGN,72.31
10275,BENIGN,69.3
10276,BENIGN,70.12
10277,BENIGN,70.35
10278,BENIGN,70.96
10279,BENIGN,70.94
10280,BENIGN,62.8
10281,BENIGN,70.37
10282,BENIGN,69.21
10283,BENIGN,69.61
10284,BENIGN,79.09
10285,BENIGN,71.62
10286,BENIGN,73.21
10287,BENIGN,72.54
10288,BENIGN,70.25
10289,BENIGN,73.61
10290,BENIGN,70.95
10291,BENIGN,70.76
10292,BENIGN,70.16
10293,BENIGN,70.13
10294,BENIGN,74.0
10295,BENIGN,69.79
10296,BENIGN,70.31
10297,BENIGN,70.95
10298,BENIGN,69.78
10299,BENIGN,70.27
10300,BENIGN,73.57
10301,BENIGN,69.69
10302,BENIGN,76.64
10303,BENIGN,69.68
10304,BENIGN,70.0
10305,BENIGN,65.22
10306,BENIGN,73.85
10307,BENIGN,70.57
10308,BENIGN,70.99
10309,BENIGN,69.18
10310,BENIGN,69.93
10311,BENIGN,74.59
10312,BENIGN,72.08
10313,BENIGN,68.64
10314,BENIGN,69.44
10315,BENIGN,70.55
10316,BENIGN,71.78
10317,BENIGN,75.03
10318,BENIGN,73.52
10319,BENIGN,75.09
10320,BENIGN,81.05
10321,BENIGN,81.91
10322,BENIGN,73.09
10323,BENIGN,73.76
10324,BENIGN,69.25
10325,BENIGN,72.05
10326,BENIGN,70.47
10327,BENIGN,75.88
10328,BENIGN,91.07
10329,BENIGN,70.43
10330,BENIGN,77.1
10331,BENIGN,69.84
10332,BENIGN,70.26
10333,BENIGN,70.25
10334,BENIGN,71.29
10335,BENIGN,66.13
10336,BENIGN,74.53
10337,BENIGN,69.86
10338,BENIGN,68.83
10339,BENIGN,72.31
10340,BENIGN,69.32
10341,BENIGN,69.99
10342,BENIGN,69.18
10343,BENIGN,71.61
10344,BENIGN,71.87
10345,BENIGN,73.83
10346,BENIGN,73.21
10347,BENIGN,72.28
10348,BENIGN,78.92
10349,BENIGN,69.79
10350,BENIGN,74.79
10351,BENIGN,72.66
10352,BENIGN,69.59
10353,BENIGN,68.3
10354,BENIGN,75.8
10355,BENIGN,70.96
10356,BENIGN,78.08
10357,BENIGN,69.27
10358,BENIGN,73.0
10359,BENIGN,70.8
10360,BENIGN,69.05
10361,BENIGN,69.12
10362,BENIGN,82.75
10363,BENIGN,73.51
10364,BENIGN,69.7
10365,BENIGN,69.23
10366,BENIGN,72.63
10367,BENIGN,68.9
10368,BENIGN,74.36
10369,BENIGN,71.53
10370,BENIGN,67.85
10371,BENIGN,71.28
10372,BENIGN,77.58
10373,BENIGN,72.3
10374,BENIGN,73.95
10375,BENIGN,83.71
10376,BENIGN,73.25
10377,BENIGN,59.66
10378,BENIGN,72.58
10379,BENIGN,68.94
10380,BENIGN,69.71
10381,BENIGN,70.35
10382,BENIGN,75.23
10383,BENIGN,68.32
10384,BENIGN,71.61
10385,BENIGN,70.36
10386,BENIGN,74.07
10387,BENIGN,72.07
10388,BENIGN,72.87
10389,BENIGN,69.78
10390,BENIGN,73.49
10391,BENIGN,67.5
10392,BENIGN,70.05
10393,BENIGN,70.29
10394,BENIGN,67.82
10395,BENIGN,67.6
10396,BENIGN,70.38
10397,BENIGN,72.32
10398,BENIGN,69.66
10399,BENIGN,69.52
10400,BENIGN,69.2
10401,BENIGN,73.33
10402,BENIGN,71.49
10403,BENIGN,71.86
10404,BENIGN,72.11
10405,BENIGN,72.3
10406,BENIGN,69.55
10407,BENIGN,69.49
10408,BENIGN,70.39
10409,BENIGN,68.84
10410,BENIGN,70.97
10411,BENIGN,68.24
10412,BENIGN,71.09
10413,BENIGN,77.99
10414,BENIGN,68.26
10415,BENIGN,70.29
10416,BENIGN,69.87
10417,BENIGN,63.04
10418,BENIGN,68.96
10419,BENIGN,71.6
10420,BENIGN,69.73
10421,BENIGN,69.85
10422,BENIGN,72.64
10423,BENIGN,67.69
10424,BENIGN,72.12
10425,BENIGN,70.26
10426,BENIGN,71.85
10427,BENIGN,69.7
10428,BENIGN,69.55
10429,BENIGN,69.51
10430,BENIGN,79.68
10431,BENIGN,69.79
10432,BENIGN,72.66
10433,BENIGN,70.98
10434,BENIGN,69.67
10435,BENIGN,72.23
10436,BENIGN,72.7
10437,BENIGN,69.15
10438,BENIGN,69.5
10439,BENIGN,70.2
10440,BENIGN,74.88
10441,BENIGN,74.58
10442,BENIGN,73.59
10443,BENIGN,73.76
10444,BENIGN,75.55
10445,BENIGN,69.85
10446,BENIGN,73.5
10447,BENIGN,71.18
10448,BENIGN,69.25
10449,BENIGN,70.02
10450,BENIGN,70.72
10451,BENIGN,68.87
10452,BENIGN,70.4
10453,BENIGN,75.69
10454,BENIGN,68.67
10455,BENIGN,69.15
10456,BENIGN,68.97
10457,BENIGN,71.22
10458,BENIGN,84.11
10459,BENIGN,73.93
10460,BENIGN,78.37
10461,BENIGN,85.07
10462,BENIGN,72.21
10463,BENIGN,71.0
10464,BENIGN,68.2
10465,BENIGN,79.65
10466,BENIGN,71.54
10467,BENIGN,83.88
10468,BENIGN,77.38
10469,BENIGN,77.97
10470,BENIGN,68.19
10471,BENIGN,71.34
10472,BENIGN,73.37
10473,BENIGN,76.01
10474,BENIGN,70.36
10475,BENIGN,72.45
10476,BENIGN,70.3
10477,BENIGN,75.73
10478,BENIGN,71.92
10479,BENIGN,73.52
10480,BENIGN,72.84
10481,BENIGN,74.13
10482,BENIGN,70.96
10483,BENIGN,72.76
10484,BENIGN,80.43
10485,BENIGN,73.85
10486,BENIGN,73.26
10487,BENIGN,68.99
10488,BENIGN,70.62
10489,BENIGN,71.19
10490,BENIGN,71.43
10491,BENIGN,72.01
10492,BENIGN,72.39
10493,BENIGN,71.03
10494,BENIGN,76.54
10495,BENIGN,74.52
10496,BENIGN,81.12
10497,BENIGN,71.61
10498,BENIGN,75.81
10499,BENIGN,70.02
10500,BENIGN,74.57
10501,BENIGN,71.5
10502,BENIGN,80.75
10503,BENIGN,74.78
10504,BENIGN,71.87
10505,BENIGN,68.67
10506,BENIGN,80.6
10507,BENIGN,72.48
10508,BENIGN,63.52
10509,BENIGN,72.69
10510,BENIGN,75.4
10511,BENIGN,74.76
10512,BENIGN,67.56
10513,BENIGN,70.06
10514,BENIGN,74.0
10515,BENIGN,69.42
10516,BENIGN,72.07
10517,BENIGN,71.68
10518,BENIGN,69.04
10519,BENIGN,70.29
10520,BENIGN,71.3
10521,BENIGN,72.0
10522,BENIGN,69.59
10523,BENIGN,73.08
10524,BENIGN,69.04
10525,BENIGN,70.36
10526,BENIGN,70.34
10527,BENIGN,73.03
10528,BENIGN,69.97
10529,BENIGN,71.17
10530,BENIGN,68.86
10531,BENIGN,68.91
10532,BENIGN,69.79
10533,BENIGN,82.68
10534,BENIGN,71.07
10535,BENIGN,71.95
10536,BENIGN,72.5
10537,BENIGN,70.79
10538,BENIGN,72.8
10539,BENIGN,73.22
10540,BENIGN,70.44
10541,BENIGN,70.08
10542,BENIGN,71.89
10543,BENIGN,80.56
10544,BENIGN,81.32
10545,BENIGN,70.72
10546,BENIGN,72.47
10547,BENIGN,68.82
10548,BENIGN,68.2
10549,BENIGN,78.53
10550,BENIGN,68.27
10551,BENIGN,76.2
10552,BENIGN,69.3
10553,BENIGN,71.34
10554,BENIGN,78.97
10555,BENIGN,80.44
10556,BENIGN,72.38
10557,BENIGN,71.45
10558,BENIGN,70.71
10559,BENIGN,76.88
10560,BENIGN,69.87
10561,BENIGN,73.94
10562,BENIGN,72.03
10563,BENIGN,69.88
10564,BENIGN,69.43
10565,BENIGN,68.81
10566,BENIGN,69.36
10567,BENIGN,68.38
10568,BENIGN,71.3
10569,BENIGN,68.74
10570,BENIGN,68.94
10571,BENIGN,69.26
10572,BENIGN,73.75
10573,BENIGN,71.21
10574,BENIGN,69.99
10575,BENIGN,67.72
10576,BENIGN,69.98
10577,BENIGN,70.37
10578,BENIGN,72.57
10579,BENIGN,71.84
10580,BENIGN,71.33
10581,BENIGN,70.47
10582,BENIGN,71.21
10583,BENIGN,73.47
10584,BENIGN,72.27
10585,BENIGN,71.5
10586,BENIGN,76.59
10587,BENIGN,72.0
10588,BENIGN,74.15
10589,BENIGN,70.12
10590,BENIGN,69.95
10591,BENIGN,80.64
10592,BENIGN,82.07
10593,BENIGN,72.39
10594,BENIGN,70.95
10595,BENIGN,75.86
10596,BENIGN,73.05
10597,BENIGN,70.45
10598,BENIGN,71.78
10599,BENIGN,72.23
10600,BENIGN,70.49
10601,BENIGN,79.04
10602,BENIGN,68.94
10603,BENIGN,71.91
10604,BENIGN,72.69
10605,BENIGN,71.32
10606,BENIGN,73.84
10607,BENIGN,70.47
10608,BENIGN,70.81
10609,BENIGN,79.31
10610,BENIGN,71.19
10611,BENIGN,71.47
10612,BENIGN,68.57
10613,BENIGN,74.16
10614,BENIGN,68.87
10615,BENIGN,68.61
10616,BENIGN,75.6
10617,BENIGN,76.52
10618,BENIGN,80.39
10619,BENIGN,72.56
10620,BENIGN,70.46
10621,BENIGN,68.76
10622,BENIGN,84.5
10623,BENIGN,72.07
10624,BENIGN,80.04
10625,BENIGN,69.62
10626,BENIGN,74.17
10627,BENIGN,75.9
10628,BENIGN,68.87
10629,BENIGN,69.63
10630,BENIGN,68.68
10631,BENIGN,76.35
10632,BENIGN,73.33
10633,BENIGN,72.52
10634,BENIGN,72.7
10635,BENIGN,78.3
10636,BENIGN,68.75
10637,BENIGN,69.62
10638,BENIGN,71.86
10639,BENIGN,78.64
10640,BENIGN,78.1
10641,BENIGN,69.28
10642,BENIGN,73.55
10643,BENIGN,72.29
10644,BENIGN,72.99
10645,BENIGN,69.29
10646,BENIGN,69.09
10647,BENIGN,70.98
10648,BENIGN,78.01
10649,BENIGN,72.93
10650,BENIGN,76.68
10651,BENIGN,77.33
10652,BENIGN,77.36
10653,BENIGN,75.46
10654,BENIGN,73.45
10655,BENIGN,75.16
10656,BENIGN,71.58
10657,BENIGN,69.16
10658,BENIGN,68.86
10659,BENIGN,71.21
10660,BENIGN,70.8
10661,BENIGN,70.14
10662,BENIGN,73.03
10663,BENIGN,71.19
10664,BENIGN,69.26
10665,BENIGN,73.16
10666,BENIGN,77.23
10667,BENIGN,70.14
10668,BENIGN,71.22
10669,BENIGN,69.75
10670,BENIGN,69.22
10671,BENIGN,73.09
10672,BENIGN,72.04
10673,BENIGN,73.39
10674,BENIGN,73.27
10675,BENIGN,73.07
10676,BENIGN,73.11
10677,BENIGN,71.01
10678,BENIGN,72.73
10679,BENIGN,76.25
10680,BENIGN,70.1
10681,BENIGN,73.87
10682,BENIGN,71.09
10683,BENIGN,68.79
10684,BENIGN,71.31
10685,BENIGN,66.51
10686,BENIGN,74.44
10687,BENIGN,70.51
10688,BENIGN,71.41
10689,BENIGN,73.66
10690,BENIGN,70.7
10691,BENIGN,76.08
10692,BENIGN,74.37
10693,BENIGN,68.29
10694,BENIGN,69.55
10695,BENIGN,69.39
10696,BENIGN,69.52
10697,BENIGN,76.29
10698,BENIGN,70.14
10699,BENIGN,70.17
10700,BENIGN,69.92
10701,BENIGN,70.6
10702,BENIGN,73.52
10703,BENIGN,69.67
10704,BENIGN,70.41
10705,BENIGN,70.85
10706,BENIGN,72.46
10707,BENIGN,69.12
10708,BENIGN,76.92
10709,BENIGN,75.79
10710,BENIGN,68.03
10711,BENIGN,71.32
10712,BENIGN,70.43
10713,BENIGN,70.08
10714,BENIGN,69.89
10715,BENIGN,75.68
10716,BENIGN,71.24
10717,BENIGN,69.15
10718,BENIGN,73.19
10719,BENIGN,69.45
10720,BENIGN,77.39
10721,BENIGN,70.81
10722,BENIGN,78.28
10723,BENIGN,69.94
10724,BENIGN,69.79
10725,BENIGN,72.13
10726,BENIGN,76.01
10727,BENIGN,80.53
10728,BENIGN,74.03
10729,BENIGN,80.18
10730,BENIGN,72.14
10731,BENIGN,72.04
10732,BENIGN,71.98
10733,BENIGN,80.73
10734,BENIGN,75.14
10735,BENIGN,68.26
10736,BENIGN,71.87
10737,BENIGN,71.18
10738,BENIGN,70.76
10739,BENIGN,70.29
10740,BENIGN,71.23
10741,BENIGN,74.08
10742,BENIGN,74.23
10743,BENIGN,69.34
10744,BENIGN,73.09
10745,BENIGN,69.7
10746,BENIGN,68.12
10747,BENIGN,71.22
10748,BENIGN,68.13
10749,BENIGN,74.53
10750,BENIGN,72.07
10751,BENIGN,66.92
10752,BENIGN,70.16
10753,BENIGN,71.03
10754,BENIGN,70.03
10755,BENIGN,73.85
10756,BENIGN,72.37
10757,BENIGN,71.17
10758,BENIGN,74.02
10759,BENIGN,77.8
10760,BENIGN,73.41
10761,BENIGN,72.5
10762,BENIGN,72.55
10763,BENIGN,72.63
10764,BENIGN,78.62
10765,BENIGN,74.25
10766,BENIGN,69.23
10767,BENIGN,69.27
10768,BENIGN,72.13
10769,BENIGN,72.16
10770,BENIGN,67.17
10771,BENIGN,69.42
10772,BENIGN,70.87
10773,BENIGN,76.58
10774,BENIGN,73.26
10775,BENIGN,70.61
10776,BENIGN,71.98
10777,BENIGN,71.17
10778,BENIGN,74.76
10779,BENIGN,71.88
10780,BENIGN,72.58
10781,BENIGN,71.06
10782,BENIGN,77.51
10783,BENIGN,72.68
10784,BENIGN,69.02
10785,BENIGN,72.76
10786,BENIGN,77.5
10787,BENIGN,70.92
10788,BENIGN,72.06
10789,BENIGN,82.7
10790,BENIGN,71.07
10791,BENIGN,73.31
10792,BENIGN,69.89
10793,BENIGN,76.05
10794,BENIGN,70.81
10795,BENIGN,69.68
10796,BENIGN,69.53
10797,BENIGN,68.43
10798,BENIGN,69.16
10799,BENIGN,65.11
10800,BENIGN,69.84
10801,BENIGN,75.23
10802,BENIGN,73.73
10803,BENIGN,71.07
10804,BENIGN,73.95
10805,BENIGN,68.03
10806,BENIGN,72.59
10807,BENIGN,71.32
10808,BENIGN,72.38
10809,BENIGN,79.76
10810,BENIGN,69.54
10811,BENIGN,70.17
10812,BENIGN,70.06
10813,BENIGN,71.16
10814,BENIGN,70.59
10815,BENIGN,72.64
10816,BENIGN,70.39
10817,BENIGN,68.36
10818,BENIGN,71.28
10819,BENIGN,69.45
10820,BENIGN,70.0
10821,BENIGN,69.81
10822,BENIGN,74.54
10823,BENIGN,80.39
10824,BENIGN,68.62
10825,BENIGN,69.75
10826,BENIGN,69.51
10827,BENIGN,76.98
10828,BENIGN,75.19
10829,BENIGN,70.45
10830,BENIGN,75.51
10831,BENIGN,68.43
10832,BENIGN,70.82
10833,BENIGN,70.18
10834,BENIGN,69.26
10835,BENIGN,78.25
10836,BENIGN,71.98
10837,BENIGN,69.28
10838,BENIGN,69.48
10839,BENIGN,69.93
10840,BENIGN,74.65
10841,BENIGN,71.42
10842,BENIGN,76.67
10843,BENIGN,82.58
10844,BENIGN,72.12
10845,BENIGN,72.02
10846,BENIGN,70.94
10847,BENIGN,69.39
10848,BENIGN,69.12
10849,BENIGN,70.85
10850,BENIGN,79.29
10851,BENIGN,71.02
10852,BENIGN,69.78
10853,BENIGN,71.98
10854,BENIGN,75.98
10855,BENIGN,69.15
10856,BENIGN,80.83
10857,BENIGN,81.23
10858,BENIGN,79.41
10859,BENIGN,66.77
10860,BENIGN,75.07
10861,BENIGN,79.41
10862,BENIGN,69.14
10863,BENIGN,69.4
10864,BENIGN,71.75
10865,BENIGN,78.24
10866,BENIGN,77.22
10867,BENIGN,69.48
10868,BENIGN,69.84
10869,BENIGN,68.97
10870,BENIGN,73.55
10871,BENIGN,68.13
10872,BENIGN,80.42
10873,BENIGN,70.76
10874,BENIGN,69.57
10875,BENIGN,70.99
10876,BENIGN,71.91
10877,BENIGN,71.04
10878,BENIGN,70.75
10879,BENIGN,72.3
10880,BENIGN,73.71
10881,BENIGN,71.25
10882,BENIGN,69.48
10883,BENIGN,70.37
10884,BENIGN,70.92
10885,BENIGN,69.17
10886,BENIGN,69.95
10887,BENIGN,70.15
10888,BENIGN,73.7
10889,BENIGN,71.25
10890,BENIGN,69.48
10891,BENIGN,65.51
10892,BENIGN,65.54
10893,BENIGN,75.34
10894,BENIGN,70.24
10895,BENIGN,70.13
10896,BENIGN,71.39
10897,BENIGN,69.85
10898,BENIGN,70.91
10899,BENIGN,71.52
10900,BENIGN,71.64
10901,BENIGN,71.06
10902,BENIGN,73.49
10903,BENIGN,70.54
10904,BENIGN,75.6
10905,BENIGN,71.58
10906,BENIGN,73.64
10907,BENIGN,78.57
10908,BENIGN,69.7
10909,BENIGN,72.28
10910,BENIGN,71.11
10911,BENIGN,76.65
10912,BENIGN,72.2
10913,BENIGN,74.28
10914,BENIGN,68.86
10915,BENIGN,69.76
10916,BENIGN,63.01
10917,BENIGN,72.14
10918,BENIGN,69.97
10919,BENIGN,69.43
10920,BENIGN,69.22
10921,BENIGN,70.11
10922,BENIGN,69.53
10923,BENIGN,70.11
10924,BENIGN,77.5
10925,BENIGN,75.54
10926,BENIGN,69.6
10927,BENIGN,82.53
10928,BENIGN,71.07
10929,BENIGN,73.79
10930,BENIGN,69.49
10931,BENIGN,88.02
10932,BENIGN,68.32
10933,BENIGN,73.3
10934,BENIGN,71.99
10935,BENIGN,68.22
10936,BENIGN,69.38
10937,BENIGN,70.82
10938,BENIGN,70.75
10939,BENIGN,72.71
10940,BENIGN,72.55
10941,BENIGN,72.51
10942,BENIGN,71.79
10943,BENIGN,69.65
10944,BENIGN,73.72
10945,BENIGN,75.52
10946,BENIGN,72.06
10947,BENIGN,82.07
10948,BENIGN,71.83
10949,BENIGN,70.18
10950,BENIGN,80.86
10951,BENIGN,70.22
10952,BENIGN,71.12
10953,BENIGN,69.66
10954,BENIGN,69.66
10955,BENIGN,73.49
10956,BENIGN,69.83
10957,BENIGN,69.85
10958,BENIGN,69.46
10959,BENIGN,70.76
10960,BENIGN,72.73
10961,BENIGN,69.42
10962,BENIGN,69.55
10963,BENIGN,72.37
10964,BENIGN,71.17
10965,BENIGN,73.9
10966,BENIGN,71.48
10967,BENIGN,70.41
10968,BENIGN,70.02
10969,BENIGN,70.42
10970,BENIGN,80.68
10971,BENIGN,70.53
10972,BENIGN,80.68
10973,BENIGN,71.76
10974,BENIGN,71.04
10975,BENIGN,69.67
10976,BENIGN,71.1
10977,BENIGN,69.63
10978,BENIGN,72.24
10979,BENIGN,70.3
10980,BENIGN,73.7
10981,BENIGN,70.42
10982,BENIGN,67.16
10983,BENIGN,70.25
10984,BENIGN,69.79
10985,BENIGN,78.71
10986,BENIGN,70.6
10987,BENIGN,77.43
10988,BENIGN,70.41
10989,BENIGN,68.53
10990,BENIGN,69.34
10991,BENIGN,68.38
10992,BENIGN,68.6
10993,BENIGN,69.07
10994,BENIGN,71.71
10995,BENIGN,69.96
10996,BENIGN,69.73
10997,BENIGN,74.07
10998,BENIGN,73.34
10999,BENIGN,73.37
11000,BENIGN,64.74
11001,BENIGN,69.43
11002,BENIGN,68.95
11003,BENIGN,67.53
11004,BENIGN,68.83
11005,BENIGN,70.35
11006,BENIGN,70.88
11007,BENIGN,70.29
11008,BENIGN,68.86
11009,BENIGN,74.3
11010,BENIGN,69.85
11011,BENIGN,73.55
11012,BENIGN,68.82
11013,BENIGN,68.25
11014,BENIGN,69.8
11015,BENIGN,70.47
11016,BENIGN,72.11
11017,BENIGN,70.36
11018,BENIGN,79.08
11019,BENIGN,69.79
11020,BENIGN,70.26
11021,BENIGN,70.1
11022,BENIGN,78.07
11023,BENIGN,72.19
11024,BENIGN,70.97
11025,BENIGN,69.2
11026,BENIGN,69.21
11027,BENIGN,71.47
11028,BENIGN,70.72
11029,BENIGN,70.19
11030,BENIGN,68.44
11031,BENIGN,73.11
11032,BENIGN,70.45
11033,BENIGN,69.97
11034,BENIGN,70.12
11035,BENIGN,71.44
11036,BENIGN,72.74
11037,BENIGN,70.43
11038,BENIGN,69.07
11039,BENIGN,69.41
11040,BENIGN,69.1
11041,BENIGN,72.41
11042,BENIGN,83.35
11043,BENIGN,75.73
11044,BENIGN,72.45
11045,BENIGN,69.58
11046,BENIGN,69.69
11047,BENIGN,69.75
11048,BENIGN,69.62
11049,BENIGN,67.96
11050,BENIGN,69.16
11051,BENIGN,70.2
11052,BENIGN,78.11
11053,BENIGN,76.65
11054,BENIGN,79.62
11055,BENIGN,70.58
11056,BENIGN,69.89
11057,BENIGN,73.42
11058,BENIGN,70.36
11059,BENIGN,70.43
11060,BENIGN,73.53
11061,BENIGN,70.49
11062,BENIGN,69.5
11063,BENIGN,69.4
11064,BENIGN,72.38
11065,BENIGN,75.03
11066,BENIGN,72.93
11067,BENIGN,71.61
11068,BENIGN,73.08
11069,BENIGN,70.13
11070,BENIGN,72.77
11071,BENIGN,83.21
11072,BENIGN,70.64
11073,BENIGN,70.8
11074,BENIGN,72.63
11075,BENIGN,72.04
11076,BENIGN,72.39
11077,BENIGN,69.03
11078,BENIGN,84.28
11079,BENIGN,68.66
11080,BENIGN,69.82
11081,BENIGN,69.73
11082,BENIGN,68.94
11083,BENIGN,71.96
11084,BENIGN,73.78
11085,BENIGN,69.24
11086,BENIGN,68.47
11087,BENIGN,68.5
11088,BENIGN,68.23
11089,BENIGN,72.76
11090,BENIGN,68.26
11091,BENIGN,67.88
11092,BENIGN,73.37
11093,BENIGN,74.74
11094,BENIGN,70.7
11095,BENIGN,71.1
11096,BENIGN,69.25
11097,BENIGN,70.11
11098,BENIGN,70.09
11099,BENIGN,81.14
11100,BENIGN,72.76
11101,BENIGN,69.29
11102,BENIGN,72.42
11103,BENIGN,68.85
11104,BENIGN,69.04
11105,BENIGN,70.18
11106,BENIGN,74.76
11107,BENIGN,76.14
11108,BENIGN,68.62
11109,BENIGN,74.99
11110,BENIGN,70.26
11111,BENIGN,76.74
11112,BENIGN,70.31
11113,BENIGN,69.51
11114,BENIGN,72.87
11115,BENIGN,70.18
11116,BENIGN,68.34
11117,BENIGN,70.78
11118,BENIGN,81.82
11119,BENIGN,69.92
11120,BENIGN,69.52
11121,BENIGN,69.33
11122,BENIGN,77.42
11123,BENIGN,75.03
11124,BENIGN,75.92
11125,BENIGN,69.43
11126,BENIGN,72.76
11127,BENIGN,75.89
11128,BENIGN,73.64
11129,BENIGN,73.75
11130,BENIGN,75.46
11131,BENIGN,80.08
11132,BENIGN,71.8
11133,BENIGN,69.23
11134,BENIGN,73.19
11135,BENIGN,69.66
11136,BENIGN,69.39
11137,BENIGN,75.68
11138,BENIGN,71.95
11139,BENIGN,83.83
11140,BENIGN,79.15
11141,BENIGN,72.92
11142,BENIGN,69.73
11143,BENIGN,73.28
11144,BENIGN,80.7
11145,BENIGN,69.94
11146,BENIGN,68.92
11147,BENIGN,72.85
11148,BENIGN,68.79
11149,BENIGN,70.55
11150,BENIGN,69.97
11151,BENIGN,70.39
11152,BENIGN,75.15
11153,BENIGN,76.99
11154,BENIGN,71.44
11155,BENIGN,70.81
11156,BENIGN,68.3
11157,BENIGN,73.38
11158,BENIGN,73.59
11159,BENIGN,69.04
11160,BENIGN,81.55
11161,BENIGN,69.23
11162,BENIGN,69.95
11163,BENIGN,69.3
11164,BENIGN,68.53
11165,BENIGN,68.32
11166,BENIGN,67.64
11167,BENIGN,70.37
11168,BENIGN,71.95
11169,BENIGN,69.8
11170,BENIGN,69.39
11171,BENIGN,72.22
11172,BENIGN,71.01
11173,BENIGN,72.7
11174,BENIGN,71.12
11175,BENIGN,69.05
11176,BENIGN,68.4
11177,BENIGN,68.43
11178,BENIGN,76.41
11179,BENIGN,71.25
11180,BENIGN,71.02
11181,BENIGN,68.56
11182,BENIGN,71.43
11183,BENIGN,71.29
11184,BENIGN,73.28
11185,BENIGN,71.67
11186,BENIGN,69.01
11187,BENIGN,67.6
11188,BENIGN,70.24
11189,BENIGN,69.27
11190,BENIGN,72.16
11191,BENIGN,71.99
11192,BENIGN,70.12
11193,BENIGN,69.19
11194,BENIGN,69.15
11195,BENIGN,70.1
11196,BENIGN,72.95
11197,BENIGN,69.84
11198,BENIGN,77.1
11199,BENIGN,71.4
11200,BENIGN,70.77
11201,BENIGN,70.33
11202,BENIGN,79.35
11203,BENIGN,71.0
11204,BENIGN,69.36
11205,BENIGN,69.55
11206,BENIGN,70.52
11207,BENIGN,69.61
11208,BENIGN,77.43
11209,BENIGN,71.43
11210,BENIGN,70.95
11211,BENIGN,73.57
11212,BENIGN,68.91
11213,BENIGN,72.83
11214,BENIGN,68.75
11215,BENIGN,79.06
11216,BENIGN,68.78
11217,BENIGN,67.33
11218,BENIGN,70.2
11219,BENIGN,70.61
11220,BENIGN,71.97
11221,BENIGN,75.27
11222,BENIGN,70.2
11223,BENIGN,76.49
11224,BENIGN,71.62
11225,BENIGN,74.71
11226,BENIGN,77.05
11227,BENIGN,71.9
11228,BENIGN,72.96
11229,BENIGN,74.25
11230,BENIGN,71.99
11231,BENIGN,76.25
11232,BENIGN,72.01
11233,BENIGN,67.92
11234,BENIGN,70.54
11235,BENIGN,70.12
11236,BENIGN,84.62
11237,BENIGN,75.26
11238,BENIGN,66.18
11239,BENIGN,74.02
11240,BENIGN,76.29
11241,BENIGN,70.29
11242,BENIGN,71.98
11243,BENIGN,77.17
11244,BENIGN,80.65
11245,BENIGN,68.45
11246,BENIGN,72.96
11247,BENIGN,71.93
11248,BENIGN,70.59
11249,BENIGN,79.96
11250,BENIGN,70.35
11251,BENIGN,72.02
11252,BENIGN,80.12
11253,BENIGN,71.96
11254,BENIGN,75.55
11255,BENIGN,77.28
11256,BENIGN,75.99
11257,BENIGN,69.91
11258,BENIGN,64.5
11259,BENIGN,71.46
11260,BENIGN,74.34
11261,BENIGN,71.2
11262,BENIGN,71.76
11263,BENIGN,70.87
11264,BENIGN,71.09
11265,BENIGN,73.31
11266,BENIGN,69.75
11267,BENIGN,70.62
11268,BENIGN,72.06
11269,BENIGN,69.9
11270,BENIGN,70.85
11271,BENIGN,73.09
11272,BENIGN,75.61
11273,BENIGN,67.65
11274,BENIGN,71.23
11275,BENIGN,68.08
11276,BENIGN,80.78
11277,BENIGN,78.05
11278,BENIGN,74.8
11279,BENIGN,69.24
11280,BENIGN,69.84
11281,BENIGN,70.98
11282,BENIGN,71.83
11283,BENIGN,69.24
11284,BENIGN,73.2
11285,BENIGN,72.35
11286,BENIGN,75.7
11287,BENIGN,74.06
11288,BENIGN,66.26
11289,BENIGN,71.52
11290,BENIGN,65.47
11291,BENIGN,74.78
11292,BENIGN,70.05
11293,BENIGN,70.56
11294,BENIGN,80.59
11295,BENIGN,79.83
11296,BENIGN,73.7
11297,BENIGN,78.63
11298,BENIGN,69.8
11299,BENIGN,70.36
11300,BENIGN,71.06
11301,BENIGN,72.49
11302,BENIGN,73.68
11303,BENIGN,69.34
11304,BENIGN,67.33
11305,BENIGN,70.89
11306,ATTACK,67.16
11307,BENIGN,71.26
11308,BENIGN,70.65
11309,BENIGN,80.28
11310,BENIGN,76.94
11311,BENIGN,83.88
11312,BENIGN,68.18
11313,BENIGN,69.5
11314,BENIGN,71.83
11315,BENIGN,72.5
11316,BENIGN,71.37
11317,BENIGN,80.56
11318,BENIGN,68.67
11319,BENIGN,73.79
11320,BENIGN,71.29
11321,BENIGN,71.19
11322,BENIGN,72.77
11323,BENIGN,68.67
11324,BENIGN,69.69
11325,BENIGN,71.13
11326,BENIGN,68.6
11327,BENIGN,70.73
11328,BENIGN,75.8
11329,BENIGN,70.29
11330,BENIGN,69.61
11331,BENIGN,74.04
11332,BENIGN,69.31
11333,BENIGN,71.4
11334,BENIGN,74.32
11335,BENIGN,84.65
11336,BENIGN,71.43
11337,BENIGN,77.17
11338,BENIGN,69.08
11339,BENIGN,78.25
11340,BENIGN,65.91
11341,BENIGN,71.72
11342,BENIGN,80.96
11343,BENIGN,70.88
11344,BENIGN,72.97
11345,BENIGN,70.03
11346,BENIGN,73.43
11347,BENIGN,69.61
11348,BENIGN,66.82
11349,BENIGN,72.29
11350,BENIGN,72.45
11351,BENIGN,69.86
11352,BENIGN,72.77
11353,BENIGN,70.58
11354,BENIGN,69.44
11355,BENIGN,68.47
11356,BENIGN,79.4
11357,BENIGN,73.66
11358,BENIGN,74.24
11359,BENIGN,70.04
11360,BENIGN,69.53
11361,BENIGN,69.13
11362,BENIGN,70.4
11363,BENIGN,70.53
11364,BENIGN,70.82
11365,BENIGN,69.79
11366,BENIGN,74.92
11367,BENIGN,69.49
11368,BENIGN,68.74
11369,BENIGN,71.87
11370,BENIGN,76.67
11371,BENIGN,72.85
11372,BENIGN,71.83
11373,BENIGN,70.62
11374,BENIGN,68.89
11375,BENIGN,73.88
11376,BENIGN,72.3
11377,BENIGN,72.31
11378,BENIGN,70.09
11379,BENIGN,74.1
11380,BENIGN,72.77
11381,BENIGN,67.47
11382,BENIGN,64.99
11383,BENIGN,69.56
11384,BENIGN,69.55
11385,BENIGN,70.9
11386,BENIGN,69.3
11387,BENIGN,70.04
11388,BENIGN,72.29
11389,BENIGN,74.83
11390,BENIGN,67.17
11391,BENIGN,73.02
11392,BENIGN,70.65
11393,BENIGN,69.13
11394,BENIGN,66.16
11395,BENIGN,68.58
11396,BENIGN,70.81
11397,BENIGN,71.29
11398,BENIGN,68.43
11399,BENIGN,71.46
11400,BENIGN,73.66
11401,BENIGN,73.28
11402,BENIGN,73.44
11403,BENIGN,67.92
11404,BENIGN,70.11
11405,BENIGN,70.29
11406,BENIGN,70.22
11407,BENIGN,71.65
11408,BENIGN,69.96
11409,BENIGN,69.73
11410,BENIGN,69.4
11411,BENIGN,77.01
11412,BENIGN,71.72
11413,BENIGN,69.53
11414,BENIGN,69.32
11415,BENIGN,69.06
11416,BENIGN,72.15
11417,BENIGN,72.13
11418,BENIGN,79.04
11419,BENIGN,72.02
11420,BENIGN,73.11
11421,BENIGN,71.3
11422,BENIGN,83.64
11423,BENIGN,71.3
11424,BENIGN,71.65
11425,BENIGN,73.3
11426,BENIGN,83.64
11427,BENIGN,73.05
11428,BENIGN,73.47
11429,BENIGN,72.98
11430,BENIGN,72.89
11431,BENIGN,52.66
11432,BENIGN,73.04
11433,BENIGN,74.04
11434,BENIGN,69.57
11435,BENIGN,69.37
11436,BENIGN,70.97
11437,BENIGN,71.38
11438,BENIGN,70.33
11439,BENIGN,72.92
11440,BENIGN,76.28
11441,BENIGN,80.07
11442,BENIGN,74.73
11443,BENIGN,69.54
11444,BENIGN,71.04
11445,BENIGN,70.44
11446,BENIGN,69.91
11447,BENIGN,69.52
11448,BENIGN,67.82
11449,BENIGN,69.01
11450,BENIGN,70.3
11451,BENIGN,72.52
11452,BENIGN,72.15
11453,BENIGN,70.38
11454,BENIGN,76.99
11455,BENIGN,73.71
11456,BENIGN,70.06
11457,BENIGN,69.91
11458,BENIGN,70.35
11459,BENIGN,69.58
11460,BENIGN,70.09
11461,BENIGN,72.78
11462,BENIGN,74.42
11463,BENIGN,71.61
11464,BENIGN,69.62
11465,BENIGN,73.1
11466,BENIGN,73.41
11467,BENIGN,71.76
11468,BENIGN,69.79
11469,BENIGN,69.5
11470,BENIGN,68.6
11471,BENIGN,69.16
11472,BENIGN,67.42
11473,BENIGN,83.28
11474,BENIGN,78.79
11475,BENIGN,76.17
11476,BENIGN,71.58
11477,BENIGN,71.39
11478,BENIGN,72.35
11479,BENIGN,70.48
11480,BENIGN,72.25
11481,BENIGN,71.56
11482,BENIGN,80.57
11483,BENIGN,71.93
11484,BENIGN,76.46
11485,BENIGN,69.7
11486,BENIGN,72.17
11487,BENIGN,70.42
11488,BENIGN,80.34
11489,BENIGN,73.04
11490,BENIGN,70.06
11491,BENIGN,69.46
11492,BENIGN,72.22
11493,BENIGN,72.98
11494,BENIGN,70.11
11495,BENIGN,72.7
11496,BENIGN,72.47
11497,BENIGN,73.65
11498,BENIGN,68.66
11499,BENIGN,68.4
11500,BENIGN,71.86
11501,BENIGN,78.3
11502,BENIGN,71.53
11503,BENIGN,74.32
11504,BENIGN,72.56
11505,BENIGN,70.91
11506,BENIGN,70.87
11507,BENIGN,68.75
11508,BENIGN,72.38
11509,BENIGN,69.39
11510,BENIGN,74.32
11511,BENIGN,71.32
11512,BENIGN,76.98
11513,BENIGN,72.23
11514,BENIGN,76.59
11515,BENIGN,75.57
11516,BENIGN,73.3
11517,BENIGN,70.42
11518,BENIGN,71.3
11519,BENIGN,74.0
11520,BENIGN,72.45
11521,BENIGN,75.98
11522,BENIGN,71.81
11523,BENIGN,73.57
11524,BENIGN,76.49
11525,BENIGN,68.97
11526,BENIGN,69.73
11527,BENIGN,75.3
11528,BENIGN,72.33
11529,BENIGN,58.3
11530,BENIGN,72.97
11531,BENIGN,76.45
11532,BENIGN,71.24
11533,BENIGN,74.77
11534,BENIGN,71.79
11535,BENIGN,72.73
11536,BENIGN,80.42
11537,BENIGN,73.13
11538,BENIGN,72.92
11539,BENIGN,71.18
11540,BENIGN,86.52
11541,BENIGN,72.87
11542,BENIGN,64.63
11543,BENIGN,72.36
11544,BENIGN,72.02
11545,BENIGN,73.43
11546,BENIGN,74.26
11547,BENIGN,72.5
11548,BENIGN,74.17
11549,BENIGN,72.44
11550,BENIGN,72.66
11551,BENIGN,72.68
11552,BENIGN,73.98
11553,BENIGN,73.57
11554,BENIGN,70.87
11555,BENIGN,72.15
11556,BENIGN,66.37
11557,BENIGN,69.79
11558,BENIGN,72.9
11559,BENIGN,71.6
11560,BENIGN,70.88
11561,BENIGN,82.66
11562,BENIGN,72.79
11563,BENIGN,80.58
11564,BENIGN,70.24
11565,BENIGN,69.0
11566,BENIGN,69.44
11567,BENIGN,69.05
11568,BENIGN,73.25
11569,BENIGN,89.54
11570,BENIGN,72.43
11571,BENIGN,69.79
11572,BENIGN,72.26
11573,BENIGN,74.25
11574,BENIGN,70.54
11575,BENIGN,71.63
11576,BENIGN,69.81
11577,BENIGN,73.03
11578,BENIGN,71.24
11579,BENIGN,69.8
11580,BENIGN,67.89
11581,BENIGN,71.74
11582,BENIGN,76.21
11583,BENIGN,70.85
11584,BENIGN,72.63
11585,BENIGN,74.89
11586,BENIGN,72.87
11587,BENIGN,71.37
11588,BENIGN,69.93
11589,BENIGN,68.78
11590,BENIGN,78.12
11591,BENIGN,72.05
11592,BENIGN,76.85
11593,BENIGN,66.4
11594,BENIGN,70.04
11595,BENIGN,89.57
11596,BENIGN,71.83
11597,BENIGN,71.37
11598,BENIGN,73.04
11599,BENIGN,70.25
11600,BENIGN,69.06
11601,BENIGN,73.02
11602,BENIGN,68.3
11603,BENIGN,71.83
11604,BENIGN,72.4
11605,BENIGN,79.54
11606,BENIGN,72.63
11607,BENIGN,80.43
11608,BENIGN,72.39
11609,BENIGN,74.98
11610,BENIGN,72.82
11611,BENIGN,70.26
11612,BENIGN,62.6
11613,BENIGN,73.64
11614,BENIGN,70.01
11615,BENIGN,71.33
11616,BENIGN,74.71
11617,BENIGN,72.2
11618,BENIGN,70.18
11619,BENIGN,77.25
11620,BENIGN,68.09
11621,BENIGN,69.6
11622,BENIGN,70.55
11623,BENIGN,68.42
11624,BENIGN,72.7
11625,BENIGN,82.84
11626,BENIGN,70.73
11627,BENIGN,70.11
11628,BENIGN,71.02
11629,BENIGN,69.2
11630,BENIGN,70.14
11631,BENIGN,69.21
11632,BENIGN,71.92
11633,BENIGN,69.94
11634,BENIGN,71.37
11635,BENIGN,61.28
11636,BENIGN,74.74
11637,BENIGN,71.78
11638,BENIGN,68.46
11639,BENIGN,79.14
11640,BENIGN,72.45
11641,BENIGN,69.83
11642,BENIGN,80.93
11643,BENIGN,81.29
11644,BENIGN,76.16
11645,BENIGN,71.77
11646,BENIGN,69.46
11647,BENIGN,70.33
11648,BENIGN,70.43
11649,BENIGN,75.57
11650,BENIGN,73.2
11651,BENIGN,67.37
11652,BENIGN,70.02
11653,BENIGN,70.27
11654,BENIGN,75.64
11655,BENIGN,71.26
11656,BENIGN,68.18
11657,BENIGN,72.43
11658,BENIGN,69.09
11659,BENIGN,73.16
11660,BENIGN,67.39
11661,BENIGN,75.01
11662,BENIGN,70.56
11663,BENIGN,69.71
11664,BENIGN,76.21
11665,BENIGN,74.3
11666,BENIGN,68.75
11667,BENIGN,70.64
11668,BENIGN,68.74
11669,BENIGN,79.2
11670,BENIGN,68.98
11671,BENIGN,71.51
11672,BENIGN,68.87
11673,BENIGN,68.74
11674,BENIGN,72.82
11675,BENIGN,71.52
11676,BENIGN,70.31
11677,BENIGN,72.03
11678,BENIGN,72.18
11679,BENIGN,68.62
11680,BENIGN,72.08
11681,BENIGN,71.12
11682,BENIGN,69.33
11683,BENIGN,75.82
11684,BENIGN,76.6
11685,BENIGN,72.97
11686,BENIGN,79.79
11687,BENIGN,72.9
11688,BENIGN,73.35
11689,BENIGN,71.98
11690,BENIGN,71.53
11691,BENIGN,72.58
11692,BENIGN,77.37
11693,BENIGN,71.49
11694,BENIGN,66.27
11695,BENIGN,71.43
11696,BENIGN,81.6
11697,BENIGN,70.59
11698,BENIGN,68.99
11699,BENIGN,73.02
11700,BENIGN,74.76
11701,BENIGN,76.24
11702,BENIGN,72.56
11703,BENIGN,80.54
11704,BENIGN,68.7
11705,BENIGN,73.25
11706,BENIGN,71.77
11707,BENIGN,70.0
11708,BENIGN,72.17
11709,BENIGN,77.15
11710,BENIGN,72.6
11711,BENIGN,69.5
11712,BENIGN,70.69
11713,BENIGN,70.63
11714,BENIGN,70.67
11715,BENIGN,72.73
11716,BENIGN,74.44
11717,BENIGN,69.54
11718,BENIGN,71.34
11719,BENIGN,71.25
11720,BENIGN,71.58
11721,BENIGN,68.8
11722,BENIGN,68.26
11723,BENIGN,68.2
11724,BENIGN,69.96
11725,BENIGN,71.81
11726,BENIGN,70.01
11727,BENIGN,69.6
11728,BENIGN,70.42
11729,BENIGN,76.89
11730,BENIGN,70.77
11731,BENIGN,71.02
11732,BENIGN,73.75
11733,BENIGN,72.14
11734,BENIGN,69.92
11735,BENIGN,70.43
11736,BENIGN,70.04
11737,BENIGN,68.1
11738,BENIGN,71.09
11739,BENIGN,67.92
11740,BENIGN,74.91
11741,BENIGN,69.42
11742,BENIGN,70.91
11743,BENIGN,74.11
11744,BENIGN,70.01
11745,BENIGN,70.66
11746,BENIGN,69.63
11747,BENIGN,73.46
11748,BENIGN,67.92
11749,BENIGN,70.33
11750,BENIGN,82.67
11751,BENIGN,70.3
11752,BENIGN,77.04
11753,BENIGN,74.81
11754,BENIGN,68.56
11755,BENIGN,67.48
11756,BENIGN,73.18
11757,BENIGN,72.48
11758,BENIGN,70.17
11759,BENIGN,73.77
11760,BENIGN,74.68
11761,BENIGN,71.77
11762,BENIGN,73.74
11763,BENIGN,74.2
11764,BENIGN,70.38
11765,BENIGN,68.92
11766,BENIGN,81.87
11767,BENIGN,70.53
11768,BENIGN,69.59
11769,BENIGN,69.31
11770,BENIGN,77.09
11771,BENIGN,71.41
11772,BENIGN,71.42
11773,BENIGN,73.63
11774,BENIGN,72.63
11775,BENIGN,68.32
11776,BENIGN,69.75
11777,BENIGN,69.11
11778,BENIGN,69.59
11779,BENIGN,69.74
11780,BENIGN,76.32
11781,BENIGN,70.21
11782,BENIGN,70.22
11783,BENIGN,68.91
11784,BENIGN,71.16
11785,BENIGN,69.24
11786,BENIGN,70.27
11787,BENIGN,69.75
11788,BENIGN,71.05
11789,BENIGN,74.04
11790,BENIGN,70.92
11791,BENIGN,70.39
11792,BENIGN,70.25
11793,BENIGN,73.59
11794,BENIGN,71.46
11795,BENIGN,69.6
11796,BENIGN,69.28
11797,BENIGN,69.53
11798,BENIGN,67.9
11799,BENIGN,70.56
11800,BENIGN,71.79
11801,BENIGN,71.65
11802,BENIGN,79.95
11803,BENIGN,70.82
11804,BENIGN,70.46
11805,BENIGN,68.66
11806,BENIGN,76.45
11807,BENIGN,70.79
11808,BENIGN,70.54
11809,BENIGN,70.8
11810,BENIGN,78.15
11811,BENIGN,70.4
11812,BENIGN,73.63
11813,BENIGN,70.94
11814,BENIGN,70.21
11815,BENIGN,70.57
11816,BENIGN,67.56
11817,BENIGN,68.56
11818,BENIGN,69.37
11819,BENIGN,69.67
11820,BENIGN,72.84
11821,BENIGN,71.17
11822,BENIGN,68.93
11823,BENIGN,70.8
11824,BENIGN,75.44
11825,BENIGN,69.36
11826,BENIGN,77.27
11827,BENIGN,70.86
11828,BENIGN,71.8
11829,BENIGN,72.56
11830,BENIGN,76.17
11831,BENIGN,70.79
11832,BENIGN,70.76
11833,BENIGN,73.65
11834,BENIGN,69.33
11835,BENIGN,70.82
11836,BENIGN,68.99
11837,BENIGN,68.42
11838,BENIGN,71.52
11839,BENIGN,72.84
11840,BENIGN,70.61
11841,BENIGN,70.51
11842,BENIGN,71.41
11843,BENIGN,72.27
11844,BENIGN,72.51
11845,BENIGN,70.82
11846,BENIGN,72.33
11847,BENIGN,72.27
11848,BENIGN,70.19
11849,BENIGN,68.67
11850,BENIGN,70.6
11851,BENIGN,70.19
11852,BENIGN,70.86
11853,BENIGN,70.05
11854,BENIGN,69.43
11855,BENIGN,78.33
11856,BENIGN,74.92
11857,BENIGN,74.02
11858,BENIGN,77.54
11859,BENIGN,72.41
11860,BENIGN,70.18
11861,ATTACK,85.5
11862,BENIGN,73.87
11863,BENIGN,71.42
11864,BENIGN,71.38
11865,BENIGN,72.59
11866,BENIGN,68.92
11867,BENIGN,69.21
11868,BENIGN,73.6
11869,BENIGN,69.64
11870,BENIGN,71.32
11871,BENIGN,69.28
11872,BENIGN,71.45
11873,BENIGN,77.99
11874,BENIGN,70.87
11875,BENIGN,74.44
11876,BENIGN,71.08
11877,BENIGN,72.02
11878,BENIGN,72.38
11879,BENIGN,71.16
11880,BENIGN,69.17
11881,BENIGN,72.67
11882,BENIGN,71.1
11883,BENIGN,70.02
11884,BENIGN,69.91
11885,BENIGN,70.78
11886,BENIGN,68.93
11887,BENIGN,70.83
11888,BENIGN,71.62
11889,BENIGN,69.53
11890,BENIGN,72.15
11891,BENIGN,68.76
11892,BENIGN,70.52
11893,BENIGN,68.1
11894,BENIGN,75.53
11895,BENIGN,68.64
11896,BENIGN,76.33
11897,BENIGN,71.26
11898,BENIGN,70.81
11899,BENIGN,71.01
11900,BENIGN,71.74
11901,BENIGN,69.95
11902,BENIGN,70.94
11903,BENIGN,68.77
11904,BENIGN,71.96
11905,BENIGN,69.98
11906,BENIGN,68.85
11907,BENIGN,70.3
11908,BENIGN,71.82
11909,BENIGN,72.15
11910,BENIGN,70.74
11911,BENIGN,55.77
11912,BENIGN,71.18
11913,BENIGN,69.2
11914,BENIGN,71.83
11915,BENIGN,74.45
11916,BENIGN,71.72
11917,BENIGN,73.84
11918,BENIGN,69.67
11919,BENIGN,75.01
11920,BENIGN,72.85
11921,BENIGN,82.51
11922,BENIGN,69.93
11923,BENIGN,68.85
11924,BENIGN,74.0
11925,BENIGN,71.31
11926,BENIGN,71.35
11927,BENIGN,70.14
11928,BENIGN,68.9
11929,BENIGN,71.6
11930,BENIGN,69.52
11931,BENIGN,74.61
11932,BENIGN,69.29
11933,BENIGN,68.4
11934,BENIGN,69.48
11935,BENIGN,73.46
11936,BENIGN,71.05
11937,BENIGN,73.52
11938,BENIGN,74.99
11939,BENIGN,73.79
11940,BENIGN,70.07
11941,BENIGN,69.85
11942,BENIGN,69.73
11943,BENIGN,70.3
11944,BENIGN,69.76
11945,BENIGN,71.63
11946,BENIGN,72.86
11947,BENIGN,67.56
11948,BENIGN,73.15
11949,BENIGN,73.58
11950,BENIGN,70.64
11951,BENIGN,70.44
11952,BENIGN,69.91
11953,BENIGN,69.52
11954,BENIGN,71.17
11955,BENIGN,69.22
11956,BENIGN,69.73
11957,BENIGN,69.95
11958,BENIGN,69.51
11959,BENIGN,67.87
11960,BENIGN,70.69
11961,BENIGN,71.75
11962,BENIGN,74.04
11963,BENIGN,71.42
11964,BENIGN,73.67
11965,BENIGN,74.44
11966,BENIGN,71.4
11967,BENIGN,75.49
11968,BENIGN,69.48
11969,BENIGN,73.83
11970,BENIGN,77.48
11971,BENIGN,72.27
11972,BENIGN,70.37
11973,BENIGN,76.17
11974,BENIGN,70.82
11975,BENIGN,70.04
11976,BENIGN,71.24
11977,BENIGN,70.11
11978,BENIGN,73.05
11979,BENIGN,70.87
11980,BENIGN,70.18
11981,BENIGN,69.62
11982,BENIGN,73.3
11983,BENIGN,68.51
11984,BENIGN,70.81
11985,BENIGN,73.25
11986,BENIGN,68.64
11987,BENIGN,76.62
11988,BENIGN,69.83
11989,BENIGN,70.5
11990,BENIGN,70.93
11991,BENIGN,71.36
11992,BENIGN,82.59
11993,BENIGN,69.0
11994,BENIGN,69.73
11995,BENIGN,69.26
11996,BENIGN,75.79
11997,BENIGN,70.03
11998,BENIGN,69.87
11999,BENIGN,70.33
12000,BENIGN,69.89
12001,BENIGN,71.4
12002,BENIGN,67.03
12003,BENIGN,85.43
12004,BENIGN,69.69
12005,BENIGN,68.28
12006,BENIGN,72.93
12007,BENIGN,68.04
12008,BENIGN,72.5
12009,BENIGN,68.86
12010,BENIGN,77.83
12011,BENIGN,72.33
12012,BENIGN,67.39
12013,BENIGN,81.33
12014,BENIGN,71.0
12015,BENIGN,70.1
12016,BENIGN,70.5
12017,BENIGN,67.49
12018,BENIGN,68.37
12019,BENIGN,70.47
12020,BENIGN,69.89
12021,BENIGN,68.7
12022,BENIGN,69.97
12023,BENIGN,69.68
12024,BENIGN,70.62
12025,BENIGN,68.84
12026,BENIGN,70.04
12027,BENIGN,69.64
12028,BENIGN,70.25
12029,BENIGN,70.17
12030,BENIGN,70.09
12031,BENIGN,69.52
12032,BENIGN,69.89
12033,BENIGN,70.65
12034,BENIGN,71.24
12035,BENIGN,69.16
12036,BENIGN,70.11
12037,BENIGN,70.8
12038,BENIGN,71.59
12039,BENIGN,69.62
12040,BENIGN,72.51
12041,BENIGN,70.29
12042,BENIGN,71.27
12043,BENIGN,69.38
12044,BENIGN,70.53
12045,BENIGN,71.57
12046,BENIGN,69.54
12047,BENIGN,69.58
12048,BENIGN,71.73
12049,BENIGN,68.1
12050,BENIGN,69.41
12051,BENIGN,68.48
12052,BENIGN,81.28
12053,BENIGN,69.23
12054,BENIGN,70.37
12055,BENIGN,68.85
12056,BENIGN,70.63
12057,BENIGN,64.26
12058,BENIGN,75.11
12059,BENIGN,72.36
12060,BENIGN,56.69
12061,BENIGN,81.35
12062,BENIGN,69.2
12063,BENIGN,69.18
12064,BENIGN,75.06
12065,BENIGN,71.16
12066,BENIGN,73.16
12067,BENIGN,73.77
12068,BENIGN,72.72
12069,BENIGN,68.33
12070,BENIGN,70.37
12071,BENIGN,75.52
12072,BENIGN,70.36
12073,BENIGN,70.92
12074,BENIGN,73.2
12075,BENIGN,68.84
12076,BENIGN,69.64
12077,BENIGN,69.61
12078,BENIGN,73.79
12079,BENIGN,70.36
12080,BENIGN,69.93
12081,BENIGN,68.9
12082,BENIGN,70.04
12083,BENIGN,68.58
12084,BENIGN,72.99
12085,BENIGN,70.02
12086,BENIGN,72.55
12087,BENIGN,72.17
12088,BENIGN,70.46
12089,BENIGN,70.07
12090,BENIGN,70.72
12091,BENIGN,81.26
12092,BENIGN,69.84
12093,BENIGN,69.82
12094,BENIGN,72.23
12095,BENIGN,69.06
12096,BENIGN,80.51
12097,BENIGN,72.51
12098,BENIGN,69.31
12099,BENIGN,72.28
12100,BENIGN,73.28
12101,BENIGN,70.11
12102,BENIGN,71.76
12103,BENIGN,70.48
12104,BENIGN,69.45
12105,BENIGN,71.73
12106,BENIGN,71.65
12107,BENIGN,70.38
12108,BENIGN,77.5
12109,BENIGN,69.44
12110,BENIGN,68.16
12111,BENIGN,69.4
12112,BENIGN,67.91
12113,BENIGN,70.23
12114,BENIGN,68.88
12115,BENIGN,69.25
12116,BENIGN,73.53
12117,BENIGN,72.68
12118,BENIGN,68.71
12119,BENIGN,70.51
12120,BENIGN,69.99
12121,BENIGN,69.11
12122,BENIGN,73.43
12123,BENIGN,62.95
12124,BENIGN,61.78
12125,BENIGN,70.91
12126,BENIGN,76.21
12127,BENIGN,67.53
12128,BENIGN,70.07
12129,BENIGN,72.57
12130,BENIGN,72.38
12131,BENIGN,71.53
12132,BENIGN,72.96
12133,BENIGN,72.06
12134,BENIGN,76.8
12135,BENIGN,74.18
12136,BENIGN,74.15
12137,BENIGN,69.97
12138,BENIGN,69.86
12139,BENIGN,69.17
12140,BENIGN,68.13
12141,BENIGN,71.51
12142,BENIGN,70.39
12143,BENIGN,69.34
12144,BENIGN,69.24
12145,BENIGN,70.42
12146,BENIGN,76.32
12147,BENIGN,71.83
12148,BENIGN,70.22
12149,BENIGN,76.74
12150,BENIGN,70.03
12151,BENIGN,68.55
12152,BENIGN,67.25
12153,BENIGN,70.39
12154,BENIGN,69.26
12155,BENIGN,71.87
12156,BENIGN,69.08
12157,BENIGN,75.4
12158,BENIGN,69.94
12159,BENIGN,72.34
12160,BENIGN,67.82
12161,BENIGN,71.38
12162,BENIGN,74.43
12163,BENIGN,67.7
12164,BENIGN,67.69
12165,BENIGN,69.53
12166,BENIGN,69.32
12167,BENIGN,71.02
12168,BENIGN,74.29
12169,BENIGN,66.15
12170,BENIGN,74.18
12171,BENIGN,70.11
12172,BENIGN,75.3
12173,BENIGN,71.2
12174,BENIGN,71.17
12175,BENIGN,69.67
12176,BENIGN,71.14
12177,BENIGN,69.63
12178,BENIGN,70.96
12179,BENIGN,70.98
12180,BENIGN,73.12
12181,BENIGN,72.5
12182,BENIGN,69.73
12183,BENIGN,73.0
12184,BENIGN,71.24
12185,BENIGN,72.82
12186,BENIGN,72.85
12187,BENIGN,68.96
12188,BENIGN,70.61
12189,BENIGN,70.07
12190,BENIGN,73.26
12191,BENIGN,70.77
12192,BENIGN,73.87
12193,BENIGN,68.69
12194,BENIGN,72.58
12195,BENIGN,70.06
12196,BENIGN,69.8
12197,BENIGN,72.91
12198,BENIGN,71.23
12199,BENIGN,73.48
12200,BENIGN,70.26
12201,BENIGN,69.17
12202,BENIGN,69.16
12203,BENIGN,74.64
12204,BENIGN,70.36
12205,BENIGN,76.16
12206,BENIGN,69.43
12207,BENIGN,69.7
12208,BENIGN,74.03
12209,BENIGN,68.34
12210,BENIGN,74.02
12211,BENIGN,69.92
12212,BENIGN,83.05
12213,BENIGN,70.92
12214,BENIGN,70.94
12215,BENIGN,70.51
12216,BENIGN,71.44
12217,BENIGN,70.86
12218,BENIGN,71.35
12219,BENIGN,69.57
12220,BENIGN,77.69
12221,BENIGN,70.32
12222,BENIGN,72.91
12223,BENIGN,70.79
12224,BENIGN,69.4
12225,BENIGN,69.98
12226,BENIGN,68.81
12227,BENIGN,68.97
12228,BENIGN,68.31
12229,BENIGN,71.51
12230,BENIGN,75.44
12231,BENIGN,68.83
12232,BENIGN,69.43
12233,BENIGN,72.26
12234,BENIGN,68.82
12235,BENIGN,70.88
12236,BENIGN,70.21
12237,BENIGN,68.03
12238,BENIGN,78.11
12239,BENIGN,69.68
12240,BENIGN,70.33
12241,BENIGN,69.99
12242,BENIGN,69.29
12243,BENIGN,77.52
12244,BENIGN,70.01
12245,BENIGN,71.15
12246,BENIGN,73.27
12247,BENIGN,70.06
12248,BENIGN,69.36
12249,BENIGN,69.15
12250,BENIGN,72.71
12251,BENIGN,77.99
12252,BENIGN,67.24
12253,BENIGN,68.39
12254,BENIGN,83.75
12255,BENIGN,70.48
12256,BENIGN,68.43
12257,BENIGN,72.09
12258,BENIGN,69.14
12259,BENIGN,69.72
12260,BENIGN,70.89
12261,BENIGN,70.38
12262,BENIGN,70.31
12263,BENIGN,80.71
12264,BENIGN,69.66
12265,BENIGN,70.52
12266,BENIGN,77.88
12267,BENIGN,69.96
12268,BENIGN,70.22
12269,BENIGN,69.88
12270,BENIGN,68.8
12271,BENIGN,69.45
12272,BENIGN,77.06
12273,BENIGN,66.81
12274,BENIGN,70.2
12275,BENIGN,70.17
12276,BENIGN,69.74
12277,BENIGN,69.93
12278,BENIGN,75.44
12279,BENIGN,72.54
12280,BENIGN,68.25
12281,BENIGN,75.82
12282,BENIGN,68.19
12283,BENIGN,67.22
12284,BENIGN,69.75
12285,BENIGN,72.79
12286,BENIGN,77.4
12287,BENIGN,74.14
12288,BENIGN,70.52
12289,BENIGN,70.98
12290,BENIGN,70.41
12291,BENIGN,67.7
12292,BENIGN,68.86
12293,BENIGN,69.79
12294,BENIGN,70.23
12295,BENIGN,69.62
12296,BENIGN,72.03
12297,BENIGN,69.3
12298,BENIGN,69.5
12299,BENIGN,68.57
12300,BENIGN,68.86
12301,BENIGN,69.4
12302,BENIGN,68.71
12303,BENIGN,69.52
12304,BENIGN,68.36
12305,BENIGN,71.15
12306,BENIGN,72.13
12307,BENIGN,82.31
12308,BENIGN,68.72
12309,BENIGN,72.44
12310,BENIGN,71.72
12311,BENIGN,73.34
12312,BENIGN,67.65
12313,BENIGN,74.98
12314,BENIGN,67.3
12315,BENIGN,68.72
12316,BENIGN,73.89
12317,BENIGN,72.49
12318,BENIGN,70.77
12319,BENIGN,61.73
12320,BENIGN,71.65
12321,BENIGN,69.9
12322,BENIGN,69.17
12323,BENIGN,75.74
12324,BENIGN,70.18
12325,BENIGN,70.46
12326,BENIGN,71.45
12327,BENIGN,70.7
12328,BENIGN,69.22
12329,BENIGN,70.0
12330,BENIGN,79.41
12331,BENIGN,68.88
12332,BENIGN,73.52
12333,BENIGN,72.16
12334,BENIGN,70.6
12335,BENIGN,69.83
12336,BENIGN,71.9
12337,BENIGN,68.72
12338,BENIGN,74.52
12339,BENIGN,67.33
12340,BENIGN,73.53
12341,BENIGN,79.1
12342,BENIGN,69.53
12343,BENIGN,68.52
12344,BENIGN,78.25
12345,BENIGN,77.21
12346,BENIGN,70.29
12347,BENIGN,75.71
12348,BENIGN,68.99
12349,BENIGN,73.36
12350,BENIGN,71.01
12351,BENIGN,69.4
12352,BENIGN,72.49
12353,BENIGN,72.8
12354,BENIGN,69.63
12355,BENIGN,66.14
12356,BENIGN,70.21
12357,BENIGN,70.36
12358,BENIGN,69.51
12359,BENIGN,70.84
12360,BENIGN,69.68
12361,BENIGN,69.12
12362,BENIGN,69.07
12363,BENIGN,72.66
12364,BENIGN,69.73
12365,BENIGN,69.53
12366,BENIGN,69.12
12367,BENIGN,68.23
12368,BENIGN,73.63
12369,BENIGN,68.71
12370,BENIGN,69.04
12371,BENIGN,65.94
12372,BENIGN,67.61
12373,BENIGN,70.53
12374,BENIGN,70.57
12375,BENIGN,68.74
12376,BENIGN,74.26
12377,BENIGN,68.78
12378,BENIGN,71.68
12379,BENIGN,69.75
12380,BENIGN,70.41
12381,BENIGN,68.01
12382,BENIGN,70.52
12383,BENIGN,70.1
12384,BENIGN,69.54
12385,BENIGN,68.05
12386,BENIGN,70.73
12387,BENIGN,69.17
12388,BENIGN,70.32
12389,BENIGN,75.53
12390,BENIGN,71.66
12391,BENIGN,68.95
12392,BENIGN,73.74
12393,BENIGN,70.43
12394,BENIGN,68.28
12395,BENIGN,67.2
12396,BENIGN,68.01
12397,BENIGN,68.02
12398,BENIGN,76.77
12399,BENIGN,68.39
12400,BENIGN,68.39
12401,BENIGN,69.75
12402,BENIGN,70.53
12403,BENIGN,71.66
12404,BENIGN,70.8
12405,BENIGN,69.42
12406,BENIGN,68.99
12407,BENIGN,71.75
12408,BENIGN,69.37
12409,BENIGN,68.59
12410,BENIGN,70.61
12411,BENIGN,68.14
12412,BENIGN,68.62
12413,BENIGN,69.26
12414,BENIGN,73.12
12415,BENIGN,71.52
12416,BENIGN,69.85
12417,BENIGN,71.49
12418,BENIGN,71.31
12419,BENIGN,70.29
12420,BENIGN,71.03
12421,BENIGN,69.78
12422,BENIGN,69.47
12423,BENIGN,70.93
12424,BENIGN,68.52
12425,BENIGN,68.35
12426,BENIGN,71.4
12427,BENIGN,69.84
12428,BENIGN,68.93
12429,BENIGN,70.25
12430,BENIGN,68.78
12431,BENIGN,69.8
12432,BENIGN,69.63
12433,BENIGN,69.86
12434,BENIGN,70.35
12435,BENIGN,74.14
12436,BENIGN,70.95
12437,BENIGN,71.34
12438,BENIGN,68.39
12439,BENIGN,68.78
12440,BENIGN,70.39
12441,BENIGN,77.23
12442,BENIGN,72.43
12443,BENIGN,70.73
12444,BENIGN,71.59
12445,BENIGN,70.51
12446,BENIGN,71.17
12447,BENIGN,68.1
12448,BENIGN,71.45
12449,BENIGN,68.13
12450,BENIGN,71.5
12451,BENIGN,69.93
12452,BENIGN,69.7
12453,BENIGN,69.3
12454,BENIGN,80.28
12455,BENIGN,69.33
12456,BENIGN,70.33
12457,BENIGN,70.8
12458,BENIGN,69.43
12459,BENIGN,69.23
12460,BENIGN,73.73
12461,BENIGN,71.34
12462,BENIGN,72.73
12463,BENIGN,77.86
12464,BENIGN,72.46
12465,BENIGN,70.06
12466,BENIGN,69.8
12467,BENIGN,70.36
12468,BENIGN,70.02
12469,BENIGN,63.9
12470,BENIGN,70.65
12471,BENIGN,69.15
12472,BENIGN,76.44
12473,BENIGN,71.71
12474,BENIGN,77.48
12475,BENIGN,71.47
12476,BENIGN,84.87
12477,BENIGN,74.56
12478,BENIGN,70.1
12479,BENIGN,71.07
12480,BENIGN,71.09
12481,BENIGN,71.66
12482,BENIGN,75.01
12483,BENIGN,65.87
12484,BENIGN,72.54
12485,BENIGN,72.9
12486,BENIGN,81.43
12487,BENIGN,73.04
12488,BENIGN,75.51
12489,BENIGN,69.21
12490,BENIGN,68.76
12491,BENIGN,72.92
12492,BENIGN,69.23
12493,BENIGN,63.39
12494,BENIGN,69.75
12495,BENIGN,68.81
12496,BENIGN,77.12
12497,BENIGN,72.66
12498,BENIGN,69.8
12499,BENIGN,70.35
12500,BENIGN,71.93
12501,BENIGN,70.05
12502,BENIGN,68.48
12503,BENIGN,72.33
12504,BENIGN,74.65
12505,BENIGN,68.95
12506,BENIGN,68.08
12507,BENIGN,73.22
12508,BENIGN,71.51
12509,BENIGN,69.77
12510,BENIGN,71.86
12511,BENIGN,70.34
12512,BENIGN,78.73
12513,BENIGN,70.67
12514,BENIGN,77.8
12515,BENIGN,81.38
12516,BENIGN,70.16
12517,BENIGN,70.29
12518,BENIGN,68.56
12519,BENIGN,68.7
12520,BENIGN,79.56
12521,BENIGN,67.35
12522,BENIGN,69.33
12523,BENIGN,74.23
12524,BENIGN,66.87
12525,BENIGN,71.68
12526,BENIGN,70.18
12527,BENIGN,68.24
12528,BENIGN,69.5
12529,BENIGN,70.72
12530,BENIGN,71.15
12531,BENIGN,71.86
12532,BENIGN,70.43
12533,BENIGN,69.37
12534,BENIGN,68.78
12535,BENIGN,69.67
12536,BENIGN,70.37
12537,BENIGN,75.17
12538,BENIGN,69.25
12539,BENIGN,71.24
12540,BENIGN,72.03
12541,BENIGN,68.51
12542,BENIGN,69.37
12543,BENIGN,70.38
12544,BENIGN,80.64
12545,BENIGN,79.88
12546,BENIGN,73.79
12547,BENIGN,72.45
12548,BENIGN,72.76
12549,BENIGN,71.25
12550,BENIGN,75.91
12551,BENIGN,71.59
12552,BENIGN,73.48
12553,BENIGN,73.91
12554,BENIGN,68.39
12555,BENIGN,68.25
12556,BENIGN,68.94
12557,BENIGN,69.23
12558,BENIGN,67.93
12559,BENIGN,76.75
12560,BENIGN,77.42
12561,BENIGN,72.48
12562,BENIGN,71.35
12563,BENIGN,76.68
12564,BENIGN,70.84
12565,BENIGN,72.76
12566,BENIGN,69.96
12567,BENIGN,71.84
12568,BENIGN,70.07
12569,BENIGN,72.03
12570,BENIGN,69.55
12571,BENIGN,69.4
12572,BENIGN,66.16
12573,BENIGN,70.74
12574,BENIGN,69.86
12575,BENIGN,70.09
12576,BENIGN,73.34
12577,BENIGN,67.0
12578,BENIGN,67.47
12579,BENIGN,70.75
12580,BENIGN,74.29
12581,BENIGN,70.34
12582,BENIGN,72.16
12583,BENIGN,73.91
12584,BENIGN,79.34
12585,BENIGN,70.52
12586,BENIGN,70.21
12587,BENIGN,73.64
12588,BENIGN,71.48
12589,BENIGN,70.25
12590,BENIGN,69.7
12591,BENIGN,72.27
12592,BENIGN,69.79
12593,BENIGN,68.83
12594,BENIGN,68.98
12595,BENIGN,66.3
12596,BENIGN,69.23
12597,BENIGN,68.75
12598,BENIGN,70.85
12599,BENIGN,69.29
12600,BENIGN,69.61
12601,BENIGN,69.28
12602,BENIGN,69.2
12603,BENIGN,68.25
12604,BENIGN,72.43
12605,BENIGN,73.74
12606,BENIGN,68.61
12607,BENIGN,75.46
12608,BENIGN,71.24
12609,BENIGN,69.96
12610,BENIGN,70.52
12611,BENIGN,72.81
12612,BENIGN,81.89
12613,BENIGN,69.42
12614,BENIGN,69.53
12615,BENIGN,70.66
12616,BENIGN,68.86
12617,BENIGN,66.36
12618,BENIGN,70.39
12619,BENIGN,67.71
12620,BENIGN,75.6
12621,BENIGN,72.96
12622,BENIGN,69.19
12623,BENIGN,77.11
12624,BENIGN,75.36
12625,BENIGN,68.35
12626,BENIGN,72.15
12627,BENIGN,74.16
12628,BENIGN,69.69
12629,BENIGN,69.99
12630,BENIGN,68.55
12631,BENIGN,68.81
12632,BENIGN,75.42
12633,BENIGN,75.39
12634,BENIGN,68.32
12635,BENIGN,69.14
12636,BENIGN,69.48
12637,BENIGN,71.3
12638,BENIGN,69.27
12639,BENIGN,69.58
12640,BENIGN,70.46
12641,BENIGN,69.09
12642,BENIGN,69.61
12643,BENIGN,73.13
12644,BENIGN,67.18
12645,BENIGN,69.13
12646,BENIGN,68.55
12647,BENIGN,82.78
12648,BENIGN,69.23
12649,BENIGN,69.54
12650,BENIGN,67.01
12651,BENIGN,70.19
12652,BENIGN,74.46
12653,BENIGN,69.39
12654,BENIGN,74.35
12655,BENIGN,70.42
12656,BENIGN,69.51
12657,BENIGN,74.4
12658,BENIGN,74.9
12659,BENIGN,72.64
12660,BENIGN,73.62
12661,BENIGN,69.02
12662,BENIGN,72.8
12663,BENIGN,69.8
12664,BENIGN,71.11
12665,BENIGN,71.85
12666,BENIGN,73.26
12667,BENIGN,75.67
12668,BENIGN,68.4
12669,BENIGN,67.77
12670,BENIGN,67.61
12671,BENIGN,68.68
12672,BENIGN,72.29
12673,BENIGN,69.22
12674,BENIGN,69.48
12675,BENIGN,71.23
12676,BENIGN,69.62
12677,BENIGN,70.18
12678,BENIGN,70.42
12679,BENIGN,70.99
12680,BENIGN,73.62
12681,BENIGN,75.26
12682,BENIGN,70.4
12683,BENIGN,82.93
12684,BENIGN,76.66
12685,BENIGN,77.62
12686,BENIGN,72.69
12687,BENIGN,77.01
12688,BENIGN,68.32
12689,BENIGN,70.17
12690,BENIGN,70.06
12691,BENIGN,70.65
12692,BENIGN,71.2
12693,BENIGN,69.55
12694,BENIGN,70.44
12695,BENIGN,68.99
12696,BENIGN,69.04
12697,BENIGN,68.73
12698,BENIGN,70.01
12699,BENIGN,72.08
12700,BENIGN,75.4
12701,BENIGN,70.58
12702,BENIGN,69.43
12703,BENIGN,68.71
12704,BENIGN,70.14
12705,BENIGN,74.29
12706,BENIGN,69.52
12707,BENIGN,73.55
12708,BENIGN,75.42
12709,BENIGN,68.82
12710,BENIGN,71.24
12711,BENIGN,68.93
12712,BENIGN,72.52
12713,BENIGN,72.6
12714,BENIGN,74.23
12715,BENIGN,79.33
12716,BENIGN,70.07
12717,BENIGN,70.84
12718,BENIGN,69.14
12719,BENIGN,67.96
12720,BENIGN,68.66
12721,BENIGN,68.47
12722,BENIGN,67.1
12723,BENIGN,73.0
12724,BENIGN,72.32
12725,BENIGN,72.1
12726,BENIGN,73.04
12727,BENIGN,70.34
12728,BENIGN,69.63
12729,BENIGN,73.09
12730,BENIGN,75.1
12731,BENIGN,69.61
12732,BENIGN,70.01
12733,BENIGN,67.41
12734,BENIGN,69.52
12735,BENIGN,71.35
12736,BENIGN,79.33
12737,BENIGN,71.17
12738,BENIGN,68.34
12739,BENIGN,73.07
12740,BENIGN,68.72
12741,BENIGN,70.92
12742,BENIGN,70.08
12743,BENIGN,74.27
12744,BENIGN,67.99
12745,BENIGN,70.1
12746,BENIGN,69.71
12747,BENIGN,73.19
12748,BENIGN,70.56
12749,BENIGN,72.17
12750,BENIGN,72.1
12751,BENIGN,66.96
12752,BENIGN,74.3
12753,BENIGN,70.17
12754,BENIGN,67.5
12755,BENIGN,72.99
12756,BENIGN,73.99
12757,BENIGN,70.34
12758,BENIGN,69.39
12759,BENIGN,69.98
12760,BENIGN,69.26
12761,BENIGN,70.41
12762,BENIGN,73.51
12763,BENIGN,71.81
12764,BENIGN,72.66
12765,BENIGN,69.51
12766,BENIGN,73.6
12767,BENIGN,69.47
12768,BENIGN,69.48
12769,BENIGN,67.72
12770,BENIGN,70.16
12771,BENIGN,67.8
12772,BENIGN,70.24
12773,BENIGN,69.58
12774,BENIGN,69.25
12775,BENIGN,69.13
12776,BENIGN,68.89
12777,BENIGN,80.92
12778,BENIGN,72.61
12779,BENIGN,72.64
12780,BENIGN,68.48
12781,BENIGN,68.83
12782,BENIGN,68.91
12783,BENIGN,74.43
12784,BENIGN,74.57
12785,BENIGN,70.06
12786,BENIGN,70.86
12787,BENIGN,67.87
12788,BENIGN,69.56
12789,BENIGN,72.59
12790,BENIGN,72.04
12791,BENIGN,67.29
12792,BENIGN,69.07
12793,BENIGN,70.1
12794,BENIGN,74.21
12795,BENIGN,71.87
12796,BENIGN,69.1
12797,BENIGN,70.95
12798,BENIGN,69.42
12799,BENIGN,68.55
12800,BENIGN,69.35
12801,BENIGN,69.79
12802,BENIGN,69.36
12803,BENIGN,72.12
12804,BENIGN,70.07
12805,BENIGN,69.85
12806,BENIGN,63.77
12807,BENIGN,69.24
12808,BENIGN,68.28
12809,BENIGN,69.63
12810,BENIGN,73.1
12811,BENIGN,69.21
12812,BENIGN,71.58
12813,BENIGN,67.7
12814,BENIGN,70.12
12815,BENIGN,69.83
12816,BENIGN,69.46
12817,BENIGN,68.92
12818,BENIGN,73.53
12819,BENIGN,70.53
12820,BENIGN,66.9
12821,BENIGN,69.73
12822,BENIGN,75.02
12823,BENIGN,74.92
12824,BENIGN,69.08
12825,BENIGN,77.3
12826,BENIGN,68.36
12827,BENIGN,69.07
12828,BENIGN,68.9
12829,BENIGN,76.93
12830,BENIGN,70.86
12831,BENIGN,74.54
12832,BENIGN,66.54
12833,BENIGN,74.52
12834,BENIGN,69.57
12835,BENIGN,72.6
12836,BENIGN,73.96
12837,BENIGN,73.75
12838,BENIGN,69.34
12839,BENIGN,72.62
12840,BENIGN,68.76
12841,BENIGN,68.96
12842,BENIGN,71.03
12843,BENIGN,70.2
12844,BENIGN,70.36
12845,BENIGN,70.31
12846,BENIGN,68.91
12847,BENIGN,81.17
12848,BENIGN,69.48
12849,BENIGN,70.03
12850,BENIGN,74.88
12851,BENIGN,71.1
12852,BENIGN,69.89
12853,BENIGN,81.91
12854,BENIGN,70.18
12855,BENIGN,76.85
12856,BENIGN,71.68
12857,BENIGN,70.47
12858,BENIGN,70.94
12859,BENIGN,73.65
12860,BENIGN,79.26
12861,BENIGN,85.83
12862,BENIGN,72.32
12863,BENIGN,72.86
12864,BENIGN,70.06
12865,BENIGN,71.82
12866,BENIGN,84.54
12867,BENIGN,85.33
12868,BENIGN,69.33
12869,BENIGN,89.34
12870,BENIGN,70.83
12871,BENIGN,70.2
12872,BENIGN,69.16
12873,BENIGN,74.16
12874,BENIGN,69.71
12875,BENIGN,68.23
12876,BENIGN,68.71
12877,BENIGN,69.77
12878,BENIGN,69.3
12879,BENIGN,69.23
12880,BENIGN,62.82
12881,BENIGN,68.97
12882,BENIGN,69.61
12883,BENIGN,71.02
12884,BENIGN,73.96
12885,BENIGN,69.51
12886,BENIGN,69.56
12887,BENIGN,77.54
12888,BENIGN,68.92
12889,BENIGN,74.25
12890,BENIGN,85.51
12891,BENIGN,68.01
12892,BENIGN,70.14
12893,BENIGN,81.13
12894,BENIGN,72.79
12895,BENIGN,70.14
12896,BENIGN,75.79
12897,BENIGN,78.5
12898,BENIGN,70.48
12899,BENIGN,72.8
12900,BENIGN,70.59
12901,BENIGN,69.25
12902,BENIGN,81.81
12903,BENIGN,70.06
12904,BENIGN,74.27
12905,BENIGN,72.73
12906,BENIGN,72.15
12907,BENIGN,72.79
12908,BENIGN,68.74
12909,BENIGN,78.25
12910,BENIGN,71.94
12911,BENIGN,68.23
12912,BENIGN,74.11
12913,BENIGN,80.27
12914,BENIGN,83.28
12915,BENIGN,69.53
12916,BENIGN,70.32
12917,BENIGN,72.18
12918,BENIGN,70.46
12919,BENIGN,69.65
12920,BENIGN,73.05
12921,BENIGN,72.86
12922,BENIGN,79.94
12923,BENIGN,72.12
12924,BENIGN,67.72
12925,BENIGN,70.18
12926,BENIGN,69.66
12927,BENIGN,71.79
12928,BENIGN,69.9
12929,BENIGN,71.09
12930,BENIGN,69.64
12931,BENIGN,72.18
12932,BENIGN,69.9
12933,BENIGN,71.31
12934,BENIGN,73.35
12935,BENIGN,69.91
12936,BENIGN,76.19
12937,BENIGN,71.86
12938,BENIGN,70.9
12939,BENIGN,73.97
12940,BENIGN,74.21
12941,BENIGN,69.08
12942,BENIGN,72.88
12943,BENIGN,72.37
12944,BENIGN,71.27
12945,BENIGN,84.18
12946,BENIGN,70.0
12947,BENIGN,72.76
12948,BENIGN,69.97
12949,BENIGN,70.57
12950,BENIGN,69.4
12951,BENIGN,72.41
12952,BENIGN,74.6
12953,BENIGN,70.17
12954,BENIGN,73.09
12955,BENIGN,68.86
12956,BENIGN,70.48
12957,BENIGN,80.81
12958,BENIGN,68.78
12959,BENIGN,68.93
12960,BENIGN,82.29
12961,BENIGN,71.93
12962,BENIGN,72.63
12963,BENIGN,69.12
12964,BENIGN,67.82
12965,BENIGN,72.24
12966,BENIGN,68.35
12967,BENIGN,69.12
12968,BENIGN,71.83
12969,BENIGN,72.63
12970,BENIGN,70.32
12971,BENIGN,67.72
12972,BENIGN,68.7
12973,BENIGN,70.67
12974,BENIGN,69.84
12975,BENIGN,69.34
12976,BENIGN,69.03
12977,BENIGN,69.91
12978,BENIGN,71.04
12979,BENIGN,70.2
12980,BENIGN,68.27
12981,BENIGN,73.72
12982,BENIGN,72.2
12983,BENIGN,73.75
12984,BENIGN,70.13
12985,BENIGN,76.0
12986,BENIGN,70.19
12987,BENIGN,76.8
12988,BENIGN,71.31
12989,BENIGN,76.18
12990,BENIGN,68.56
12991,BENIGN,70.66
12992,BENIGN,73.19
12993,BENIGN,72.17
12994,BENIGN,71.01
12995,BENIGN,77.93
12996,BENIGN,68.0
12997,BENIGN,69.29
12998,BENIGN,69.55
12999,BENIGN,70.93
13000,BENIGN,69.85
13001,BENIGN,67.56
13002,BENIGN,69.58
13003,BENIGN,69.97
13004,BENIGN,66.13
13005,BENIGN,75.26
13006,BENIGN,70.81
13007,BENIGN,69.2
13008,BENIGN,68.03
13009,BENIGN,69.81
13010,BENIGN,71.86
13011,BENIGN,70.35
13012,BENIGN,68.35
13013,BENIGN,71.9
13014,BENIGN,76.01
13015,BENIGN,68.14
13016,BENIGN,68.18
13017,BENIGN,72.39
13018,BENIGN,73.06
13019,BENIGN,70.53
13020,BENIGN,72.06
13021,BENIGN,71.48
13022,BENIGN,70.25
13023,BENIGN,77.12
13024,BENIGN,69.53
13025,BENIGN,69.03
13026,BENIGN,71.94
13027,BENIGN,70.58
13028,BENIGN,72.23
13029,BENIGN,78.18
13030,BENIGN,71.68
13031,BENIGN,74.25
13032,BENIGN,76.53
13033,BENIGN,75.26
13034,BENIGN,73.37
13035,BENIGN,71.14
13036,BENIGN,84.44
13037,BENIGN,69.17
13038,BENIGN,70.17
13039,BENIGN,68.74
13040,BENIGN,73.85
13041,BENIGN,68.74
13042,BENIGN,68.5
13043,BENIGN,70.99
13044,BENIGN,70.54
13045,BENIGN,75.35
13046,BENIGN,70.42
13047,BENIGN,72.69
13048,BENIGN,70.95
13049,BENIGN,72.3
13050,BENIGN,76.69
13051,BENIGN,71.21
13052,BENIGN,69.69
13053,BENIGN,70.9
13054,BENIGN,68.31
13055,BENIGN,65.57
13056,BENIGN,79.96
13057,BENIGN,71.01
13058,BENIGN,72.88
13059,BENIGN,76.31
13060,BENIGN,72.15
13061,BENIGN,69.62
13062,BENIGN,68.08
13063,BENIGN,72.04
13064,BENIGN,72.21
13065,BENIGN,70.6
13066,BENIGN,68.64
13067,BENIGN,70.52
13068,BENIGN,67.96
13069,BENIGN,69.04
13070,BENIGN,74.82
13071,BENIGN,70.55
13072,BENIGN,71.12
13073,BENIGN,74.36
13074,BENIGN,68.42
13075,BENIGN,69.04
13076,BENIGN,69.71
13077,BENIGN,72.89
13078,BENIGN,73.03
13079,BENIGN,70.65
13080,BENIGN,73.44
13081,BENIGN,71.23
13082,BENIGN,72.37
13083,BENIGN,70.7
13084,BENIGN,69.52
13085,BENIGN,69.99
13086,BENIGN,70.02
13087,BENIGN,73.25
13088,BENIGN,69.02
13089,BENIGN,63.94
13090,BENIGN,72.67
13091,BENIGN,69.75
13092,BENIGN,68.17
13093,BENIGN,84.69
13094,BENIGN,71.4
13095,BENIGN,69.8
13096,BENIGN,68.55
13097,BENIGN,70.21
13098,BENIGN,72.44
13099,BENIGN,72.24
13100,BENIGN,72.42
13101,BENIGN,70.45
13102,BENIGN,70.02
13103,BENIGN,69.73
13104,BENIGN,70.65
13105,BENIGN,69.71
13106,BENIGN,78.34
13107,BENIGN,68.26
13108,BENIGN,69.29
13109,BENIGN,71.88
13110,BENIGN,70.02
13111,BENIGN,78.95
13112,BENIGN,73.12
13113,BENIGN,72.26
13114,BENIGN,70.34
13115,BENIGN,83.97
13116,BENIGN,67.33
13117,BENIGN,71.22
13118,BENIGN,69.98
13119,BENIGN,69.0
13120,BENIGN,67.8
13121,BENIGN,70.33
13122,BENIGN,69.94
13123,BENIGN,71.17
13124,BENIGN,68.32
13125,BENIGN,69.04
13126,BENIGN,70.72
13127,BENIGN,77.73
13128,BENIGN,68.67
13129,BENIGN,69.94
13130,BENIGN,69.92
13131,BENIGN,70.25
13132,BENIGN,71.11
13133,BENIGN,72.21
13134,BENIGN,72.11
13135,BENIGN,69.51
13136,BENIGN,69.37
13137,BENIGN,83.08
13138,BENIGN,69.7
13139,BENIGN,70.33
13140,BENIGN,69.93
13141,BENIGN,72.11
13142,BENIGN,77.57
13143,BENIGN,73.41
13144,BENIGN,68.1
13145,BENIGN,70.39
13146,BENIGN,69.48
13147,BENIGN,70.65
13148,BENIGN,68.74
13149,BENIGN,77.42
13150,BENIGN,80.25
13151,BENIGN,72.12
13152,BENIGN,68.73
13153,BENIGN,74.35
13154,BENIGN,69.08
13155,BENIGN,70.21
13156,BENIGN,69.86
13157,BENIGN,72.71
13158,BENIGN,70.18
13159,BENIGN,71.53
13160,BENIGN,69.15
13161,BENIGN,67.04
13162,BENIGN,68.64
13163,BENIGN,72.86
13164,BENIGN,73.38
13165,BENIGN,68.38
13166,BENIGN,69.14
13167,BENIGN,69.2
13168,BENIGN,84.08
13169,BENIGN,69.45
13170,BENIGN,74.13
13171,BENIGN,69.71
13172,BENIGN,70.88
13173,BENIGN,71.41
13174,BENIGN,69.67
13175,BENIGN,73.24
13176,BENIGN,71.41
13177,BENIGN,71.62
13178,BENIGN,70.67
13179,BENIGN,70.15
13180,BENIGN,70.12
13181,BENIGN,71.54
13182,BENIGN,69.71
13183,BENIGN,72.69
13184,BENIGN,63.17
13185,BENIGN,70.88
13186,BENIGN,69.79
13187,BENIGN,70.97
13188,BENIGN,69.15
13189,BENIGN,69.9
13190,BENIGN,76.94
13191,BENIGN,71.64
13192,BENIGN,70.83
13193,BENIGN,71.85
13194,BENIGN,72.82
13195,BENIGN,70.94
13196,BENIGN,71.98
13197,BENIGN,70.15
13198,BENIGN,69.95
13199,BENIGN,69.47
13200,BENIGN,71.46
13201,BENIGN,69.09
13202,BENIGN,68.88
13203,BENIGN,73.43
13204,BENIGN,99.98
13205,BENIGN,69.0
13206,BENIGN,76.36
13207,BENIGN,69.59
13208,BENIGN,71.7
13209,BENIGN,69.98
13210,BENIGN,71.41
13211,BENIGN,72.61
13212,BENIGN,77.55
13213,BENIGN,73.43
13214,BENIGN,68.87
13215,BENIGN,72.27
13216,BENIGN,69.77
13217,BENIGN,71.41
13218,BENIGN,69.79
13219,BENIGN,68.63
13220,BENIGN,68.94
13221,BENIGN,67.56
13222,BENIGN,72.04
13223,BENIGN,70.56
13224,BENIGN,71.71
13225,BENIGN,71.41
13226,BENIGN,73.25
13227,BENIGN,69.46
13228,BENIGN,71.52
13229,BENIGN,71.1
13230,BENIGN,70.68
13231,BENIGN,70.96
13232,BENIGN,71.14
13233,BENIGN,71.16
13234,BENIGN,71.41
13235,BENIGN,73.11
13236,BENIGN,70.08
13237,BENIGN,66.06
13238,BENIGN,71.32
13239,BENIGN,71.6
13240,BENIGN,70.71
13241,BENIGN,76.8
13242,BENIGN,71.41
13243,BENIGN,70.6
13244,BENIGN,75.88
13245,BENIGN,76.17
13246,BENIGN,72.09
13247,BENIGN,65.86
13248,BENIGN,55.89
13249,BENIGN,71.54
13250,BENIGN,53.68
13251,BENIGN,73.23
13252,BENIGN,71.43
13253,BENIGN,69.89
13254,BENIGN,73.47
13255,BENIGN,77.29
13256,BENIGN,81.26
13257,BENIGN,69.84
13258,BENIGN,73.38
13259,BENIGN,70.74
13260,BENIGN,68.56
13261,ATTACK,54.21
13262,BENIGN,60.18
13263,BENIGN,99.98
13264,BENIGN,70.05
13265,BENIGN,70.17
13266,BENIGN,99.98
13267,BENIGN,68.1
13268,BENIGN,71.63
13269,BENIGN,99.98
13270,BENIGN,69.4
13271,BENIGN,69.34
13272,BENIGN,69.54
13273,BENIGN,69.34
13274,BENIGN,75.16
13275,BENIGN,69.32
13276,BENIGN,68.84
13277,BENIGN,68.35
13278,BENIGN,69.14
13279,BENIGN,70.94
13280,BENIGN,57.87
13281,BENIGN,68.53
13282,BENIGN,99.98
13283,BENIGN,74.45
13284,BENIGN,84.37
13285,BENIGN,79.44
13286,BENIGN,67.48
13287,BENIGN,69.4
13288,BENIGN,69.02
13289,BENIGN,68.16
13290,BENIGN,70.56
13291,BENIGN,69.17
13292,BENIGN,69.38
13293,BENIGN,78.88
13294,BENIGN,69.67
13295,BENIGN,79.4
13296,BENIGN,74.76
13297,BENIGN,76.42
13298,BENIGN,69.55
13299,BENIGN,61.62
13300,BENIGN,72.62
13301,BENIGN,68.0
13302,BENIGN,66.92
13303,BENIGN,68.65
13304,BENIGN,71.38
13305,BENIGN,69.61
13306,BENIGN,68.35
13307,BENIGN,68.68
13308,BENIGN,71.8
13309,BENIGN,70.82
13310,BENIGN,68.72
13311,BENIGN,69.61
13312,BENIGN,69.58
13313,BENIGN,71.19
13314,BENIGN,69.55
13315,BENIGN,75.56
13316,BENIGN,70.99
13317,BENIGN,70.61
13318,BENIGN,70.29
13319,BENIGN,69.51
13320,BENIGN,70.6
13321,BENIGN,70.12
13322,BENIGN,71.24
13323,BENIGN,68.91
13324,BENIGN,68.48
13325,BENIGN,77.17
13326,BENIGN,70.01
13327,BENIGN,79.44
13328,BENIGN,69.77
13329,BENIGN,70.23
13330,BENIGN,76.48
13331,BENIGN,69.79
13332,BENIGN,79.54
13333,BENIGN,69.89
13334,BENIGN,83.19
13335,BENIGN,68.59
13336,BENIGN,82.68
13337,BENIGN,67.94
13338,BENIGN,71.76
13339,BENIGN,68.43
13340,BENIGN,71.44
13341,BENIGN,69.66
13342,BENIGN,70.35
13343,BENIGN,70.41
13344,BENIGN,69.05
13345,BENIGN,69.35
13346,BENIGN,68.8
13347,BENIGN,68.05
13348,BENIGN,71.66
13349,BENIGN,69.77
13350,BENIGN,77.49
13351,BENIGN,71.88
13352,BENIGN,69.88
13353,BENIGN,68.54
13354,BENIGN,69.49
13355,BENIGN,74.56
13356,BENIGN,71.32
13357,BENIGN,75.87
13358,BENIGN,69.54
13359,BENIGN,70.56
13360,BENIGN,71.3
13361,BENIGN,71.8
13362,BENIGN,72.04
13363,BENIGN,68.91
13364,BENIGN,79.2
13365,BENIGN,73.59
13366,BENIGN,73.28
13367,BENIGN,71.62
13368,BENIGN,76.01
13369,BENIGN,72.02
13370,BENIGN,68.27
13371,BENIGN,70.88
13372,BENIGN,70.27
13373,BENIGN,69.51
13374,BENIGN,75.24
13375,BENIGN,72.24
13376,BENIGN,69.86
13377,BENIGN,67.47
13378,BENIGN,69.62
13379,BENIGN,69.73
13380,BENIGN,75.95
13381,BENIGN,70.22
13382,BENIGN,70.21
13383,BENIGN,73.59
13384,BENIGN,71.73
13385,BENIGN,71.9
13386,BENIGN,69.3
13387,BENIGN,73.84
13388,BENIGN,69.99
13389,BENIGN,75.71
13390,BENIGN,69.38
13391,BENIGN,69.31
13392,BENIGN,72.59
13393,BENIGN,83.7
13394,BENIGN,74.94
13395,BENIGN,70.08
13396,BENIGN,69.82
13397,BENIGN,72.95
13398,BENIGN,73.74
13399,BENIGN,70.89
13400,BENIGN,80.55
13401,BENIGN,70.33
13402,BENIGN,75.5
13403,BENIGN,68.55
13404,BENIGN,79.37
13405,BENIGN,71.63
13406,BENIGN,73.41
13407,BENIGN,71.13
13408,BENIGN,79.44
13409,BENIGN,68.8
13410,BENIGN,73.24
13411,BENIGN,67.92
13412,BENIGN,74.42
13413,BENIGN,69.63
13414,BENIGN,71.14
13415,BENIGN,76.32
13416,BENIGN,69.46
13417,BENIGN,77.99
13418,BENIGN,68.9
13419,BENIGN,69.33
13420,BENIGN,71.71
13421,BENIGN,70.8
13422,BENIGN,69.26
13423,BENIGN,58.77
13424,BENIGN,72.07
13425,BENIGN,73.32
13426,BENIGN,54.73
13427,BENIGN,69.34
13428,BENIGN,74.72
13429,BENIGN,70.73
13430,BENIGN,68.13
13431,BENIGN,72.54
13432,BENIGN,70.89
13433,BENIGN,68.45
13434,BENIGN,70.26
13435,BENIGN,69.88
13436,BENIGN,70.45
13437,BENIGN,74.52
13438,BENIGN,76.37
13439,BENIGN,66.64
13440,BENIGN,69.45
13441,BENIGN,67.75
13442,BENIGN,69.83
13443,BENIGN,69.64
13444,BENIGN,70.44
13445,BENIGN,72.21
13446,BENIGN,71.31
13447,BENIGN,68.71
13448,BENIGN,74.34
13449,BENIGN,70.2
13450,BENIGN,68.77
13451,BENIGN,67.41
13452,BENIGN,88.13
13453,BENIGN,72.34
13454,BENIGN,71.48
13455,BENIGN,69.47
13456,BENIGN,76.28
13457,BENIGN,69.61
13458,BENIGN,64.97
13459,BENIGN,69.44
13460,BENIGN,73.53
13461,BENIGN,68.63
13462,BENIGN,70.47
13463,BENIGN,69.24
13464,BENIGN,70.79
13465,BENIGN,70.22
13466,BENIGN,81.39
13467,BENIGN,71.46
13468,BENIGN,73.38
13469,BENIGN,69.76
13470,BENIGN,74.54
13471,BENIGN,68.03
13472,BENIGN,70.1
13473,BENIGN,69.05
13474,BENIGN,72.11
13475,BENIGN,69.9
13476,BENIGN,68.9
13477,BENIGN,71.64
13478,BENIGN,81.87
13479,BENIGN,74.8
13480,BENIGN,68.84
13481,BENIGN,82.47
13482,BENIGN,69.26
13483,BENIGN,70.8
13484,BENIGN,69.45
13485,BENIGN,68.88
13486,BENIGN,70.98
13487,BENIGN,72.78
13488,BENIGN,69.0
13489,BENIGN,70.87
13490,BENIGN,81.03
13491,BENIGN,73.92
13492,BENIGN,70.35
13493,BENIGN,70.09
13494,BENIGN,66.17
13495,BENIGN,70.15
13496,BENIGN,69.71
13497,BENIGN,70.02
13498,BENIGN,70.0
13499,BENIGN,70.28
13500,BENIGN,72.99
13501,BENIGN,64.59
13502,BENIGN,75.34
13503,BENIGN,69.04
13504,BENIGN,73.88
13505,BENIGN,75.65
13506,BENIGN,75.73
13507,BENIGN,70.67
13508,BENIGN,68.86
13509,BENIGN,68.04
13510,BENIGN,68.56
13511,BENIGN,65.72
13512,BENIGN,72.06
13513,BENIGN,69.26
13514,BENIGN,69.31
13515,BENIGN,70.61
13516,BENIGN,69.81
13517,BENIGN,70.82
13518,BENIGN,70.55
13519,BENIGN,71.35
13520,BENIGN,68.78
13521,BENIGN,78.07
13522,BENIGN,78.28
13523,BENIGN,69.95
13524,BENIGN,72.69
13525,BENIGN,72.07
13526,BENIGN,70.65
13527,BENIGN,74.07
13528,BENIGN,72.15
13529,BENIGN,70.76
13530,BENIGN,68.83
13531,BENIGN,73.24
13532,BENIGN,68.54
13533,BENIGN,74.35
13534,BENIGN,70.44
13535,BENIGN,69.46
13536,BENIGN,67.37
13537,BENIGN,76.67
13538,BENIGN,71.51
13539,BENIGN,69.56
13540,BENIGN,71.69
13541,BENIGN,71.06
13542,BENIGN,69.53
13543,BENIGN,70.02
13544,BENIGN,71.75
13545,BENIGN,74.43
13546,BENIGN,69.64
13547,BENIGN,69.56
13548,BENIGN,69.9
13549,BENIGN,74.0
13550,BENIGN,71.26
13551,BENIGN,70.9
13552,BENIGN,73.49
13553,BENIGN,71.32
13554,BENIGN,70.83
13555,BENIGN,71.52
13556,BENIGN,68.63
13557,BENIGN,71.18
13558,BENIGN,73.13
13559,BENIGN,69.82
13560,BENIGN,71.83
13561,BENIGN,70.64
13562,BENIGN,70.49
13563,BENIGN,69.02
13564,BENIGN,68.72
13565,BENIGN,68.48
13566,BENIGN,70.44
13567,BENIGN,69.28
13568,BENIGN,81.29
13569,BENIGN,70.03
13570,BENIGN,70.09
13571,BENIGN,78.55
13572,BENIGN,77.91
13573,BENIGN,69.3
13574,BENIGN,75.49
13575,BENIGN,70.82
13576,BENIGN,73.77
13577,BENIGN,69.31
13578,BENIGN,68.84
13579,BENIGN,69.5
13580,BENIGN,69.08
13581,BENIGN,69.05
13582,BENIGN,69.64
13583,BENIGN,69.51
13584,BENIGN,72.26
13585,BENIGN,71.77
13586,BENIGN,74.51
13587,BENIGN,69.13
13588,BENIGN,71.02
13589,BENIGN,70.74
13590,BENIGN,69.34
13591,BENIGN,72.31
13592,BENIGN,69.26
13593,BENIGN,69.42
13594,BENIGN,70.35
13595,BENIGN,73.39
13596,BENIGN,68.08
13597,BENIGN,68.69
13598,BENIGN,68.84
13599,BENIGN,68.39
13600,BENIGN,69.34
13601,BENIGN,74.54
13602,BENIGN,67.0
13603,BENIGN,71.17
13604,BENIGN,73.21
13605,BENIGN,73.23
13606,BENIGN,80.89
13607,BENIGN,67.71
13608,BENIGN,69.1
13609,BENIGN,70.72
13610,BENIGN,69.92
13611,BENIGN,67.94
13612,BENIGN,70.39
13613,BENIGN,68.57
13614,BENIGN,66.75
13615,BENIGN,73.03
13616,BENIGN,68.69
13617,BENIGN,71.64
13618,BENIGN,70.68
13619,BENIGN,71.34
13620,BENIGN,75.96
13621,BENIGN,70.01
13622,BENIGN,69.94
13623,BENIGN,77.5
13624,BENIGN,73.34
13625,BENIGN,68.63
13626,BENIGN,69.39
13627,BENIGN,69.79
13628,BENIGN,71.38
13629,BENIGN,74.66
13630,BENIGN,71.29
13631,BENIGN,64.87
13632,BENIGN,70.46
13633,BENIGN,71.18
13634,BENIGN,70.28
13635,BENIGN,68.47
13636,BENIGN,77.85
13637,BENIGN,71.77
13638,BENIGN,74.57
13639,BENIGN,68.63
13640,BENIGN,70.61
13641,BENIGN,70.37
13642,BENIGN,70.95
13643,BENIGN,71.81
13644,BENIGN,74.03
13645,BENIGN,73.83
13646,BENIGN,70.32
13647,BENIGN,73.25
13648,BENIGN,69.87
13649,BENIGN,69.96
13650,BENIGN,70.4
13651,BENIGN,70.89
13652,BENIGN,71.53
13653,BENIGN,69.51
13654,BENIGN,71.4
13655,BENIGN,70.59
13656,BENIGN,71.12
13657,BENIGN,69.47
13658,BENIGN,68.3
13659,BENIGN,69.62
13660,BENIGN,69.52
13661,BENIGN,82.46
13662,BENIGN,79.27
13663,BENIGN,69.09
13664,BENIGN,75.31
13665,BENIGN,68.24
13666,BENIGN,71.52
13667,BENIGN,69.17
13668,BENIGN,66.77
13669,BENIGN,83.33
13670,BENIGN,71.43
13671,BENIGN,71.2
13672,BENIGN,74.34
13673,BENIGN,71.4
13674,BENIGN,69.26
13675,BENIGN,69.92
13676,BENIGN,73.44
13677,BENIGN,70.08
13678,BENIGN,72.14
13679,BENIGN,70.5
13680,BENIGN,73.92
13681,BENIGN,81.45
13682,BENIGN,68.97
13683,BENIGN,81.41
13684,BENIGN,68.48
13685,BENIGN,70.51
13686,BENIGN,68.44
13687,BENIGN,71.36
13688,BENIGN,71.99
13689,BENIGN,73.06
13690,BENIGN,73.13
13691,BENIGN,71.01
13692,BENIGN,74.31
13693,BENIGN,69.8
13694,BENIGN,67.71
13695,BENIGN,70.03
13696,BENIGN,74.39
13697,BENIGN,72.36
13698,BENIGN,69.01
13699,BENIGN,83.15
13700,BENIGN,70.78
13701,BENIGN,81.54
13702,BENIGN,79.5
13703,BENIGN,73.34
13704,BENIGN,71.74
13705,BENIGN,71.22
13706,BENIGN,68.86
13707,BENIGN,67.79
13708,BENIGN,73.96
13709,BENIGN,71.75
13710,BENIGN,78.58
13711,BENIGN,71.78
13712,BENIGN,70.81
13713,BENIGN,72.21
13714,BENIGN,77.47
13715,BENIGN,77.11
13716,BENIGN,75.0
13717,BENIGN,76.65
13718,BENIGN,72.47
13719,BENIGN,71.6
13720,BENIGN,70.19
13721,BENIGN,71.35
13722,BENIGN,70.31
13723,BENIGN,72.41
13724,BENIGN,68.04
13725,BENIGN,68.49
13726,BENIGN,69.99
13727,BENIGN,70.13
13728,BENIGN,72.69
13729,BENIGN,72.05
13730,BENIGN,70.28
13731,BENIGN,75.53
13732,BENIGN,74.3
13733,BENIGN,71.38
13734,BENIGN,69.47
13735,BENIGN,73.24
13736,BENIGN,68.06
13737,BENIGN,69.26
13738,BENIGN,67.5
13739,BENIGN,72.73
13740,BENIGN,71.48
13741,BENIGN,68.95
13742,BENIGN,69.17
13743,BENIGN,73.73
13744,BENIGN,82.61
13745,BENIGN,78.5
13746,BENIGN,70.66
13747,BENIGN,65.35
13748,BENIGN,68.63
13749,BENIGN,69.02
13750,BENIGN,67.33
13751,BENIGN,71.64
13752,BENIGN,81.33
13753,BENIGN,71.46
13754,BENIGN,70.87
13755,BENIGN,79.4
13756,BENIGN,79.76
13757,BENIGN,68.95
13758,BENIGN,77.61
13759,BENIGN,76.95
13760,BENIGN,70.85
13761,BENIGN,69.71
13762,BENIGN,82.57
13763,BENIGN,70.91
13764,BENIGN,76.93
13765,BENIGN,70.69
13766,BENIGN,70.64
13767,BENIGN,87.85
13768,BENIGN,71.78
13769,BENIGN,70.72
13770,BENIGN,71.41
13771,BENIGN,69.27
13772,BENIGN,70.73
13773,BENIGN,70.95
13774,BENIGN,69.58
13775,BENIGN,84.13
13776,BENIGN,59.49
13777,BENIGN,68.95
13778,BENIGN,70.24
13779,BENIGN,70.61
13780,BENIGN,70.39
13781,BENIGN,69.72
13782,BENIGN,69.45
13783,BENIGN,70.82
13784,BENIGN,71.89
13785,BENIGN,68.3
13786,BENIGN,72.38
13787,BENIGN,72.39
13788,BENIGN,72.32
13789,BENIGN,70.51
13790,BENIGN,74.19
13791,BENIGN,70.27
13792,BENIGN,71.96
13793,BENIGN,72.46
13794,BENIGN,71.29
13795,BENIGN,70.46
13796,BENIGN,69.28
13797,BENIGN,69.43
13798,BENIGN,68.89
13799,BENIGN,74.41
13800,BENIGN,69.45
13801,BENIGN,69.01
13802,BENIGN,73.7
13803,BENIGN,70.04
13804,BENIGN,68.41
13805,BENIGN,69.77
13806,BENIGN,68.62
13807,BENIGN,70.89
13808,BENIGN,67.37
13809,BENIGN,69.04
13810,BENIGN,71.29
13811,BENIGN,68.85
13812,BENIGN,72.44
13813,BENIGN,70.28
13814,BENIGN,73.13
13815,BENIGN,68.18
13816,BENIGN,68.43
13817,BENIGN,70.1
13818,BENIGN,68.4
13819,BENIGN,71.61
13820,BENIGN,69.19
13821,BENIGN,68.86
13822,BENIGN,78.57
13823,BENIGN,68.87
13824,BENIGN,77.76
13825,BENIGN,69.1
13826,BENIGN,62.25
13827,BENIGN,71.11
13828,BENIGN,80.57
13829,BENIGN,71.79
13830,BENIGN,68.37
13831,BENIGN,68.5
13832,BENIGN,68.47
13833,BENIGN,77.15
13834,BENIGN,67.99
13835,BENIGN,71.61
13836,BENIGN,71.39
13837,BENIGN,71.83
13838,BENIGN,68.42
13839,BENIGN,68.46
13840,BENIGN,72.12
13841,BENIGN,68.68
13842,BENIGN,69.93
13843,BENIGN,69.96
13844,BENIGN,71.54
13845,BENIGN,71.42
13846,BENIGN,71.67
13847,BENIGN,67.15
13848,BENIGN,73.54
13849,BENIGN,82.33
13850,BENIGN,69.37
13851,BENIGN,70.24
13852,BENIGN,70.02
13853,BENIGN,67.4
13854,BENIGN,69.96
13855,BENIGN,68.48
13856,BENIGN,70.4
13857,BENIGN,69.92
13858,BENIGN,65.99
13859,BENIGN,69.97
13860,BENIGN,71.79
13861,BENIGN,71.59
13862,BENIGN,71.09
13863,BENIGN,70.45
13864,BENIGN,71.96
13865,BENIGN,70.26
13866,BENIGN,71.7
13867,BENIGN,78.26
13868,BENIGN,72.18
13869,BENIGN,71.3
13870,BENIGN,73.46
13871,ATTACK,50.62
13872,BENIGN,77.72
13873,BENIGN,68.42
13874,BENIGN,74.95
13875,BENIGN,69.87
13876,BENIGN,70.49
13877,BENIGN,68.89
13878,BENIGN,69.13
13879,BENIGN,70.22
13880,BENIGN,78.5
13881,BENIGN,68.19
13882,BENIGN,76.13
13883,BENIGN,70.52
13884,BENIGN,75.4
13885,BENIGN,69.78
13886,BENIGN,69.15
13887,BENIGN,72.89
13888,BENIGN,69.8
13889,BENIGN,69.8
13890,BENIGN,72.4
13891,BENIGN,71.08
13892,BENIGN,71.21
13893,BENIGN,68.5
13894,BENIGN,72.07
13895,BENIGN,70.54
13896,BENIGN,71.82
13897,BENIGN,67.36
13898,BENIGN,77.18
13899,BENIGN,66.65
13900,BENIGN,73.74
13901,BENIGN,68.81
13902,BENIGN,79.81
13903,BENIGN,71.27
13904,BENIGN,81.12
13905,BENIGN,73.44
13906,BENIGN,69.84
13907,BENIGN,73.52
13908,BENIGN,61.74
13909,BENIGN,70.56
13910,BENIGN,71.05
13911,BENIGN,72.07
13912,BENIGN,71.05
13913,BENIGN,74.14
13914,BENIGN,69.55
13915,BENIGN,71.75
13916,BENIGN,79.1
13917,BENIGN,73.26
13918,BENIGN,72.42
13919,BENIGN,70.97
13920,BENIGN,70.48
13921,BENIGN,71.48
13922,BENIGN,70.34
13923,BENIGN,74.8
13924,BENIGN,70.94
13925,BENIGN,71.29
13926,BENIGN,71.18
13927,BENIGN,71.64
13928,BENIGN,74.52
13929,BENIGN,69.21
13930,BENIGN,71.61
13931,BENIGN,71.62
13932,BENIGN,69.22
13933,BENIGN,72.82
13934,BENIGN,67.96
13935,ATTACK,58.11
13936,BENIGN,74.87
13937,BENIGN,74.9
13938,BENIGN,69.39
13939,BENIGN,71.74
13940,BENIGN,61.11
13941,BENIGN,67.75
13942,BENIGN,74.58
13943,BENIGN,70.92
13944,BENIGN,69.92
13945,BENIGN,69.64
13946,BENIGN,70.33
13947,BENIGN,71.18
13948,BENIGN,67.96
13949,BENIGN,62.89
13950,BENIGN,68.44
13951,BENIGN,69.25
13952,BENIGN,85.23
13953,BENIGN,81.06
13954,BENIGN,72.51
13955,BENIGN,71.33
13956,BENIGN,91.86
13957,BENIGN,68.84
13958,BENIGN,71.6
13959,BENIGN,69.78
13960,BENIGN,71.82
13961,BENIGN,69.22
13962,BENIGN,70.22
13963,BENIGN,72.1
13964,BENIGN,69.5
13965,BENIGN,75.68
13966,BENIGN,72.45
13967,BENIGN,80.86
13968,BENIGN,79.67
13969,BENIGN,100.0
13970,BENIGN,100.0
13971,BENIGN,100.0
13972,BENIGN,76.02
13973,BENIGN,68.97
13974,BENIGN,71.25
13975,BENIGN,74.23
13976,BENIGN,73.6
13977,BENIGN,71.85
13978,BENIGN,76.36
13979,BENIGN,70.75
13980,BENIGN,73.99
13981,BENIGN,70.26
13982,BENIGN,71.32
13983,BENIGN,71.88
13984,BENIGN,74.01
13985,BENIGN,70.59
13986,BENIGN,69.76
13987,BENIGN,71.91
13988,BENIGN,69.53
13989,BENIGN,70.11
13990,BENIGN,69.31
13991,BENIGN,70.31
13992,BENIGN,69.96
13993,BENIGN,70.58
13994,BENIGN,72.94
13995,BENIGN,69.94
13996,BENIGN,70.23
13997,BENIGN,73.14
13998,BENIGN,70.82
13999,BENIGN,69.85
14000,BENIGN,69.56
14001,BENIGN,70.48
14002,BENIGN,70.87
14003,BENIGN,69.25
14004,BENIGN,82.03
14005,BENIGN,68.03
14006,BENIGN,70.25
14007,BENIGN,77.52
14008,BENIGN,68.64
14009,BENIGN,68.66
14010,BENIGN,70.63
14011,BENIGN,78.77
14012,BENIGN,71.33
14013,BENIGN,69.79
14014,BENIGN,70.21
14015,BENIGN,70.07
14016,BENIGN,71.18
14017,BENIGN,78.26
14018,BENIGN,73.34
14019,BENIGN,72.03
14020,BENIGN,70.37
14021,BENIGN,73.72
14022,BENIGN,69.51
14023,BENIGN,78.22
14024,BENIGN,73.98
14025,BENIGN,78.97
14026,BENIGN,74.98
14027,BENIGN,71.84
14028,BENIGN,82.43
14029,BENIGN,70.7
14030,BENIGN,76.25
14031,BENIGN,68.64
14032,BENIGN,76.25
14033,BENIGN,77.17
14034,BENIGN,69.6
14035,BENIGN,68.38
14036,BENIGN,66.36
14037,BENIGN,68.96
14038,BENIGN,70.52
14039,BENIGN,68.92
14040,BENIGN,69.03
14041,BENIGN,68.7
14042,BENIGN,69.75
14043,BENIGN,69.4
14044,BENIGN,69.39
14045,BENIGN,63.3
14046,BENIGN,69.69
14047,BENIGN,73.79
14048,BENIGN,71.74
14049,BENIGN,69.79
14050,BENIGN,70.95
14051,BENIGN,70.62
14052,BENIGN,70.13
14053,BENIGN,71.46
14054,BENIGN,70.52
14055,BENIGN,74.39
14056,BENIGN,72.29
14057,BENIGN,70.83
14058,BENIGN,71.64
14059,BENIGN,71.3
14060,BENIGN,70.28
14061,BENIGN,70.87
14062,BENIGN,69.49
14063,BENIGN,72.55
14064,BENIGN,69.51
14065,BENIGN,71.71
14066,BENIGN,74.7
14067,BENIGN,67.47
14068,BENIGN,68.31
14069,BENIGN,70.03
14070,BENIGN,69.13
14071,BENIGN,69.49
14072,BENIGN,70.72
14073,BENIGN,69.67
14074,BENIGN,69.68
14075,BENIGN,69.35
14076,BENIGN,70.88
14077,BENIGN,73.8
14078,BENIGN,69.81
14079,BENIGN,70.31
14080,BENIGN,71.82
14081,BENIGN,69.53
14082,BENIGN,72.1
14083,BENIGN,70.35
14084,BENIGN,61.09
14085,BENIGN,68.89
14086,BENIGN,69.84
14087,BENIGN,68.67
14088,BENIGN,80.01
14089,BENIGN,71.13
14090,BENIGN,69.67
14091,BENIGN,67.14
14092,BENIGN,67.34
14093,BENIGN,72.35
14094,BENIGN,72.7
14095,BENIGN,69.25
14096,BENIGN,73.75
14097,BENIGN,66.37
14098,BENIGN,68.7
14099,BENIGN,69.97
14100,BENIGN,79.91
14101,BENIGN,72.79
14102,BENIGN,73.6
14103,BENIGN,76.52
14104,BENIGN,79.0
14105,BENIGN,68.97
14106,BENIGN,68.84
14107,BENIGN,68.85
14108,BENIGN,75.12
14109,BENIGN,69.28
14110,BENIGN,69.44
14111,BENIGN,70.92
14112,BENIGN,62.61
14113,BENIGN,69.92
14114,BENIGN,69.51
14115,BENIGN,69.22
14116,BENIGN,70.48
14117,BENIGN,74.31
14118,BENIGN,69.14
14119,BENIGN,68.42
14120,BENIGN,70.26
14121,BENIGN,68.62
14122,BENIGN,64.88
14123,BENIGN,86.21
14124,BENIGN,70.68
14125,BENIGN,69.28
14126,BENIGN,68.79
14127,BENIGN,69.95
14128,BENIGN,72.36
14129,BENIGN,68.92
14130,BENIGN,69.44
14131,BENIGN,68.89
14132,BENIGN,68.91
14133,BENIGN,69.37
14134,BENIGN,72.85
14135,BENIGN,76.72
14136,BENIGN,58.64
14137,BENIGN,68.1
14138,BENIGN,68.77
14139,BENIGN,78.17
14140,BENIGN,69.41
14141,BENIGN,73.75
14142,BENIGN,69.87
14143,BENIGN,70.46
14144,BENIGN,70.39
14145,BENIGN,69.5
14146,BENIGN,72.38
14147,BENIGN,79.85
14148,BENIGN,78.54
14149,BENIGN,70.25
14150,BENIGN,69.98
14151,BENIGN,69.11
14152,BENIGN,70.72
14153,BENIGN,73.87
14154,BENIGN,69.99
14155,BENIGN,69.72
14156,BENIGN,69.75
14157,BENIGN,71.59
14158,BENIGN,73.62
14159,BENIGN,70.19
14160,BENIGN,70.33
14161,BENIGN,71.55
14162,BENIGN,71.63
14163,BENIGN,71.13
14164,BENIGN,79.59
14165,BENIGN,69.91
14166,BENIGN,69.02
14167,BENIGN,69.3
14168,BENIGN,69.09
14169,BENIGN,69.35
14170,BENIGN,69.91
14171,BENIGN,71.98
14172,BENIGN,71.16
14173,BENIGN,69.65
14174,BENIGN,69.3
14175,BENIGN,69.99
14176,BENIGN,67.91
14177,BENIGN,70.66
14178,BENIGN,81.16
14179,BENIGN,70.49
14180,BENIGN,70.68
14181,BENIGN,70.44
14182,BENIGN,70.0
14183,BENIGN,70.21
14184,BENIGN,68.41
14185,BENIGN,70.39
14186,BENIGN,69.76
14187,BENIGN,70.6
14188,BENIGN,71.6
14189,BENIGN,82.45
14190,BENIGN,71.97
14191,BENIGN,72.94
14192,BENIGN,73.91
14193,BENIGN,74.03
14194,BENIGN,100.0
14195,BENIGN,100.0
14196,BENIGN,66.18
14197,BENIGN,74.66
14198,BENIGN,72.64
14199,BENIGN,79.75
14200,BENIGN,72.29
14201,BENIGN,68.98
14202,BENIGN,70.49
14203,BENIGN,68.69
14204,BENIGN,67.65
14205,BENIGN,69.84
14206,BENIGN,74.43
14207,BENIGN,70.42
14208,BENIGN,70.26
14209,BENIGN,66.74
14210,BENIGN,72.83
14211,BENIGN,69.39
14212,BENIGN,70.98
14213,BENIGN,69.03
14214,BENIGN,75.64
14215,BENIGN,100.0
14216,BENIGN,100.0
14217,BENIGN,74.61
14218,BENIGN,71.3
14219,BENIGN,73.79
14220,BENIGN,69.87
14221,BENIGN,75.79
14222,BENIGN,68.58
14223,BENIGN,71.08
14224,BENIGN,68.45
14225,BENIGN,68.15
14226,BENIGN,100.0
14227,BENIGN,100.0
14228,BENIGN,68.56
14229,BENIGN,67.1
14230,BENIGN,66.7
14231,BENIGN,100.0
14232,BENIGN,100.0
14233,BENIGN,76.11
14234,BENIGN,68.05
14235,BENIGN,72.44
14236,BENIGN,69.66
14237,BENIGN,100.0
14238,BENIGN,70.4
14239,BENIGN,68.1
14240,BENIGN,67.17
14241,BENIGN,74.25
14242,BENIGN,70.83
14243,BENIGN,66.35
14244,BENIGN,69.12
14245,BENIGN,71.01
14246,BENIGN,69.45
14247,BENIGN,67.82
14248,BENIGN,70.28
14249,BENIGN,72.51
14250,BENIGN,82.82
14251,BENIGN,100.0
14252,BENIGN,68.74
14253,BENIGN,100.0
14254,BENIGN,74.82
14255,BENIGN,72.85
14256,BENIGN,70.04
14257,BENIGN,69.9
14258,BENIGN,100.0
14259,BENIGN,100.0
14260,BENIGN,69.0
14261,BENIGN,100.0
14262,BENIGN,100.0
14263,BENIGN,100.0
14264,BENIGN,68.43
14265,BENIGN,100.0
14266,BENIGN,71.14
14267,BENIGN,76.27
14268,BENIGN,70.82
14269,BENIGN,72.25
14270,BENIGN,71.06
14271,BENIGN,71.52
14272,BENIGN,70.37
14273,BENIGN,84.13
14274,BENIGN,70.71
14275,BENIGN,72.73
14276,BENIGN,82.22
14277,BENIGN,70.14
14278,BENIGN,71.44
14279,BENIGN,75.9
14280,BENIGN,71.13
14281,BENIGN,70.82
14282,BENIGN,70.54
14283,BENIGN,73.49
14284,BENIGN,71.1
14285,BENIGN,71.03
14286,BENIGN,100.0
14287,BENIGN,100.0
14288,BENIGN,69.62
14289,BENIGN,68.55
14290,BENIGN,70.17
14291,BENIGN,71.74
14292,BENIGN,70.03
14293,BENIGN,69.06
14294,BENIGN,69.35
14295,BENIGN,69.71
14296,BENIGN,70.48
14297,BENIGN,70.49
14298,BENIGN,68.35
14299,BENIGN,74.26
14300,BENIGN,64.13
14301,BENIGN,58.7
14302,BENIGN,68.82
14303,BENIGN,82.9
14304,BENIGN,68.23
14305,BENIGN,68.81
14306,BENIGN,71.38
14307,BENIGN,80.26
14308,BENIGN,72.17
14309,BENIGN,100.0
14310,BENIGN,100.0
14311,BENIGN,100.0
14312,BENIGN,100.0
14313,BENIGN,75.72
14314,BENIGN,69.58
14315,BENIGN,69.81
14316,BENIGN,100.0
14317,BENIGN,70.37
14318,BENIGN,71.94
14319,BENIGN,70.12
14320,BENIGN,72.95
14321,BENIGN,63.01
14322,BENIGN,71.22
14323,BENIGN,68.49
14324,BENIGN,72.51
14325,BENIGN,69.82
14326,BENIGN,78.4
14327,BENIGN,71.45
14328,BENIGN,70.76
14329,BENIGN,69.78
14330,BENIGN,71.53
14331,BENIGN,71.02
14332,BENIGN,70.0
14333,BENIGN,69.16
14334,BENIGN,69.97
14335,BENIGN,74.78
14336,BENIGN,69.07
14337,BENIGN,74.17
14338,BENIGN,71.96
14339,BENIGN,69.52
14340,BENIGN,72.06
14341,BENIGN,70.72
14342,BENIGN,70.04
14343,BENIGN,62.09
14344,BENIGN,70.03
14345,BENIGN,100.0
14346,BENIGN,70.17
14347,BENIGN,69.59
14348,BENIGN,100.0
14349,BENIGN,69.04
14350,BENIGN,74.52
14351,BENIGN,71.34
14352,BENIGN,71.75
14353,BENIGN,77.22
14354,BENIGN,68.9
14355,BENIGN,100.0
14356,BENIGN,100.0
14357,BENIGN,70.72
14358,BENIGN,70.66
14359,BENIGN,71.46
14360,BENIGN,72.1
14361,BENIGN,68.58
14362,BENIGN,69.17
14363,BENIGN,71.04
14364,BENIGN,72.52
14365,BENIGN,69.73
14366,BENIGN,69.34
14367,BENIGN,69.38
14368,BENIGN,82.28
14369,BENIGN,67.31
14370,BENIGN,100.0
14371,BENIGN,100.0
14372,BENIGN,69.62
14373,BENIGN,75.08
14374,BENIGN,100.0
14375,BENIGN,100.0
14376,BENIGN,74.2
14377,BENIGN,68.57
14378,BENIGN,73.0
14379,BENIGN,76.93
14380,BENIGN,73.23
14381,BENIGN,71.39
14382,BENIGN,70.98
14383,BENIGN,70.17
14384,BENIGN,71.9
14385,BENIGN,70.62
14386,BENIGN,73.68
14387,BENIGN,71.13
14388,BENIGN,68.87
14389,BENIGN,69.25
14390,BENIGN,72.84
14391,BENIGN,71.52
14392,BENIGN,100.0
14393,BENIGN,100.0
14394,BENIGN,100.0
14395,BENIGN,69.75
14396,BENIGN,73.23
14397,BENIGN,70.97
14398,BENIGN,100.0
14399,BENIGN,100.0
14400,BENIGN,100.0
14401,BENIGN,100.0
14402,BENIGN,68.64
14403,BENIGN,70.54
14404,BENIGN,70.0
14405,BENIGN,69.48
14406,BENIGN,77.04
14407,BENIGN,68.56
14408,BENIGN,68.79
14409,BENIGN,68.57
14410,BENIGN,73.08
14411,BENIGN,69.53
14412,BENIGN,70.13
14413,BENIGN,68.46
14414,BENIGN,71.14
14415,BENIGN,100.0
14416,BENIGN,78.46
14417,BENIGN,69.35
14418,BENIGN,73.24
14419,BENIGN,75.07
14420,BENIGN,70.91
14421,BENIGN,62.85
14422,BENIGN,61.04
14423,BENIGN,69.47
14424,BENIGN,100.0
14425,BENIGN,69.93
14426,BENIGN,69.75
14427,BENIGN,69.66
14428,BENIGN,72.72
14429,BENIGN,73.61
14430,BENIGN,69.91
14431,BENIGN,79.28
14432,BENIGN,70.8
14433,BENIGN,100.0
14434,BENIGN,73.82
14435,BENIGN,73.48
14436,BENIGN,72.04
14437,BENIGN,70.52
14438,BENIGN,70.6
14439,BENIGN,70.49
14440,BENIGN,100.0
14441,BENIGN,100.0
14442,BENIGN,100.0
14443,BENIGN,100.0
14444,BENIGN,69.75
14445,BENIGN,75.18
14446,BENIGN,100.0
14447,BENIGN,100.0
14448,BENIGN,76.47
14449,BENIGN,75.54
14450,BENIGN,76.61
14451,BENIGN,70.95
14452,BENIGN,69.25
14453,BENIGN,72.87
14454,BENIGN,69.43
14455,BENIGN,69.63
14456,BENIGN,71.99
14457,BENIGN,68.64
14458,BENIGN,69.57
14459,BENIGN,69.08
14460,BENIGN,67.46
14461,BENIGN,68.3
14462,BENIGN,67.52
14463,BENIGN,67.61
14464,BENIGN,100.0
14465,BENIGN,100.0
14466,BENIGN,67.58
14467,BENIGN,73.76
14468,BENIGN,69.1
14469,BENIGN,65.83
14470,BENIGN,75.56
14471,BENIGN,65.87
14472,BENIGN,100.0
14473,BENIGN,100.0
14474,BENIGN,70.1
14475,BENIGN,69.75
14476,BENIGN,68.6
14477,BENIGN,72.13
14478,BENIGN,68.66
14479,BENIGN,70.21
14480,BENIGN,75.68
14481,BENIGN,69.07
14482,BENIGN,69.88
14483,BENIGN,64.6
14484,BENIGN,70.51
14485,BENIGN,68.81
14486,BENIGN,69.01
14487,BENIGN,73.24
14488,BENIGN,71.43
14489,BENIGN,100.0
14490,BENIGN,100.0
14491,BENIGN,72.9
14492,BENIGN,70.29
14493,BENIGN,69.15
14494,BENIGN,68.42
14495,BENIGN,100.0
14496,BENIGN,70.42
14497,BENIGN,71.99
14498,BENIGN,68.78
14499,BENIGN,100.0
14500,BENIGN,65.19
14501,BENIGN,68.15
14502,BENIGN,69.07
14503,BENIGN,71.22
14504,BENIGN,71.95
14505,BENIGN,70.26
14506,BENIGN,100.0
14507,BENIGN,75.63
14508,BENIGN,62.72
14509,BENIGN,68.88
14510,BENIGN,71.68
14511,BENIGN,81.11
14512,BENIGN,73.36
14513,BENIGN,68.22
14514,BENIGN,72.97
14515,BENIGN,69.89
14516,BENIGN,100.0
14517,BENIGN,100.0
14518,BENIGN,71.46
14519,BENIGN,73.89
14520,BENIGN,70.59
14521,BENIGN,70.54
14522,BENIGN,100.0
14523,BENIGN,100.0
14524,BENIGN,100.0
14525,BENIGN,100.0
14526,BENIGN,69.82
14527,BENIGN,70.74
14528,BENIGN,72.82
14529,BENIGN,77.17
14530,BENIGN,68.3
14531,BENIGN,70.48
14532,BENIGN,69.92
14533,BENIGN,77.26
14534,BENIGN,70.59
14535,BENIGN,70.14
14536,BENIGN,69.71
14537,BENIGN,61.82
14538,BENIGN,72.43
14539,BENIGN,72.63
14540,BENIGN,66.23
14541,BENIGN,68.79
14542,BENIGN,69.46
14543,BENIGN,68.3
14544,BENIGN,69.18
14545,BENIGN,65.36
14546,BENIGN,100.0
14547,BENIGN,100.0
14548,BENIGN,100.0
14549,BENIGN,69.39
14550,BENIGN,73.84
14551,BENIGN,68.96
14552,BENIGN,68.52
14553,BENIGN,72.13
14554,BENIGN,67.33
14555,BENIGN,71.14
14556,BENIGN,68.58
14557,BENIGN,74.15
14558,BENIGN,68.8
14559,BENIGN,72.07
14560,BENIGN,69.32
14561,BENIGN,75.21
14562,BENIGN,68.46
14563,BENIGN,79.94
14564,BENIGN,71.22
14565,BENIGN,69.27
14566,BENIGN,69.02
14567,BENIGN,69.58
14568,BENIGN,71.5
14569,BENIGN,71.69
14570,BENIGN,68.42
14571,BENIGN,68.82
14572,BENIGN,68.2
14573,BENIGN,69.23
14574,BENIGN,71.21
14575,BENIGN,68.2
14576,BENIGN,70.38
14577,BENIGN,70.23
14578,BENIGN,69.52
14579,BENIGN,73.43
14580,BENIGN,69.47
14581,BENIGN,69.26
14582,BENIGN,70.69
14583,BENIGN,72.5
14584,BENIGN,72.21
14585,BENIGN,67.6
14586,BENIGN,67.88
14587,BENIGN,71.81
14588,BENIGN,69.82
14589,BENIGN,68.8
14590,BENIGN,74.95
14591,BENIGN,80.17
14592,BENIGN,69.61
14593,BENIGN,74.03
14594,BENIGN,69.24
14595,BENIGN,77.56
14596,BENIGN,72.11
14597,BENIGN,76.93
14598,BENIGN,71.31
14599,BENIGN,72.65
14600,BENIGN,70.02
14601,BENIGN,66.24
14602,BENIGN,69.32
14603,BENIGN,68.33
14604,BENIGN,78.53
14605,BENIGN,75.89
14606,BENIGN,69.86
14607,BENIGN,69.54
14608,BENIGN,68.7
14609,BENIGN,68.3
14610,BENIGN,69.88
14611,BENIGN,68.49
14612,BENIGN,69.61
14613,BENIGN,71.88
14614,BENIGN,76.07
14615,BENIGN,73.13
14616,BENIGN,72.17
14617,BENIGN,68.8
14618,BENIGN,72.34
14619,BENIGN,68.87
14620,BENIGN,69.18
14621,BENIGN,68.97
14622,BENIGN,70.39
14623,BENIGN,68.75
14624,BENIGN,73.81
14625,BENIGN,73.94
14626,BENIGN,72.32
14627,BENIGN,69.15
14628,BENIGN,68.94
14629,BENIGN,70.69
14630,BENIGN,68.17
14631,BENIGN,71.32
14632,BENIGN,71.77
14633,BENIGN,69.82
14634,BENIGN,70.18
14635,BENIGN,70.26
14636,BENIGN,69.74
14637,BENIGN,71.97
14638,BENIGN,68.25
14639,BENIGN,75.48
14640,BENIGN,68.27
14641,BENIGN,69.79
14642,BENIGN,66.35
14643,BENIGN,68.57
14644,BENIGN,68.79
14645,BENIGN,69.11
14646,BENIGN,69.95
14647,BENIGN,73.58
14648,BENIGN,71.05
14649,BENIGN,69.26
14650,BENIGN,69.94
14651,BENIGN,69.55
14652,BENIGN,68.5
14653,BENIGN,68.82
14654,BENIGN,79.56
14655,BENIGN,70.7
14656,BENIGN,66.19
14657,BENIGN,69.52
14658,BENIGN,67.43
14659,BENIGN,69.84
14660,BENIGN,74.63
14661,BENIGN,69.8
14662,BENIGN,69.6
14663,BENIGN,67.99
14664,BENIGN,68.18
14665,BENIGN,74.36
14666,BENIGN,67.29
14667,BENIGN,68.15
14668,BENIGN,74.77
14669,BENIGN,68.78
14670,BENIGN,69.51
14671,BENIGN,69.2
14672,BENIGN,68.79
14673,BENIGN,70.33
14674,BENIGN,70.33
14675,BENIGN,70.94
14676,BENIGN,73.44
14677,BENIGN,69.8
14678,BENIGN,69.49
14679,BENIGN,71.12
14680,BENIGN,71.03
14681,BENIGN,72.74
14682,BENIGN,69.7
14683,BENIGN,67.81
14684,BENIGN,70.17
14685,BENIGN,68.93
14686,BENIGN,69.95
14687,BENIGN,71.13
14688,BENIGN,71.39
14689,BENIGN,71.01
14690,BENIGN,71.12
14691,BENIGN,74.43
14692,BENIGN,72.39
14693,BENIGN,84.02
14694,BENIGN,69.97
14695,BENIGN,69.9
14696,BENIGN,69.75
14697,BENIGN,70.01
14698,BENIGN,69.72
14699,BENIGN,69.83
14700,BENIGN,70.26
14701,BENIGN,65.48
14702,BENIGN,69.44
14703,BENIGN,68.45
14704,BENIGN,70.58
14705,BENIGN,68.95
14706,BENIGN,62.79
14707,BENIGN,69.08
14708,BENIGN,69.27
14709,BENIGN,67.94
14710,BENIGN,69.53
14711,BENIGN,69.14
14712,BENIGN,66.92
14713,BENIGN,71.95
14714,BENIGN,71.96
14715,BENIGN,70.56
14716,BENIGN,69.65
14717,BENIGN,70.98
14718,BENIGN,77.6
14719,BENIGN,67.61
14720,BENIGN,72.02
14721,BENIGN,58.43
14722,BENIGN,75.97
14723,BENIGN,72.14
14724,BENIGN,70.03
14725,BENIGN,68.89
14726,BENIGN,69.82
14727,BENIGN,76.56
14728,BENIGN,69.98
14729,BENIGN,78.21
14730,BENIGN,69.03
14731,BENIGN,74.48
14732,BENIGN,70.63
14733,BENIGN,72.81
14734,BENIGN,70.83
14735,BENIGN,70.16
14736,BENIGN,69.61
14737,BENIGN,69.31
14738,BENIGN,69.88
14739,BENIGN,68.34
14740,BENIGN,69.62
14741,BENIGN,70.48
14742,BENIGN,71.65
14743,BENIGN,68.71
14744,BENIGN,75.3
14745,BENIGN,74.75
14746,BENIGN,71.75
14747,BENIGN,100.0
14748,BENIGN,69.8
14749,BENIGN,68.04
14750,BENIGN,77.26
14751,BENIGN,77.35
14752,BENIGN,68.01
14753,BENIGN,70.17
14754,BENIGN,81.32
14755,BENIGN,74.41
14756,BENIGN,68.5
14757,BENIGN,70.3
14758,BENIGN,75.01
14759,BENIGN,77.07
14760,BENIGN,73.38
14761,BENIGN,70.1
14762,BENIGN,70.84
14763,BENIGN,70.73
14764,BENIGN,71.83
14765,BENIGN,71.51
14766,BENIGN,69.91
14767,BENIGN,72.41
14768,BENIGN,79.39
14769,BENIGN,75.87
14770,BENIGN,71.76
14771,BENIGN,70.23
14772,BENIGN,69.43
14773,BENIGN,70.99
14774,BENIGN,70.87
14775,BENIGN,70.69
14776,BENIGN,72.1
14777,BENIGN,71.04
14778,BENIGN,78.45
14779,BENIGN,72.61
14780,BENIGN,69.36
14781,BENIGN,71.22
14782,BENIGN,74.87
14783,BENIGN,71.0
14784,BENIGN,64.91
14785,BENIGN,68.34
14786,BENIGN,69.42
14787,BENIGN,70.09
14788,BENIGN,68.86
14789,BENIGN,71.52
14790,BENIGN,78.19
14791,BENIGN,67.99
14792,BENIGN,68.49
14793,BENIGN,69.38
14794,BENIGN,68.42
14795,BENIGN,69.05
14796,BENIGN,66.02
14797,BENIGN,68.55
14798,BENIGN,77.81
14799,BENIGN,69.77
14800,BENIGN,75.87
14801,BENIGN,72.04
14802,BENIGN,70.0
14803,BENIGN,68.89
14804,BENIGN,69.87
14805,BENIGN,75.47
14806,BENIGN,69.5
14807,BENIGN,71.95
14808,BENIGN,69.34
14809,BENIGN,70.78
14810,BENIGN,71.49
14811,BENIGN,70.05
14812,BENIGN,68.73
14813,BENIGN,68.57
14814,BENIGN,68.96
14815,BENIGN,69.22
14816,BENIGN,70.37
14817,BENIGN,70.99
14818,BENIGN,70.52
14819,BENIGN,69.2
14820,BENIGN,69.6
14821,BENIGN,73.36
14822,BENIGN,72.67
14823,BENIGN,71.47
14824,BENIGN,70.89
14825,BENIGN,74.42
14826,BENIGN,69.5
14827,BENIGN,68.58
14828,BENIGN,68.77
14829,BENIGN,72.28
14830,BENIGN,71.77
14831,BENIGN,69.43
14832,BENIGN,73.74
14833,BENIGN,68.72
14834,BENIGN,74.35
14835,BENIGN,69.86
14836,BENIGN,73.2
14837,BENIGN,70.39
14838,BENIGN,68.9
14839,BENIGN,68.85
14840,BENIGN,74.42
14841,BENIGN,72.91
14842,BENIGN,74.1
14843,BENIGN,70.09
14844,BENIGN,68.92
14845,BENIGN,70.64
14846,BENIGN,70.69
14847,BENIGN,70.92
14848,BENIGN,70.78
14849,BENIGN,71.05
14850,BENIGN,74.2
14851,BENIGN,73.71
14852,BENIGN,69.78
14853,BENIGN,67.93
14854,BENIGN,73.74
14855,BENIGN,69.81
14856,BENIGN,69.23
14857,BENIGN,69.66
14858,BENIGN,70.01
14859,BENIGN,70.51
14860,BENIGN,69.3
14861,BENIGN,69.68
14862,BENIGN,68.54
14863,BENIGN,69.42
14864,BENIGN,72.13
14865,BENIGN,68.33
14866,BENIGN,68.95
14867,BENIGN,70.53
14868,BENIGN,68.28
14869,BENIGN,69.75
14870,BENIGN,69.16
14871,BENIGN,67.84
14872,BENIGN,68.16
14873,BENIGN,68.47
14874,BENIGN,70.5
14875,BENIGN,66.37
14876,BENIGN,70.76
14877,BENIGN,70.57
14878,BENIGN,70.15
14879,BENIGN,69.36
14880,BENIGN,75.19
14881,BENIGN,67.9
14882,BENIGN,67.94
14883,BENIGN,69.58
14884,BENIGN,68.34
14885,BENIGN,70.81
14886,BENIGN,82.98
14887,BENIGN,71.33
14888,BENIGN,69.81
14889,BENIGN,71.18
14890,BENIGN,75.3
14891,BENIGN,74.49
14892,BENIGN,68.69
14893,BENIGN,69.38
14894,BENIGN,68.24
14895,BENIGN,63.77
14896,BENIGN,69.75
14897,BENIGN,69.79
14898,BENIGN,67.72
14899,BENIGN,69.85
14900,BENIGN,73.03
14901,BENIGN,68.87
14902,BENIGN,68.63
14903,BENIGN,72.17
14904,BENIGN,70.15
14905,BENIGN,72.69
14906,BENIGN,68.76
14907,BENIGN,70.34
14908,BENIGN,69.62
14909,BENIGN,70.56
14910,BENIGN,68.45
14911,BENIGN,67.82
14912,BENIGN,68.16
14913,BENIGN,70.91
14914,BENIGN,70.11
14915,BENIGN,69.99
14916,BENIGN,72.78
14917,BENIGN,78.42
14918,ATTACK,74.69
14919,BENIGN,69.43
14920,BENIGN,65.51
14921,BENIGN,68.81
14922,BENIGN,68.76
14923,BENIGN,67.27
14924,BENIGN,73.29
14925,BENIGN,69.45
14926,BENIGN,75.66
14927,BENIGN,70.99
14928,BENIGN,72.21
14929,BENIGN,78.49
14930,BENIGN,68.86
14931,BENIGN,70.14
14932,BENIGN,69.76
14933,BENIGN,68.43
14934,BENIGN,72.51
14935,BENIGN,85.73
14936,BENIGN,70.82
14937,BENIGN,69.36
14938,BENIGN,64.42
14939,BENIGN,69.13
14940,BENIGN,70.32
14941,BENIGN,70.4
14942,BENIGN,70.05
14943,BENIGN,69.87
14944,BENIGN,69.52
14945,BENIGN,69.3
14946,BENIGN,71.75
14947,BENIGN,71.57
14948,BENIGN,71.36
14949,BENIGN,70.52
14950,BENIGN,71.51
14951,BENIGN,69.75
14952,BENIGN,69.62
14953,BENIGN,83.07
14954,BENIGN,71.87
14955,BENIGN,76.14
14956,BENIGN,70.82
14957,BENIGN,69.95
14958,BENIGN,71.33
14959,BENIGN,75.49
14960,BENIGN,69.83
14961,BENIGN,71.43
14962,BENIGN,79.27
14963,BENIGN,69.46
14964,BENIGN,70.31
14965,BENIGN,69.49
14966,BENIGN,72.81
14967,BENIGN,78.47
14968,BENIGN,67.96
14969,BENIGN,69.59
14970,BENIGN,70.9
14971,BENIGN,70.71
14972,BENIGN,73.97
14973,BENIGN,70.63
14974,BENIGN,68.81
14975,BENIGN,68.43
14976,BENIGN,72.32
14977,BENIGN,69.84
14978,BENIGN,71.19
14979,BENIGN,70.67
14980,BENIGN,68.92
14981,BENIGN,70.4
14982,BENIGN,71.05
14983,BENIGN,73.4
14984,BENIGN,75.22
14985,BENIGN,71.94
14986,BENIGN,71.14
14987,BENIGN,70.6
14988,BENIGN,72.31
14989,BENIGN,73.2
14990,BENIGN,76.31
14991,BENIGN,71.65
14992,BENIGN,75.48
14993,BENIGN,70.89
14994,BENIGN,70.9
14995,BENIGN,72.93
14996,BENIGN,73.87
14997,BENIGN,63.94
14998,BENIGN,69.24
14999,BENIGN,70.25
15000,BENIGN,68.78
15001,BENIGN,68.85
15002,BENIGN,67.67
15003,BENIGN,69.57
15004,BENIGN,70.67
15005,BENIGN,69.42
15006,BENIGN,71.0
15007,BENIGN,70.67
15008,BENIGN,71.25
15009,BENIGN,70.73
15010,BENIGN,69.32
15011,BENIGN,72.14
15012,BENIGN,71.08
15013,BENIGN,75.38
15014,BENIGN,68.23
15015,BENIGN,72.79
15016,BENIGN,83.29
15017,BENIGN,72.27
15018,BENIGN,75.29
15019,BENIGN,72.29
15020,BENIGN,71.06
15021,BENIGN,73.36
15022,BENIGN,71.58
15023,BENIGN,70.16
15024,BENIGN,83.17
15025,BENIGN,75.86
15026,BENIGN,70.54
15027,BENIGN,70.6
15028,BENIGN,70.86
15029,BENIGN,75.66
15030,BENIGN,68.95
15031,BENIGN,69.12
15032,BENIGN,68.99
15033,BENIGN,76.18
15034,BENIGN,70.41
15035,BENIGN,67.74
15036,BENIGN,72.03
15037,BENIGN,73.14
15038,BENIGN,70.29
15039,BENIGN,68.94
15040,BENIGN,73.41
15041,BENIGN,69.45
15042,BENIGN,71.86
15043,BENIGN,73.93
15044,BENIGN,67.99
15045,BENIGN,69.04
15046,BENIGN,58.59
15047,BENIGN,73.87
15048,BENIGN,57.06
15049,BENIGN,72.65
15050,BENIGN,68.37
15051,BENIGN,99.99
15052,BENIGN,67.62
15053,BENIGN,77.84
15054,BENIGN,70.33
15055,BENIGN,64.7
15056,BENIGN,69.1
15057,BENIGN,83.3
15058,BENIGN,70.02
15059,BENIGN,69.87
15060,BENIGN,70.4
15061,BENIGN,75.08
15062,BENIGN,73.43
15063,BENIGN,72.04
15064,BENIGN,78.02
15065,BENIGN,79.43
15066,BENIGN,67.88
15067,BENIGN,74.25
15068,BENIGN,70.64
15069,BENIGN,73.29
15070,BENIGN,86.53
15071,BENIGN,65.22
15072,BENIGN,69.78
15073,BENIGN,69.71
15074,BENIGN,91.18
15075,BENIGN,69.02
15076,BENIGN,69.76
15077,BENIGN,73.28
15078,BENIGN,70.37
15079,BENIGN,67.95
15080,BENIGN,70.91
15081,BENIGN,69.5
15082,BENIGN,70.27
15083,BENIGN,69.82
15084,BENIGN,70.07
15085,BENIGN,68.26
15086,BENIGN,69.53
15087,BENIGN,70.74
15088,BENIGN,69.73
15089,BENIGN,66.03
15090,BENIGN,75.1
15091,BENIGN,71.26
15092,BENIGN,69.55
15093,BENIGN,69.81
15094,BENIGN,72.54
15095,BENIGN,68.45
15096,BENIGN,67.86
15097,BENIGN,69.56
15098,BENIGN,61.69
15099,BENIGN,69.99
15100,BENIGN,69.66
15101,BENIGN,67.66
15102,BENIGN,74.61
15103,BENIGN,78.1
15104,BENIGN,67.8
15105,BENIGN,69.84
15106,BENIGN,69.97
15107,BENIGN,68.73
15108,BENIGN,70.1
15109,BENIGN,73.02
15110,BENIGN,70.76
15111,BENIGN,71.16
15112,BENIGN,74.23
15113,BENIGN,68.49
15114,BENIGN,68.45
15115,BENIGN,85.09
15116,BENIGN,99.75
15117,BENIGN,70.19
15118,BENIGN,69.05
15119,BENIGN,69.38
15120,BENIGN,75.95
15121,BENIGN,75.87
15122,BENIGN,70.3
15123,BENIGN,65.34
15124,BENIGN,70.68
15125,BENIGN,65.98
15126,BENIGN,70.48
15127,BENIGN,70.5
15128,BENIGN,70.84
15129,BENIGN,70.79
15130,BENIGN,73.46
15131,BENIGN,66.62
15132,BENIGN,65.29
15133,BENIGN,70.69
15134,BENIGN,69.99
15135,BENIGN,70.46
15136,BENIGN,76.1
15137,BENIGN,69.95
15138,BENIGN,69.74
15139,BENIGN,72.2
15140,BENIGN,71.64
15141,BENIGN,67.81
15142,BENIGN,69.63
15143,BENIGN,72.51
15144,BENIGN,69.64
15145,BENIGN,61.77
15146,BENIGN,72.1
15147,BENIGN,72.52
15148,BENIGN,60.01
15149,BENIGN,60.01
15150,BENIGN,69.03
15151,BENIGN,68.49
15152,BENIGN,72.8
15153,BENIGN,72.55
15154,BENIGN,68.21
15155,BENIGN,73.16
15156,BENIGN,67.89
15157,BENIGN,74.46
15158,BENIGN,74.98
15159,BENIGN,70.61
15160,BENIGN,71.94
15161,BENIGN,71.28
15162,BENIGN,70.27
15163,BENIGN,66.57
15164,BENIGN,72.03
15165,BENIGN,67.59
15166,BENIGN,68.07
15167,BENIGN,69.92
15168,BENIGN,69.44
15169,BENIGN,68.42
15170,BENIGN,79.23
15171,BENIGN,68.68
15172,BENIGN,73.88
15173,BENIGN,75.86
15174,BENIGN,69.67
15175,BENIGN,79.29
15176,BENIGN,70.73
15177,BENIGN,72.49
15178,BENIGN,68.6
15179,BENIGN,71.36
15180,BENIGN,70.92
15181,BENIGN,73.05
15182,BENIGN,70.92
15183,BENIGN,71.16
15184,BENIGN,69.36
15185,BENIGN,70.18
15186,BENIGN,65.1
15187,BENIGN,68.65
15188,BENIGN,68.74
15189,BENIGN,72.64
15190,BENIGN,70.46
15191,BENIGN,71.57
15192,BENIGN,71.24
15193,BENIGN,73.38
15194,BENIGN,71.61
15195,BENIGN,71.9
15196,BENIGN,70.83
15197,BENIGN,68.89
15198,BENIGN,70.66
15199,BENIGN,71.94
15200,BENIGN,72.0
15201,BENIGN,69.91
15202,BENIGN,69.56
15203,BENIGN,68.41
15204,BENIGN,68.9
15205,BENIGN,71.66
15206,BENIGN,70.34
15207,BENIGN,72.65
15208,BENIGN,69.53
15209,BENIGN,69.04
15210,BENIGN,79.4
15211,BENIGN,70.37
15212,BENIGN,70.53
15213,BENIGN,72.87
15214,BENIGN,69.28
15215,BENIGN,72.46
15216,BENIGN,76.4
15217,BENIGN,72.95
15218,BENIGN,70.36
15219,BENIGN,72.82
15220,BENIGN,70.09
15221,BENIGN,69.03
15222,BENIGN,69.51
15223,BENIGN,71.19
15224,BENIGN,69.48
15225,BENIGN,71.3
15226,BENIGN,71.11
15227,BENIGN,71.84
15228,BENIGN,71.37
15229,BENIGN,69.08
15230,BENIGN,68.5
15231,BENIGN,67.3
15232,BENIGN,70.72
15233,BENIGN,73.05
15234,BENIGN,67.33
15235,BENIGN,74.16
15236,BENIGN,68.63
15237,BENIGN,70.76
15238,BENIGN,70.42
15239,BENIGN,67.58
15240,BENIGN,69.1
15241,BENIGN,71.37
15242,BENIGN,67.68
15243,BENIGN,71.16
15244,BENIGN,67.73
15245,BENIGN,71.55
15246,BENIGN,71.32
15247,BENIGN,70.96
15248,BENIGN,69.49
15249,BENIGN,72.49
15250,BENIGN,72.02
15251,BENIGN,70.04
15252,BENIGN,70.53
15253,BENIGN,69.08
15254,BENIGN,58.84
15255,BENIGN,71.36
15256,BENIGN,66.72
15257,BENIGN,69.03
15258,BENIGN,71.52
15259,BENIGN,68.36
15260,BENIGN,76.39
15261,BENIGN,68.69
15262,BENIGN,68.15
15263,BENIGN,67.63
15264,BENIGN,67.83
15265,BENIGN,70.0
15266,BENIGN,72.13
15267,BENIGN,69.02
15268,BENIGN,75.07
15269,BENIGN,70.19
15270,BENIGN,77.19
15271,BENIGN,74.39
15272,BENIGN,75.17
15273,BENIGN,69.46
15274,BENIGN,68.3
15275,BENIGN,70.55
15276,BENIGN,71.35
15277,BENIGN,71.92
15278,BENIGN,71.35
15279,BENIGN,71.06
15280,BENIGN,75.47
15281,BENIGN,70.21
15282,BENIGN,74.93
15283,BENIGN,71.33
15284,BENIGN,70.92
15285,BENIGN,69.68
15286,BENIGN,71.2
15287,BENIGN,69.6
15288,BENIGN,68.47
15289,BENIGN,69.57
15290,BENIGN,69.1
15291,BENIGN,71.3
15292,BENIGN,73.52
15293,BENIGN,65.62
15294,BENIGN,69.2
15295,BENIGN,69.18
15296,BENIGN,73.42
15297,BENIGN,67.55
15298,BENIGN,72.01
15299,BENIGN,71.92
15300,BENIGN,69.52
15301,BENIGN,75.49
15302,BENIGN,69.2
15303,BENIGN,74.98
15304,BENIGN,69.77
15305,BENIGN,68.64
15306,BENIGN,70.09
15307,BENIGN,72.32
15308,BENIGN,70.92
15309,BENIGN,73.55
15310,BENIGN,69.29
15311,BENIGN,69.9
15312,BENIGN,70.66
15313,BENIGN,71.76
15314,BENIGN,69.0
15315,BENIGN,63.94
15316,BENIGN,72.2
15317,BENIGN,71.51
15318,BENIGN,71.89
15319,BENIGN,69.32
15320,BENIGN,74.19
15321,BENIGN,71.98
15322,BENIGN,66.55
15323,BENIGN,68.31
15324,BENIGN,69.98
15325,BENIGN,69.58
15326,BENIGN,75.59
15327,BENIGN,76.11
15328,BENIGN,69.44
15329,BENIGN,73.16
15330,BENIGN,68.99
15331,BENIGN,71.17
15332,BENIGN,74.48
15333,BENIGN,70.99
15334,BENIGN,70.66
15335,BENIGN,73.72
15336,BENIGN,82.75
15337,BENIGN,68.6
15338,BENIGN,71.7
15339,BENIGN,69.57
15340,BENIGN,71.4
15341,BENIGN,68.51
15342,BENIGN,73.99
15343,BENIGN,71.25
15344,BENIGN,72.36
15345,BENIGN,65.52
15346,BENIGN,67.1
15347,BENIGN,69.85
15348,BENIGN,70.74
15349,BENIGN,68.66
15350,BENIGN,68.62
15351,BENIGN,69.84
15352,BENIGN,69.4
15353,BENIGN,71.74
15354,BENIGN,69.37
15355,BENIGN,69.67
15356,BENIGN,68.36
15357,BENIGN,67.49
15358,BENIGN,68.6
15359,BENIGN,66.42
15360,BENIGN,72.34
15361,BENIGN,69.26
15362,BENIGN,66.51
15363,BENIGN,71.6
15364,BENIGN,69.41
15365,BENIGN,74.11
15366,BENIGN,71.17
15367,BENIGN,79.25
15368,BENIGN,71.48
15369,BENIGN,83.19
15370,BENIGN,69.22
15371,BENIGN,69.89
15372,BENIGN,69.77
15373,BENIGN,71.35
15374,BENIGN,72.65
15375,BENIGN,71.05
15376,BENIGN,69.08
15377,BENIGN,74.13
15378,BENIGN,70.81
15379,BENIGN,70.39
15380,BENIGN,76.83
15381,BENIGN,65.18
15382,BENIGN,71.06
15383,BENIGN,72.34
15384,BENIGN,67.47
15385,BENIGN,69.94
15386,BENIGN,72.5
15387,BENIGN,70.76
15388,BENIGN,69.45
15389,BENIGN,74.42
15390,BENIGN,69.93
15391,BENIGN,69.48
15392,BENIGN,69.81
15393,BENIGN,69.49
15394,BENIGN,69.5
15395,BENIGN,70.22
15396,BENIGN,71.45
15397,BENIGN,67.74
15398,BENIGN,71.48
15399,BENIGN,70.29
15400,BENIGN,71.59
15401,BENIGN,68.77
15402,BENIGN,68.98
15403,BENIGN,69.99
15404,BENIGN,68.62
15405,BENIGN,70.69
15406,BENIGN,75.62
15407,BENIGN,70.33
15408,BENIGN,69.87
15409,BENIGN,69.92
15410,BENIGN,68.47
15411,BENIGN,70.29
15412,BENIGN,80.29
15413,BENIGN,80.25
15414,BENIGN,70.31
15415,BENIGN,70.04
15416,BENIGN,68.67
15417,BENIGN,68.92
15418,BENIGN,71.49
15419,BENIGN,70.15
15420,BENIGN,72.01
15421,BENIGN,69.28
15422,BENIGN,70.71
15423,BENIGN,66.63
15424,BENIGN,69.76
15425,BENIGN,68.44
15426,BENIGN,70.27
15427,BENIGN,70.16
15428,BENIGN,70.51
15429,BENIGN,70.46
15430,BENIGN,69.81
15431,BENIGN,74.69
15432,BENIGN,74.51
15433,BENIGN,71.99
15434,BENIGN,72.36
15435,BENIGN,71.89
15436,BENIGN,69.73
15437,BENIGN,74.27
15438,BENIGN,72.01
15439,BENIGN,70.56
15440,BENIGN,69.1
15441,BENIGN,70.09
15442,BENIGN,77.92
15443,BENIGN,81.17
15444,BENIGN,70.26
15445,BENIGN,68.67
15446,BENIGN,70.5
15447,BENIGN,67.3
15448,BENIGN,70.62
15449,BENIGN,69.21
15450,BENIGN,71.77
15451,BENIGN,71.88
15452,BENIGN,70.28
15453,BENIGN,73.21
15454,BENIGN,70.72
15455,BENIGN,71.42
15456,BENIGN,73.01
15457,BENIGN,69.55
15458,BENIGN,67.04
15459,BENIGN,67.21
15460,BENIGN,67.92
15461,BENIGN,68.87
15462,BENIGN,68.71
15463,BENIGN,68.48
15464,BENIGN,71.81
15465,BENIGN,69.61
15466,BENIGN,59.86
15467,BENIGN,70.32
15468,BENIGN,72.5
15469,BENIGN,77.7
15470,BENIGN,69.0
15471,BENIGN,70.8
15472,BENIGN,74.83
15473,BENIGN,74.87
15474,BENIGN,75.73
15475,BENIGN,66.95
15476,BENIGN,73.49
15477,BENIGN,69.52
15478,BENIGN,68.35
15479,BENIGN,66.89
15480,BENIGN,68.84
15481,BENIGN,68.6
15482,BENIGN,74.89
15483,BENIGN,69.87
15484,BENIGN,72.04
15485,BENIGN,68.93
15486,BENIGN,71.65
15487,BENIGN,74.39
15488,BENIGN,69.69
15489,BENIGN,71.08
15490,BENIGN,71.34
15491,BENIGN,72.12
15492,BENIGN,68.73
15493,BENIGN,68.7
15494,BENIGN,75.92
15495,BENIGN,72.5
15496,BENIGN,72.09
15497,BENIGN,70.17
15498,BENIGN,70.05
15499,BENIGN,72.69
15500,BENIGN,71.01
15501,BENIGN,71.18
15502,BENIGN,68.83
15503,BENIGN,71.19
15504,BENIGN,78.3
15505,BENIGN,74.57
15506,BENIGN,73.73
15507,BENIGN,70.07
15508,BENIGN,69.11
15509,BENIGN,68.68
15510,BENIGN,70.59
15511,BENIGN,69.3
15512,BENIGN,67.34
15513,BENIGN,68.77
15514,BENIGN,70.96
15515,BENIGN,70.42
15516,BENIGN,81.05
15517,BENIGN,77.3
15518,BENIGN,69.61
15519,BENIGN,69.97
15520,BENIGN,66.27
15521,BENIGN,77.68
15522,BENIGN,70.13
15523,BENIGN,72.06
15524,BENIGN,68.56
15525,BENIGN,69.18
15526,BENIGN,73.14
15527,BENIGN,69.85
15528,BENIGN,71.02
15529,BENIGN,71.89
15530,BENIGN,69.59
15531,BENIGN,73.04
15532,BENIGN,69.38
15533,BENIGN,84.41
15534,BENIGN,75.57
15535,BENIGN,67.48
15536,BENIGN,68.94
15537,BENIGN,70.5
15538,BENIGN,68.86
15539,BENIGN,68.98
15540,BENIGN,77.55
15541,BENIGN,67.67
15542,BENIGN,70.09
15543,BENIGN,70.07
15544,BENIGN,68.93
15545,BENIGN,67.64
15546,BENIGN,82.6
15547,BENIGN,62.62
15548,BENIGN,69.63
15549,BENIGN,67.59
15550,BENIGN,74.47
15551,BENIGN,67.78
15552,BENIGN,69.24
15553,BENIGN,75.18
15554,BENIGN,69.33
15555,BENIGN,68.01
15556,BENIGN,68.41
15557,BENIGN,72.93
15558,BENIGN,68.35
15559,BENIGN,67.99
15560,BENIGN,68.39
15561,BENIGN,71.51
15562,BENIGN,71.0
15563,BENIGN,69.06
15564,BENIGN,68.22
15565,BENIGN,67.74
15566,BENIGN,70.13
15567,BENIGN,69.26
15568,BENIGN,94.98
15569,BENIGN,74.61
15570,BENIGN,74.66
15571,BENIGN,70.68
15572,BENIGN,67.09
15573,BENIGN,68.3
15574,BENIGN,69.58
15575,BENIGN,69.07
15576,BENIGN,71.14
15577,BENIGN,71.37
15578,BENIGN,69.75
15579,BENIGN,68.37
15580,BENIGN,67.1
15581,BENIGN,70.62
15582,BENIGN,70.38
15583,BENIGN,67.21
15584,BENIGN,79.89
15585,BENIGN,69.41
15586,BENIGN,68.51
15587,BENIGN,68.0
15588,BENIGN,67.51
15589,BENIGN,68.57
15590,BENIGN,69.58
15591,BENIGN,69.54
15592,BENIGN,69.46
15593,BENIGN,69.06
15594,BENIGN,68.35
15595,BENIGN,69.62
15596,BENIGN,71.02
15597,BENIGN,68.35
15598,BENIGN,73.11
15599,BENIGN,68.42
15600,BENIGN,73.65
15601,BENIGN,73.45
15602,BENIGN,72.88
15603,BENIGN,69.94
15604,BENIGN,68.77
15605,BENIGN,68.75
15606,BENIGN,70.34
15607,BENIGN,56.27
15608,BENIGN,68.2
15609,BENIGN,70.9
15610,BENIGN,70.58
15611,BENIGN,67.18
15612,BENIGN,71.01
15613,BENIGN,68.43
15614,BENIGN,76.28
15615,BENIGN,73.05
15616,BENIGN,86.56
15617,BENIGN,71.98
15618,BENIGN,70.55
15619,BENIGN,70.84
15620,BENIGN,71.16
15621,BENIGN,75.69
15622,BENIGN,72.13
15623,BENIGN,70.02
15624,BENIGN,70.72
15625,BENIGN,70.19
15626,BENIGN,75.47
15627,BENIGN,71.19
15628,BENIGN,69.27
15629,BENIGN,71.43
15630,BENIGN,64.44
15631,BENIGN,71.78
15632,BENIGN,70.03
15633,BENIGN,74.44
15634,BENIGN,71.46
15635,BENIGN,68.62
15636,BENIGN,68.61
15637,BENIGN,69.73
15638,BENIGN,71.75
15639,BENIGN,72.2
15640,BENIGN,70.39
15641,BENIGN,70.28
15642,BENIGN,69.65
15643,BENIGN,69.51
15644,BENIGN,70.12
15645,BENIGN,70.65
15646,BENIGN,71.51
15647,BENIGN,76.85
15648,BENIGN,67.67
15649,BENIGN,67.57
15650,BENIGN,73.17
15651,BENIGN,67.83
15652,BENIGN,76.27
15653,BENIGN,68.52
15654,BENIGN,79.26
15655,BENIGN,67.94
15656,BENIGN,68.99
15657,BENIGN,68.19
15658,BENIGN,69.18
15659,BENIGN,68.31
15660,BENIGN,68.38
15661,BENIGN,68.21
15662,BENIGN,71.4
15663,BENIGN,67.52
15664,BENIGN,68.46
15665,BENIGN,68.13
15666,BENIGN,67.44
15667,BENIGN,68.69
15668,BENIGN,71.8
15669,BENIGN,69.07
15670,BENIGN,68.07
15671,BENIGN,68.84
15672,BENIGN,77.94
15673,BENIGN,69.41
15674,BENIGN,68.54
15675,BENIGN,66.29
15676,BENIGN,69.65
15677,BENIGN,78.99
15678,BENIGN,68.85
15679,BENIGN,68.87
15680,BENIGN,69.27
15681,BENIGN,68.85
15682,BENIGN,69.8
15683,BENIGN,69.85
15684,BENIGN,81.32
15685,BENIGN,70.07
15686,BENIGN,67.97
15687,BENIGN,71.85
15688,BENIGN,70.78
15689,BENIGN,68.57
15690,BENIGN,68.0
15691,BENIGN,69.14
15692,BENIGN,71.19
15693,BENIGN,70.22
15694,BENIGN,70.27
15695,BENIGN,72.03
15696,BENIGN,72.0
15697,BENIGN,70.63
15698,BENIGN,73.87
15699,BENIGN,72.71
15700,BENIGN,68.06
15701,BENIGN,83.0
15702,BENIGN,72.67
15703,BENIGN,69.51
15704,BENIGN,69.16
15705,BENIGN,67.46
15706,BENIGN,79.14
15707,BENIGN,68.58
15708,BENIGN,67.82
15709,BENIGN,71.01
15710,BENIGN,68.79
15711,BENIGN,69.85
15712,BENIGN,69.83
15713,BENIGN,72.93
15714,BENIGN,70.7
15715,BENIGN,70.67
15716,BENIGN,69.2
15717,BENIGN,68.86
15718,BENIGN,69.85
15719,BENIGN,72.41
15720,BENIGN,70.31
15721,BENIGN,73.49
15722,BENIGN,68.15
15723,BENIGN,70.05
15724,BENIGN,67.22
15725,BENIGN,69.66
15726,BENIGN,74.14
15727,BENIGN,71.09
15728,BENIGN,71.21
15729,BENIGN,68.97
15730,BENIGN,68.97
15731,BENIGN,70.5
15732,BENIGN,64.52
15733,BENIGN,71.71
15734,BENIGN,69.55
15735,BENIGN,68.02
15736,BENIGN,65.84
15737,BENIGN,77.46
15738,BENIGN,74.91
15739,BENIGN,70.13
15740,BENIGN,68.61
15741,BENIGN,69.12
15742,BENIGN,67.11
15743,BENIGN,71.19
15744,BENIGN,68.94
15745,BENIGN,69.41
15746,BENIGN,70.0
15747,BENIGN,69.72
15748,BENIGN,74.03
15749,BENIGN,72.49
15750,BENIGN,70.45
15751,BENIGN,72.38
15752,BENIGN,69.31
15753,BENIGN,75.34
15754,BENIGN,72.31
15755,BENIGN,70.58
15756,BENIGN,70.36
15757,BENIGN,76.86
15758,BENIGN,69.35
15759,BENIGN,68.75
15760,BENIGN,68.59
15761,BENIGN,73.05
15762,BENIGN,66.32
15763,BENIGN,71.1
15764,BENIGN,72.62
15765,BENIGN,68.69
15766,BENIGN,69.6
15767,BENIGN,77.34
15768,BENIGN,69.77
15769,BENIGN,67.6
15770,BENIGN,68.45
15771,BENIGN,69.6
15772,BENIGN,71.32
15773,BENIGN,70.61
15774,BENIGN,66.2
15775,BENIGN,72.66
15776,BENIGN,68.73
15777,BENIGN,82.88
15778,BENIGN,68.92
15779,BENIGN,69.7
15780,BENIGN,69.86
15781,BENIGN,69.58
15782,BENIGN,71.86
15783,BENIGN,72.05
15784,BENIGN,71.17
15785,BENIGN,75.03
15786,BENIGN,70.17
15787,BENIGN,71.13
15788,BENIGN,82.22
15789,BENIGN,74.49
15790,BENIGN,75.63
15791,BENIGN,68.29
15792,BENIGN,68.4
15793,BENIGN,73.46
15794,BENIGN,69.04
15795,BENIGN,82.8
15796,BENIGN,74.29
15797,BENIGN,69.36
15798,BENIGN,68.24
15799,BENIGN,68.84
15800,BENIGN,74.25
15801,BENIGN,69.38
15802,BENIGN,70.21
15803,BENIGN,71.03
15804,BENIGN,71.12
15805,BENIGN,69.29
15806,BENIGN,71.46
15807,BENIGN,69.21
15808,BENIGN,68.59
15809,BENIGN,77.07
15810,BENIGN,78.01
15811,BENIGN,82.67
15812,BENIGN,72.59
15813,BENIGN,69.88
15814,BENIGN,72.54
15815,BENIGN,68.23
15816,BENIGN,65.28
15817,BENIGN,71.33
15818,BENIGN,70.13
15819,BENIGN,71.66
15820,BENIGN,70.15
15821,BENIGN,71.23
15822,BENIGN,69.06
15823,BENIGN,79.03
15824,BENIGN,73.27
15825,BENIGN,71.45
15826,BENIGN,69.02
15827,BENIGN,69.62
15828,BENIGN,71.91
15829,BENIGN,70.66
15830,BENIGN,69.63
15831,BENIGN,67.94
15832,BENIGN,70.23
15833,BENIGN,73.63
15834,BENIGN,72.07
15835,BENIGN,70.14
15836,BENIGN,70.08
15837,BENIGN,79.61
15838,BENIGN,77.7
15839,BENIGN,71.45
15840,BENIGN,71.58
15841,BENIGN,69.62
15842,BENIGN,74.37
15843,BENIGN,70.35
15844,BENIGN,74.67
15845,BENIGN,78.42
15846,BENIGN,70.72
15847,BENIGN,69.86
15848,BENIGN,70.48
15849,BENIGN,76.49
15850,BENIGN,69.74
15851,BENIGN,70.9
15852,BENIGN,79.44
15853,BENIGN,75.41
15854,BENIGN,70.0
15855,BENIGN,74.74
15856,BENIGN,70.05
15857,BENIGN,67.95
15858,BENIGN,68.53
15859,BENIGN,67.16
15860,BENIGN,68.79
15861,BENIGN,68.51
15862,BENIGN,70.38
15863,BENIGN,77.14
15864,BENIGN,68.09
15865,BENIGN,69.45
15866,BENIGN,68.71
15867,BENIGN,67.63
15868,BENIGN,73.0
15869,BENIGN,71.34
15870,BENIGN,74.41
15871,BENIGN,68.44
15872,BENIGN,71.78
15873,BENIGN,70.32
15874,BENIGN,67.73
15875,BENIGN,76.15
15876,BENIGN,67.81
15877,BENIGN,67.0
15878,BENIGN,69.98
15879,BENIGN,73.23
15880,BENIGN,72.64
15881,BENIGN,70.68
15882,BENIGN,71.0
15883,BENIGN,71.97
15884,BENIGN,71.24
15885,BENIGN,68.69
15886,BENIGN,67.35
15887,BENIGN,67.39
15888,BENIGN,70.88
15889,BENIGN,68.17
15890,BENIGN,82.55
15891,BENIGN,70.23
15892,BENIGN,71.61
15893,BENIGN,70.69
15894,BENIGN,68.48
15895,BENIGN,69.01
15896,BENIGN,70.05
15897,BENIGN,70.59
15898,BENIGN,69.79
15899,BENIGN,70.06
15900,BENIGN,72.2
15901,BENIGN,68.61
15902,BENIGN,74.43
15903,BENIGN,68.58
15904,BENIGN,70.56
15905,BENIGN,68.53
15906,BENIGN,72.32
15907,BENIGN,69.29
15908,BENIGN,64.06
15909,BENIGN,64.88
15910,BENIGN,69.92
15911,BENIGN,76.84
15912,BENIGN,70.63
15913,BENIGN,70.01
15914,BENIGN,68.91
15915,BENIGN,72.18
15916,BENIGN,70.47
15917,BENIGN,67.42
15918,BENIGN,71.03
15919,BENIGN,69.32
15920,BENIGN,83.99
15921,BENIGN,71.27
15922,BENIGN,77.82
15923,BENIGN,77.12
15924,BENIGN,68.26
15925,BENIGN,73.44
15926,BENIGN,69.42
15927,BENIGN,68.81
15928,BENIGN,67.88
15929,BENIGN,70.08
15930,BENIGN,74.67
15931,BENIGN,69.33
15932,BENIGN,72.24
15933,BENIGN,84.32
15934,BENIGN,69.27
15935,BENIGN,69.93
15936,BENIGN,67.97
15937,BENIGN,71.01
15938,BENIGN,72.13
15939,BENIGN,70.86
15940,BENIGN,72.84
15941,BENIGN,70.75
15942,BENIGN,70.76
15943,BENIGN,73.25
15944,BENIGN,69.67
15945,BENIGN,70.77
15946,BENIGN,71.92
15947,BENIGN,72.42
15948,BENIGN,71.2
15949,BENIGN,69.34
15950,BENIGN,62.63
15951,BENIGN,71.95
15952,BENIGN,73.8
15953,BENIGN,73.97
15954,BENIGN,71.56
15955,BENIGN,70.38
15956,BENIGN,68.69
15957,BENIGN,68.74
15958,BENIGN,70.74
15959,BENIGN,72.19
15960,BENIGN,68.31
15961,BENIGN,71.22
15962,BENIGN,68.99
15963,BENIGN,70.87
15964,BENIGN,69.5
15965,BENIGN,70.3
15966,BENIGN,69.84
15967,BENIGN,69.83
15968,BENIGN,69.91
15969,BENIGN,75.96
15970,BENIGN,70.49
15971,BENIGN,69.37
15972,BENIGN,73.8
15973,BENIGN,73.65
15974,BENIGN,75.45
15975,BENIGN,77.14
15976,BENIGN,77.47
15977,BENIGN,75.53
15978,BENIGN,70.19
15979,BENIGN,74.11
15980,BENIGN,69.66
15981,BENIGN,69.8
15982,BENIGN,69.22
15983,BENIGN,73.33
15984,BENIGN,70.41
15985,BENIGN,74.28
15986,BENIGN,78.02
15987,BENIGN,69.97
15988,BENIGN,69.63
15989,BENIGN,70.64
15990,BENIGN,68.84
15991,BENIGN,71.92
15992,BENIGN,71.84
15993,BENIGN,66.56
15994,BENIGN,69.53
15995,BENIGN,67.75
15996,BENIGN,67.95
15997,BENIGN,70.45
15998,BENIGN,68.31
15999,BENIGN,69.45
16000,BENIGN,71.42
16001,BENIGN,71.57
16002,BENIGN,68.48
16003,BENIGN,77.92
16004,BENIGN,83.19
16005,BENIGN,67.93
16006,BENIGN,88.36
16007,BENIGN,78.01
16008,BENIGN,78.17
16009,BENIGN,82.97
16010,BENIGN,78.26
16011,BENIGN,69.62
16012,BENIGN,68.42
16013,BENIGN,67.31
16014,BENIGN,72.49
16015,BENIGN,69.52
16016,BENIGN,68.97
16017,BENIGN,68.75
16018,BENIGN,68.17
16019,BENIGN,67.59
16020,BENIGN,68.27
16021,BENIGN,70.66
16022,BENIGN,69.07
16023,BENIGN,69.31
16024,BENIGN,67.48
16025,BENIGN,72.09
16026,BENIGN,67.43
16027,BENIGN,69.98
16028,BENIGN,73.4
16029,BENIGN,67.56
16030,BENIGN,68.0
16031,BENIGN,67.41
16032,BENIGN,67.23
16033,BENIGN,67.64
16034,BENIGN,67.44
16035,BENIGN,67.35
16036,BENIGN,67.22
16037,BENIGN,65.12
16038,BENIGN,65.58
16039,BENIGN,67.49
16040,BENIGN,67.47
16041,BENIGN,67.3
16042,BENIGN,64.34
16043,BENIGN,67.24
16044,BENIGN,67.28
16045,BENIGN,68.12
16046,BENIGN,67.32
16047,BENIGN,67.49
16048,BENIGN,67.54
16049,BENIGN,67.45
16050,BENIGN,68.37
16051,BENIGN,70.04
16052,BENIGN,75.09
16053,BENIGN,69.7
16054,BENIGN,64.19
16055,BENIGN,68.27
16056,BENIGN,71.6
16057,BENIGN,69.05
16058,BENIGN,68.69
16059,BENIGN,69.03
16060,BENIGN,67.47
16061,BENIGN,70.9
16062,BENIGN,68.44
16063,BENIGN,73.25
16064,BENIGN,68.61
16065,BENIGN,69.03
16066,BENIGN,67.7
16067,BENIGN,69.35
16068,BENIGN,79.66
16069,BENIGN,65.9
16070,BENIGN,79.77
16071,BENIGN,79.77
16072,BENIGN,79.82
16073,BENIGN,79.66
16074,BENIGN,82.9
16075,BENIGN,79.55
16076,BENIGN,80.07
16077,BENIGN,68.37
16078,BENIGN,67.5
16079,BENIGN,62.34
16080,BENIGN,70.5
16081,BENIGN,76.19
16082,BENIGN,72.28
16083,BENIGN,68.61
16084,BENIGN,71.73
16085,BENIGN,72.44
16086,BENIGN,72.46
16087,BENIGN,69.29
16088,BENIGN,70.5
16089,BENIGN,68.66
16090,BENIGN,71.17
16091,BENIGN,73.44
16092,BENIGN,82.89
16093,BENIGN,68.41
16094,BENIGN,73.8
16095,BENIGN,67.68
16096,BENIGN,69.64
16097,BENIGN,71.56
16098,BENIGN,67.28
16099,BENIGN,69.62
16100,BENIGN,69.77
16101,BENIGN,68.64
16102,BENIGN,77.56
16103,BENIGN,76.15
16104,BENIGN,69.74
16105,BENIGN,70.45
16106,BENIGN,72.77
16107,BENIGN,83.07
16108,BENIGN,68.86
16109,BENIGN,69.78
16110,BENIGN,68.74
16111,BENIGN,76.14
16112,BENIGN,73.3
16113,BENIGN,70.41
16114,BENIGN,82.7
16115,BENIGN,71.11
16116,BENIGN,73.47
16117,BENIGN,99.92
16118,BENIGN,75.57
16119,BENIGN,67.62
16120,BENIGN,71.12
16121,BENIGN,68.81
16122,BENIGN,67.98
16123,BENIGN,69.51
16124,BENIGN,69.16
16125,BENIGN,69.6
16126,BENIGN,74.74
16127,BENIGN,73.58
16128,BENIGN,69.01
16129,BENIGN,69.43
16130,BENIGN,67.68
16131,BENIGN,69.26
16132,BENIGN,82.6
16133,BENIGN,70.49
16134,BENIGN,70.87
16135,BENIGN,70.79
16136,BENIGN,69.87
16137,BENIGN,69.38
16138,BENIGN,68.25
16139,BENIGN,75.79
16140,BENIGN,69.01
16141,BENIGN,70.14
16142,BENIGN,68.36
16143,BENIGN,75.48
16144,BENIGN,68.68
16145,BENIGN,68.29
16146,BENIGN,69.78
16147,BENIGN,72.04
16148,BENIGN,69.02
16149,BENIGN,68.29
16150,BENIGN,71.42
16151,BENIGN,66.31
16152,BENIGN,63.38
16153,BENIGN,71.41
16154,BENIGN,87.29
16155,BENIGN,72.45
16156,BENIGN,79.63
16157,BENIGN,75.95
16158,BENIGN,69.32
16159,BENIGN,70.61
16160,BENIGN,69.58
16161,BENIGN,71.49
16162,BENIGN,69.39
16163,BENIGN,74.81
16164,BENIGN,83.07
16165,BENIGN,72.57
16166,BENIGN,69.37
16167,BENIGN,69.19
16168,BENIGN,67.81
16169,BENIGN,71.68
16170,BENIGN,67.94
16171,BENIGN,74.2
16172,BENIGN,77.51
16173,BENIGN,75.01
16174,BENIGN,73.66
16175,BENIGN,73.18
16176,BENIGN,72.7
16177,BENIGN,68.9
16178,BENIGN,69.13
16179,BENIGN,68.7
16180,BENIGN,69.55
16181,BENIGN,81.78
16182,BENIGN,69.03
16183,BENIGN,73.18
16184,BENIGN,73.08
16185,BENIGN,70.31
16186,BENIGN,69.92
16187,BENIGN,70.86
16188,BENIGN,68.69
16189,BENIGN,72.85
16190,BENIGN,69.24
16191,BENIGN,76.74
16192,BENIGN,69.04
16193,BENIGN,77.62
16194,BENIGN,73.26
16195,BENIGN,69.63
16196,BENIGN,76.25
16197,BENIGN,75.06
16198,BENIGN,77.45
16199,BENIGN,77.68
16200,BENIGN,92.78
16201,BENIGN,63.27
16202,BENIGN,71.21
16203,BENIGN,69.56
16204,BENIGN,73.24
16205,BENIGN,66.37
16206,BENIGN,69.0
16207,BENIGN,68.71
16208,BENIGN,68.74
16209,BENIGN,69.93
16210,BENIGN,71.11
16211,BENIGN,67.51
16212,BENIGN,69.52
16213,BENIGN,70.31
16214,BENIGN,72.94
16215,BENIGN,82.85
16216,BENIGN,74.7
16217,BENIGN,69.63
16218,BENIGN,69.09
16219,BENIGN,83.69
16220,BENIGN,73.12
16221,BENIGN,71.31
16222,BENIGN,69.58
16223,BENIGN,80.57
16224,BENIGN,72.97
16225,BENIGN,72.76
16226,BENIGN,69.39
16227,BENIGN,74.53
16228,BENIGN,72.19
16229,BENIGN,69.58
16230,BENIGN,68.98
16231,BENIGN,71.36
16232,BENIGN,73.32
16233,BENIGN,69.57
16234,BENIGN,77.48
16235,BENIGN,76.36
16236,BENIGN,70.24
16237,BENIGN,70.74
16238,BENIGN,68.36
16239,BENIGN,70.27
16240,BENIGN,70.01
16241,BENIGN,75.35
16242,BENIGN,69.65
16243,BENIGN,75.82
16244,BENIGN,71.58
16245,BENIGN,69.56
16246,BENIGN,71.05
16247,BENIGN,72.38
16248,BENIGN,70.78
16249,BENIGN,71.14
16250,BENIGN,67.28
16251,BENIGN,71.88
16252,BENIGN,70.25
16253,BENIGN,69.29
16254,BENIGN,70.1
16255,BENIGN,70.12
16256,BENIGN,70.07
16257,BENIGN,69.89
16258,BENIGN,67.92
16259,BENIGN,68.0
16260,BENIGN,81.39
16261,BENIGN,68.73
16262,BENIGN,67.68
16263,BENIGN,72.95
16264,BENIGN,70.75
16265,BENIGN,68.27
16266,BENIGN,69.8
16267,BENIGN,69.94
16268,BENIGN,74.41
16269,BENIGN,71.78
16270,BENIGN,82.74
16271,BENIGN,69.24
16272,BENIGN,71.21
16273,BENIGN,70.37
16274,BENIGN,69.0
16275,BENIGN,64.54
16276,BENIGN,71.18
16277,BENIGN,69.3
16278,BENIGN,69.99
16279,BENIGN,68.25
16280,BENIGN,81.83
16281,BENIGN,71.79
16282,BENIGN,80.15
16283,BENIGN,75.54
16284,BENIGN,67.84
16285,BENIGN,70.83
16286,BENIGN,70.49
16287,BENIGN,67.93
16288,BENIGN,74.9
16289,BENIGN,69.47
16290,BENIGN,71.08
16291,BENIGN,69.5
16292,BENIGN,70.11
16293,BENIGN,69.83
16294,BENIGN,68.28
16295,BENIGN,69.11
16296,BENIGN,72.32
16297,BENIGN,72.35
16298,BENIGN,72.1
16299,BENIGN,70.24
16300,BENIGN,73.13
16301,BENIGN,87.47
16302,BENIGN,68.01
16303,BENIGN,78.24
16304,BENIGN,68.95
16305,BENIGN,71.28
16306,BENIGN,71.62
16307,BENIGN,69.02
16308,BENIGN,70.82
16309,BENIGN,71.39
16310,BENIGN,70.04
16311,BENIGN,70.72
16312,BENIGN,71.25
16313,BENIGN,71.19
16314,BENIGN,68.25
16315,BENIGN,73.5
16316,BENIGN,67.57
16317,BENIGN,69.82
16318,BENIGN,68.54
16319,BENIGN,76.17
16320,BENIGN,69.31
16321,BENIGN,68.75
16322,BENIGN,76.18
16323,BENIGN,69.48
16324,BENIGN,70.62
16325,BENIGN,69.43
16326,BENIGN,72.23
16327,BENIGN,80.48
16328,BENIGN,73.55
16329,BENIGN,75.51
16330,BENIGN,72.34
16331,BENIGN,70.81
16332,BENIGN,70.33
16333,BENIGN,70.1
16334,BENIGN,68.79
16335,BENIGN,68.9
16336,BENIGN,67.86
16337,BENIGN,79.34
16338,BENIGN,73.2
16339,BENIGN,69.6
16340,BENIGN,71.59
16341,BENIGN,70.6
16342,BENIGN,75.74
16343,BENIGN,74.84
16344,BENIGN,72.6
16345,BENIGN,76.63
16346,BENIGN,69.76
16347,BENIGN,68.2
16348,BENIGN,69.3
16349,BENIGN,69.81
16350,BENIGN,68.95
16351,BENIGN,68.17
16352,BENIGN,71.78
16353,BENIGN,69.85
16354,BENIGN,69.37
16355,BENIGN,68.71
16356,BENIGN,69.06
16357,BENIGN,74.71
16358,BENIGN,68.8
16359,BENIGN,73.95
16360,BENIGN,70.4
16361,BENIGN,73.19
16362,BENIGN,66.82
16363,BENIGN,71.64
16364,BENIGN,68.36
16365,BENIGN,65.12
16366,BENIGN,68.82
16367,BENIGN,68.21
16368,BENIGN,69.79
16369,BENIGN,79.72
16370,BENIGN,69.62
16371,BENIGN,66.04
16372,BENIGN,73.11
16373,BENIGN,75.31
16374,BENIGN,67.57
16375,BENIGN,69.48
16376,BENIGN,72.16
16377,BENIGN,71.03
16378,BENIGN,77.24
16379,BENIGN,71.55
16380,BENIGN,69.65
16381,BENIGN,68.6
16382,BENIGN,69.51
16383,BENIGN,73.65
16384,BENIGN,68.33
16385,BENIGN,67.7
16386,BENIGN,70.16
16387,BENIGN,70.81
16388,BENIGN,72.78
16389,BENIGN,75.88
16390,BENIGN,70.53
16391,BENIGN,68.65
16392,BENIGN,75.51
16393,BENIGN,67.88
16394,BENIGN,69.92
16395,BENIGN,68.63
16396,BENIGN,69.62
16397,BENIGN,70.44
16398,BENIGN,73.37
16399,BENIGN,70.11
16400,BENIGN,72.32
16401,BENIGN,72.6
16402,BENIGN,72.03
16403,BENIGN,70.82
16404,BENIGN,71.33
16405,BENIGN,72.81
16406,BENIGN,71.49
16407,BENIGN,71.16
16408,BENIGN,69.74
16409,BENIGN,71.26
16410,BENIGN,70.28
16411,BENIGN,87.17
16412,BENIGN,75.34
16413,BENIGN,79.86
16414,BENIGN,68.06
16415,BENIGN,67.73
16416,BENIGN,71.32
16417,BENIGN,69.72
16418,BENIGN,76.1
16419,BENIGN,76.1
16420,BENIGN,70.08
16421,BENIGN,69.83
16422,BENIGN,75.19
16423,BENIGN,70.28
16424,BENIGN,77.62
16425,BENIGN,69.42
16426,BENIGN,70.12
16427,BENIGN,70.81
16428,BENIGN,73.74
16429,BENIGN,70.56
16430,BENIGN,71.64
16431,BENIGN,69.18
16432,BENIGN,71.51
16433,BENIGN,73.87
16434,BENIGN,68.77
16435,BENIGN,70.76
16436,BENIGN,70.1
16437,BENIGN,71.05
16438,BENIGN,69.15
16439,BENIGN,72.82
16440,BENIGN,68.44
16441,BENIGN,71.95
16442,BENIGN,67.65
16443,BENIGN,70.47
16444,BENIGN,69.3
16445,BENIGN,70.76
16446,BENIGN,71.7
16447,BENIGN,68.44
16448,BENIGN,72.08
16449,BENIGN,69.17
16450,BENIGN,70.85
16451,BENIGN,73.2
16452,BENIGN,65.37
16453,BENIGN,70.58
16454,BENIGN,69.62
16455,BENIGN,74.21
16456,BENIGN,72.02
16457,BENIGN,74.98
16458,BENIGN,69.64
16459,BENIGN,68.58
16460,BENIGN,69.14
16461,BENIGN,76.1
16462,BENIGN,70.44
16463,BENIGN,70.54
16464,BENIGN,66.76
16465,BENIGN,71.29
16466,BENIGN,71.03
16467,BENIGN,71.48
16468,BENIGN,68.06
16469,BENIGN,71.29
16470,BENIGN,67.5
16471,BENIGN,66.02
16472,BENIGN,72.63
16473,BENIGN,70.28
16474,BENIGN,65.46
16475,BENIGN,68.9
16476,BENIGN,68.53
16477,BENIGN,68.61
16478,BENIGN,69.21
16479,BENIGN,71.76
16480,BENIGN,68.74
16481,BENIGN,72.62
16482,BENIGN,79.04
16483,BENIGN,68.79
16484,BENIGN,72.23
16485,BENIGN,71.49
16486,BENIGN,69.57
16487,BENIGN,69.66
16488,BENIGN,68.83
16489,BENIGN,69.3
16490,BENIGN,73.18
16491,BENIGN,71.69
16492,BENIGN,72.62
16493,BENIGN,69.8
16494,BENIGN,68.42
16495,BENIGN,72.97
16496,BENIGN,71.07
16497,BENIGN,66.54
16498,BENIGN,75.42
16499,BENIGN,67.61
16500,BENIGN,69.01
16501,BENIGN,70.62
16502,BENIGN,68.93
16503,BENIGN,74.41
16504,BENIGN,76.24
16505,BENIGN,77.31
16506,BENIGN,84.44
16507,BENIGN,76.06
16508,BENIGN,67.58
16509,BENIGN,67.54
16510,BENIGN,70.29
16511,BENIGN,72.24
16512,BENIGN,69.47
16513,BENIGN,70.1
16514,BENIGN,69.03
16515,BENIGN,79.92
16516,ATTACK,92.8
16517,BENIGN,69.05
16518,BENIGN,71.89
16519,BENIGN,78.14
16520,BENIGN,64.27
16521,BENIGN,68.36
16522,BENIGN,71.22
16523,BENIGN,69.22
16524,BENIGN,71.13
16525,BENIGN,79.24
16526,BENIGN,69.85
16527,BENIGN,69.21
16528,BENIGN,68.11
16529,BENIGN,72.41
16530,BENIGN,80.51
16531,BENIGN,70.26
16532,BENIGN,79.39
16533,BENIGN,69.2
16534,BENIGN,72.12
16535,BENIGN,76.4
16536,BENIGN,74.7
16537,BENIGN,69.32
16538,BENIGN,77.5
16539,BENIGN,72.15
16540,BENIGN,69.16
16541,BENIGN,84.27
16542,BENIGN,69.13
16543,BENIGN,70.26
16544,BENIGN,71.11
16545,BENIGN,74.73
16546,BENIGN,70.62
16547,BENIGN,71.98
16548,BENIGN,74.41
16549,BENIGN,73.44
16550,BENIGN,70.0
16551,BENIGN,69.87
16552,BENIGN,69.56
16553,BENIGN,69.02
16554,BENIGN,70.08
16555,BENIGN,72.06
16556,BENIGN,70.1
16557,BENIGN,70.39
16558,BENIGN,68.6
16559,BENIGN,70.69
16560,BENIGN,69.71
16561,BENIGN,68.64
16562,BENIGN,68.95
16563,BENIGN,68.93
16564,BENIGN,67.89
16565,BENIGN,75.87
16566,BENIGN,84.5
16567,BENIGN,71.56
16568,BENIGN,70.1
16569,BENIGN,73.13
16570,BENIGN,71.3
16571,BENIGN,62.2
16572,BENIGN,70.53
16573,BENIGN,67.43
16574,BENIGN,72.75
16575,BENIGN,70.79
16576,BENIGN,73.75
16577,BENIGN,70.94
16578,BENIGN,73.4
16579,BENIGN,69.58
16580,BENIGN,76.31
16581,BENIGN,70.33
16582,BENIGN,70.72
16583,BENIGN,67.76
16584,BENIGN,72.73
16585,BENIGN,72.2
16586,BENIGN,76.75
16587,BENIGN,69.78
16588,BENIGN,70.87
16589,BENIGN,70.47
16590,BENIGN,71.93
16591,BENIGN,76.53
16592,BENIGN,74.1
16593,BENIGN,69.49
16594,BENIGN,68.66
16595,BENIGN,73.9
16596,BENIGN,75.0
16597,BENIGN,71.69
16598,BENIGN,70.1
16599,BENIGN,69.29
16600,BENIGN,69.48
16601,BENIGN,74.28
16602,BENIGN,69.03
16603,BENIGN,72.37
16604,BENIGN,79.84
16605,BENIGN,64.46
16606,BENIGN,73.79
16607,BENIGN,70.98
16608,BENIGN,71.54
16609,BENIGN,71.73
16610,BENIGN,68.18
16611,BENIGN,67.84
16612,BENIGN,68.42
16613,BENIGN,72.78
16614,BENIGN,70.03
16615,BENIGN,68.52
16616,BENIGN,70.38
16617,BENIGN,70.69
16618,BENIGN,69.06
16619,BENIGN,71.71
16620,BENIGN,69.49
16621,BENIGN,69.26
16622,BENIGN,69.84
16623,BENIGN,70.69
16624,BENIGN,71.77
16625,BENIGN,64.75
16626,BENIGN,63.86
16627,BENIGN,64.97
16628,BENIGN,63.52
16629,BENIGN,70.72
16630,BENIGN,72.37
16631,BENIGN,70.97
16632,BENIGN,71.46
16633,BENIGN,70.05
16634,BENIGN,74.96
16635,BENIGN,62.83
16636,BENIGN,76.84
16637,BENIGN,57.24
16638,BENIGN,71.6
16639,BENIGN,69.59
16640,BENIGN,73.88
16641,BENIGN,65.45
16642,BENIGN,68.65
16643,BENIGN,64.76
16644,BENIGN,67.69
16645,BENIGN,67.64
16646,BENIGN,68.75
16647,BENIGN,69.91
16648,BENIGN,76.3
16649,BENIGN,75.43
16650,BENIGN,70.29
16651,BENIGN,71.89
16652,BENIGN,65.04
16653,BENIGN,73.66
16654,BENIGN,69.72
16655,BENIGN,68.26
16656,BENIGN,69.54
16657,BENIGN,69.61
16658,BENIGN,69.74
16659,BENIGN,69.46
16660,BENIGN,74.07
16661,BENIGN,69.92
16662,BENIGN,69.66
16663,BENIGN,73.58
16664,BENIGN,69.59
16665,BENIGN,67.89
16666,BENIGN,68.25
16667,BENIGN,70.39
16668,BENIGN,69.15
16669,BENIGN,70.68
16670,BENIGN,69.86
16671,BENIGN,69.64
16672,BENIGN,70.06
16673,BENIGN,70.11
16674,BENIGN,69.53
16675,BENIGN,69.66
16676,BENIGN,70.93
16677,BENIGN,70.31
16678,BENIGN,72.65
16679,BENIGN,66.7
16680,BENIGN,68.14
16681,BENIGN,71.96
16682,BENIGN,63.41
16683,BENIGN,76.53
16684,BENIGN,71.91
16685,BENIGN,71.94
16686,BENIGN,76.73
16687,BENIGN,74.17
16688,BENIGN,70.2
16689,BENIGN,68.04
16690,BENIGN,68.11
16691,BENIGN,70.64
16692,BENIGN,71.84
16693,BENIGN,81.37
16694,BENIGN,70.69
16695,BENIGN,71.43
16696,BENIGN,73.86
16697,BENIGN,73.8
16698,BENIGN,76.28
16699,BENIGN,70.12
16700,BENIGN,69.14
16701,BENIGN,73.19
16702,BENIGN,70.09
16703,BENIGN,72.64
16704,BENIGN,78.84
16705,BENIGN,68.36
16706,BENIGN,77.75
16707,BENIGN,70.01
16708,BENIGN,69.58
16709,BENIGN,68.98
16710,BENIGN,67.85
16711,BENIGN,68.28
16712,BENIGN,69.28
16713,BENIGN,67.12
16714,BENIGN,71.56
16715,BENIGN,73.0
16716,BENIGN,67.98
16717,BENIGN,74.41
16718,BENIGN,71.47
16719,BENIGN,68.54
16720,BENIGN,70.72
16721,BENIGN,70.28
16722,BENIGN,68.76
16723,BENIGN,71.27
16724,BENIGN,69.73
16725,BENIGN,70.36
16726,BENIGN,78.49
16727,BENIGN,69.31
16728,BENIGN,71.77
16729,BENIGN,71.3
16730,BENIGN,71.07
16731,BENIGN,77.27
16732,BENIGN,67.33
16733,BENIGN,74.46
16734,BENIGN,71.23
16735,BENIGN,71.97
16736,BENIGN,72.05
16737,BENIGN,70.68
16738,BENIGN,72.62
16739,BENIGN,72.95
16740,BENIGN,71.16
16741,BENIGN,72.24
16742,BENIGN,66.48
16743,BENIGN,78.16
16744,BENIGN,64.05
16745,BENIGN,72.91
16746,BENIGN,68.88
16747,BENIGN,68.47
16748,BENIGN,69.83
16749,BENIGN,68.38
16750,BENIGN,81.98
16751,BENIGN,74.57
16752,BENIGN,77.01
16753,BENIGN,70.45
16754,BENIGN,71.14
16755,BENIGN,71.71
16756,BENIGN,71.69
16757,BENIGN,71.39
16758,BENIGN,69.05
16759,BENIGN,68.48
16760,BENIGN,72.1
16761,BENIGN,79.22
16762,BENIGN,69.45
16763,BENIGN,70.15
16764,BENIGN,69.73
16765,BENIGN,67.82
16766,BENIGN,68.66
16767,BENIGN,77.51
16768,BENIGN,68.04
16769,BENIGN,69.69
16770,BENIGN,66.26
16771,BENIGN,70.03
16772,BENIGN,71.24
16773,BENIGN,74.68
16774,BENIGN,69.37
16775,BENIGN,69.12
16776,BENIGN,69.0
16777,BENIGN,68.98
16778,BENIGN,68.92
16779,BENIGN,72.85
16780,BENIGN,71.34
16781,BENIGN,70.11
16782,BENIGN,69.44
16783,BENIGN,67.44
16784,BENIGN,76.71
16785,BENIGN,71.59
16786,BENIGN,72.26
16787,BENIGN,69.76
16788,BENIGN,76.13
16789,BENIGN,73.54
16790,BENIGN,72.12
16791,BENIGN,72.16
16792,BENIGN,70.79
16793,BENIGN,72.12
16794,BENIGN,75.34
16795,BENIGN,72.12
16796,BENIGN,71.8
16797,BENIGN,72.34
16798,BENIGN,72.12
16799,BENIGN,72.11
16800,BENIGN,69.16
16801,BENIGN,71.02
16802,BENIGN,71.68
16803,BENIGN,76.06
16804,BENIGN,71.35
16805,BENIGN,68.5
16806,BENIGN,69.65
16807,BENIGN,68.04
16808,BENIGN,73.24
16809,BENIGN,69.73
16810,BENIGN,67.77
16811,BENIGN,77.2
16812,BENIGN,67.53
16813,BENIGN,67.47
16814,BENIGN,68.4
16815,BENIGN,68.74
16816,BENIGN,65.56
16817,BENIGN,69.12
16818,ATTACK,55.46
16819,BENIGN,71.23
16820,BENIGN,73.37
16821,BENIGN,71.55
16822,BENIGN,70.99
16823,BENIGN,69.35
16824,BENIGN,68.68
16825,BENIGN,68.63
16826,BENIGN,70.18
16827,BENIGN,68.02
16828,BENIGN,69.03
16829,BENIGN,64.86
16830,BENIGN,78.04
16831,BENIGN,69.25
16832,BENIGN,68.01
16833,BENIGN,69.14
16834,BENIGN,69.46
16835,BENIGN,70.51
16836,BENIGN,76.92
16837,BENIGN,70.3
16838,BENIGN,70.32
16839,BENIGN,65.61
16840,BENIGN,73.69
16841,BENIGN,74.71
16842,BENIGN,69.0
16843,BENIGN,75.7
16844,BENIGN,70.67
16845,BENIGN,74.0
16846,BENIGN,69.64
16847,BENIGN,71.3
16848,BENIGN,70.7
16849,BENIGN,68.32
16850,BENIGN,69.66
16851,BENIGN,67.4
16852,BENIGN,70.75
16853,BENIGN,68.92
16854,BENIGN,70.63
16855,BENIGN,68.34
16856,BENIGN,69.16
16857,BENIGN,67.98
16858,BENIGN,70.73
16859,BENIGN,68.18
16860,BENIGN,67.85
16861,BENIGN,69.44
16862,BENIGN,69.11
16863,BENIGN,69.18
16864,BENIGN,70.3
16865,BENIGN,69.71
16866,BENIGN,69.3
16867,BENIGN,72.18
16868,BENIGN,68.71
16869,BENIGN,70.59
16870,BENIGN,76.23
16871,BENIGN,70.64
16872,BENIGN,71.54
16873,BENIGN,72.3
16874,BENIGN,67.93
16875,BENIGN,68.21
16876,BENIGN,67.96
16877,BENIGN,69.76
16878,BENIGN,71.82
16879,BENIGN,71.18
16880,BENIGN,66.65
16881,BENIGN,68.6
16882,BENIGN,74.17
16883,BENIGN,75.11
16884,BENIGN,70.36
16885,BENIGN,70.26
16886,BENIGN,70.9
16887,BENIGN,68.78
16888,BENIGN,68.04
16889,BENIGN,72.55
16890,BENIGN,66.63
16891,BENIGN,69.29
16892,BENIGN,69.16
16893,BENIGN,68.96
16894,BENIGN,68.45
16895,BENIGN,70.52
16896,BENIGN,70.44
16897,BENIGN,67.37
16898,BENIGN,68.65
16899,BENIGN,72.73
16900,BENIGN,69.12
16901,BENIGN,67.95
16902,BENIGN,71.83
16903,BENIGN,78.28
16904,BENIGN,68.67
16905,BENIGN,68.27
16906,BENIGN,67.66
16907,BENIGN,82.3
16908,BENIGN,52.74
16909,BENIGN,69.85
16910,BENIGN,70.77
16911,BENIGN,69.53
16912,BENIGN,80.96
16913,BENIGN,64.61
16914,BENIGN,67.68
16915,BENIGN,67.54
16916,BENIGN,75.31
16917,BENIGN,74.31
16918,BENIGN,68.79
16919,BENIGN,70.09
16920,BENIGN,72.31
16921,BENIGN,72.82
16922,BENIGN,71.27
16923,BENIGN,69.99
16924,BENIGN,69.72
16925,BENIGN,72.5
16926,BENIGN,69.25
16927,BENIGN,66.53
16928,BENIGN,71.96
16929,BENIGN,75.33
16930,BENIGN,72.06
16931,BENIGN,68.66
16932,BENIGN,81.99
16933,BENIGN,73.27
16934,BENIGN,71.69
16935,BENIGN,75.91
16936,BENIGN,73.57
16937,BENIGN,71.49
16938,BENIGN,70.71
16939,BENIGN,69.79
16940,BENIGN,70.53
16941,BENIGN,66.61
16942,BENIGN,67.87
16943,BENIGN,70.65
16944,BENIGN,71.07
16945,BENIGN,76.9
16946,BENIGN,81.11
16947,BENIGN,67.47
16948,BENIGN,70.02
16949,BENIGN,72.88
16950,BENIGN,70.63
16951,BENIGN,66.53
16952,BENIGN,72.18
16953,BENIGN,73.42
16954,BENIGN,74.68
16955,BENIGN,64.51
16956,BENIGN,71.06
16957,BENIGN,67.4
16958,BENIGN,68.26
16959,BENIGN,68.64
16960,BENIGN,67.66
16961,BENIGN,73.14
16962,BENIGN,78.04
16963,BENIGN,72.55
16964,BENIGN,64.38
16965,BENIGN,72.48
16966,BENIGN,78.22
16967,BENIGN,75.04
16968,BENIGN,67.01
16969,BENIGN,66.61
16970,BENIGN,68.16
16971,BENIGN,70.97
16972,BENIGN,67.59
16973,BENIGN,80.45
16974,BENIGN,73.74
16975,BENIGN,70.65
16976,BENIGN,68.36
16977,BENIGN,82.29
16978,BENIGN,67.68
16979,BENIGN,70.17
16980,BENIGN,67.31
16981,BENIGN,70.02
16982,BENIGN,71.62
16983,BENIGN,71.16
16984,BENIGN,69.77
16985,BENIGN,71.8
16986,BENIGN,71.86
16987,BENIGN,69.39
16988,BENIGN,71.47
16989,BENIGN,75.91
16990,BENIGN,67.59
16991,BENIGN,70.19
16992,BENIGN,68.69
16993,BENIGN,73.2
16994,BENIGN,66.35
16995,BENIGN,69.7
16996,BENIGN,68.74
16997,BENIGN,68.83
16998,BENIGN,68.83
16999,BENIGN,69.07
17000,BENIGN,76.34
17001,BENIGN,72.37
17002,BENIGN,70.79
17003,BENIGN,70.45
17004,BENIGN,69.81
17005,BENIGN,70.35
17006,BENIGN,69.28
17007,BENIGN,68.52
17008,BENIGN,68.42
17009,BENIGN,68.52
17010,BENIGN,70.27
17011,BENIGN,70.95
17012,BENIGN,64.31
17013,BENIGN,67.91
17014,BENIGN,68.25
17015,BENIGN,68.29
17016,BENIGN,65.37
17017,BENIGN,74.31
17018,BENIGN,66.24
17019,BENIGN,78.55
17020,BENIGN,71.77
17021,BENIGN,69.63
17022,BENIGN,69.61
17023,BENIGN,71.11
17024,BENIGN,71.62
17025,BENIGN,71.62
17026,BENIGN,71.77
17027,BENIGN,79.62
17028,BENIGN,72.72
17029,BENIGN,72.31
17030,BENIGN,87.03
17031,BENIGN,72.8
17032,BENIGN,69.54
17033,BENIGN,71.05
17034,BENIGN,65.08
17035,BENIGN,64.87
17036,BENIGN,70.47
17037,BENIGN,75.31
17038,BENIGN,69.94
17039,BENIGN,72.47
17040,BENIGN,79.58
17041,BENIGN,71.87
17042,BENIGN,67.72
17043,BENIGN,69.53
17044,BENIGN,77.45
17045,BENIGN,68.67
17046,BENIGN,74.43
17047,BENIGN,72.84
17048,BENIGN,74.03
17049,BENIGN,72.3
17050,BENIGN,65.29
17051,BENIGN,73.61
17052,BENIGN,69.32
17053,BENIGN,72.04
17054,BENIGN,75.23
17055,BENIGN,68.96
17056,BENIGN,69.42
17057,BENIGN,72.69
17058,BENIGN,68.33
17059,BENIGN,86.04
17060,BENIGN,67.37
17061,BENIGN,80.6
17062,BENIGN,70.92
17063,BENIGN,66.35
17064,BENIGN,74.05
17065,BENIGN,76.24
17066,BENIGN,71.84
17067,BENIGN,84.47
17068,BENIGN,70.81
17069,BENIGN,73.18
17070,BENIGN,70.59
17071,BENIGN,75.1
17072,BENIGN,74.05
17073,BENIGN,71.0
17074,BENIGN,74.77
17075,BENIGN,80.33
17076,BENIGN,72.08
17077,BENIGN,72.39
17078,BENIGN,69.01
17079,BENIGN,69.77
17080,BENIGN,82.04
17081,BENIGN,74.65
17082,BENIGN,68.16
17083,BENIGN,72.12
17084,BENIGN,68.51
17085,BENIGN,71.3
17086,BENIGN,68.72
17087,BENIGN,69.65
17088,BENIGN,72.07
17089,BENIGN,73.79
17090,BENIGN,63.7
17091,BENIGN,69.25
17092,BENIGN,59.55
17093,BENIGN,54.64
17094,BENIGN,67.86
17095,BENIGN,70.14
17096,BENIGN,81.17
17097,BENIGN,68.56
17098,BENIGN,70.19
17099,BENIGN,70.28
17100,BENIGN,68.53
17101,BENIGN,68.32
17102,BENIGN,76.82
17103,BENIGN,70.37
17104,BENIGN,71.19
17105,BENIGN,82.12
17106,BENIGN,69.48
17107,BENIGN,63.93
17108,BENIGN,72.04
17109,BENIGN,64.17
17110,BENIGN,66.95
17111,BENIGN,70.37
17112,BENIGN,68.28
17113,BENIGN,60.69
17114,BENIGN,79.63
17115,BENIGN,73.84
17116,BENIGN,72.22
17117,BENIGN,70.09
17118,BENIGN,71.78
17119,BENIGN,65.87
17120,BENIGN,70.78
17121,BENIGN,73.32
17122,BENIGN,72.07
17123,BENIGN,70.29
17124,BENIGN,71.43
17125,BENIGN,70.27
17126,BENIGN,69.52
17127,BENIGN,69.6
17128,BENIGN,68.37
17129,BENIGN,69.68
17130,BENIGN,71.11
17131,BENIGN,68.62
17132,BENIGN,68.82
17133,BENIGN,72.04
17134,BENIGN,68.71
17135,BENIGN,68.54
17136,BENIGN,69.53
17137,BENIGN,75.72
17138,BENIGN,71.64
17139,BENIGN,69.82
17140,BENIGN,76.03
17141,BENIGN,64.69
17142,BENIGN,70.01
17143,BENIGN,69.78
17144,BENIGN,75.6
17145,BENIGN,80.0
17146,BENIGN,69.16
17147,BENIGN,70.38
17148,BENIGN,68.69
17149,BENIGN,69.49
17150,BENIGN,78.38
17151,BENIGN,67.87
17152,BENIGN,70.32
17153,BENIGN,74.6
17154,BENIGN,68.78
17155,BENIGN,70.78
17156,BENIGN,71.19
17157,BENIGN,68.09
17158,BENIGN,71.45
17159,BENIGN,69.43
17160,BENIGN,73.52
17161,BENIGN,68.44
17162,BENIGN,72.05
17163,BENIGN,69.31
17164,BENIGN,71.26
17165,BENIGN,69.49
17166,BENIGN,75.36
17167,BENIGN,75.71
17168,BENIGN,75.43
17169,BENIGN,69.52
17170,BENIGN,70.26
17171,BENIGN,68.4
17172,BENIGN,73.34
17173,BENIGN,84.88
17174,BENIGN,70.47
17175,BENIGN,65.62
17176,BENIGN,68.27
17177,BENIGN,70.17
17178,BENIGN,70.16
17179,BENIGN,72.73
17180,BENIGN,70.35
17181,BENIGN,69.22
17182,BENIGN,67.88
17183,BENIGN,70.71
17184,BENIGN,77.06
17185,BENIGN,74.95
17186,BENIGN,70.72
17187,BENIGN,68.97
17188,BENIGN,76.12
17189,BENIGN,68.57
17190,BENIGN,72.24
17191,BENIGN,70.73
17192,BENIGN,73.33
17193,BENIGN,71.38
17194,BENIGN,69.17
17195,BENIGN,68.31
17196,BENIGN,70.86
17197,BENIGN,75.3
17198,BENIGN,76.93
17199,BENIGN,75.95
17200,BENIGN,69.12
17201,BENIGN,72.1
17202,BENIGN,83.75
17203,BENIGN,88.08
17204,BENIGN,69.35
17205,BENIGN,79.41
17206,BENIGN,71.58
17207,BENIGN,76.49
17208,BENIGN,69.18
17209,BENIGN,69.62
17210,BENIGN,68.73
17211,BENIGN,68.31
17212,BENIGN,70.27
17213,BENIGN,75.68
17214,BENIGN,74.73
17215,BENIGN,71.31
17216,BENIGN,74.91
17217,BENIGN,70.6
17218,BENIGN,70.81
17219,BENIGN,72.7
17220,BENIGN,71.28
17221,BENIGN,67.14
17222,BENIGN,71.25
17223,BENIGN,70.0
17224,BENIGN,73.25
17225,BENIGN,77.07
17226,BENIGN,69.68
17227,BENIGN,69.54
17228,BENIGN,69.97
17229,BENIGN,70.54
17230,BENIGN,72.77
17231,BENIGN,66.81
17232,BENIGN,68.24
17233,BENIGN,71.92
17234,BENIGN,71.44
17235,BENIGN,73.98
17236,BENIGN,69.34
17237,BENIGN,73.77
17238,BENIGN,69.13
17239,BENIGN,82.51
17240,BENIGN,74.16
17241,BENIGN,64.08
17242,BENIGN,67.13
17243,BENIGN,71.17
17244,BENIGN,74.78
17245,BENIGN,76.33
17246,BENIGN,72.44
17247,BENIGN,69.57
17248,BENIGN,74.12
17249,BENIGN,72.33
17250,BENIGN,73.48
17251,BENIGN,66.96
17252,BENIGN,70.67
17253,BENIGN,68.59
17254,BENIGN,67.82
17255,BENIGN,68.12
17256,BENIGN,70.96
17257,BENIGN,68.68
17258,BENIGN,71.05
17259,BENIGN,72.25
17260,BENIGN,70.85
17261,BENIGN,69.47
17262,BENIGN,69.05
17263,BENIGN,71.73
17264,BENIGN,67.39
17265,BENIGN,68.64
17266,BENIGN,71.89
17267,BENIGN,72.21
17268,BENIGN,69.41
17269,BENIGN,72.84
17270,BENIGN,71.51
17271,BENIGN,71.45
17272,BENIGN,68.01
17273,BENIGN,71.85
17274,BENIGN,68.81
17275,BENIGN,68.82
17276,BENIGN,72.26
17277,BENIGN,67.88
17278,BENIGN,69.32
17279,BENIGN,66.58
17280,BENIGN,69.4
17281,BENIGN,71.76
17282,BENIGN,70.3
17283,BENIGN,68.39
17284,BENIGN,82.38
17285,BENIGN,72.76
17286,BENIGN,73.64
17287,BENIGN,70.74
17288,BENIGN,60.45
17289,BENIGN,71.25
17290,BENIGN,81.48
17291,BENIGN,84.63
17292,BENIGN,70.81
17293,BENIGN,71.43
17294,BENIGN,73.63
17295,BENIGN,68.76
17296,BENIGN,68.57
17297,BENIGN,70.8
17298,BENIGN,69.89
17299,BENIGN,68.43
17300,BENIGN,69.6
17301,BENIGN,69.92
17302,BENIGN,68.63
17303,BENIGN,69.57
17304,BENIGN,75.67
17305,BENIGN,68.93
17306,BENIGN,69.25
17307,BENIGN,70.78
17308,BENIGN,69.61
17309,BENIGN,73.98
17310,BENIGN,70.74
17311,BENIGN,50.3
17312,BENIGN,68.97
17313,BENIGN,70.5
17314,BENIGN,69.33
17315,BENIGN,70.64
17316,BENIGN,72.39
17317,BENIGN,78.82
17318,BENIGN,66.8
17319,BENIGN,69.85
17320,BENIGN,69.4
17321,BENIGN,66.37
17322,BENIGN,72.24
17323,BENIGN,72.95
17324,BENIGN,75.52
17325,BENIGN,66.51
17326,BENIGN,82.72
17327,BENIGN,70.18
17328,BENIGN,75.5
17329,BENIGN,71.99
17330,BENIGN,74.75
17331,BENIGN,73.38
17332,BENIGN,70.51
17333,BENIGN,78.05
17334,BENIGN,72.4
17335,BENIGN,72.23
17336,BENIGN,72.07
17337,BENIGN,70.73
17338,BENIGN,73.5
17339,BENIGN,73.5
17340,BENIGN,77.94
17341,BENIGN,75.34
17342,BENIGN,75.11
17343,BENIGN,67.56
17344,BENIGN,71.0
17345,BENIGN,68.41
17346,BENIGN,74.96
17347,BENIGN,75.39
17348,BENIGN,74.26
17349,BENIGN,79.25
17350,BENIGN,71.28
17351,BENIGN,68.98
17352,BENIGN,83.92
17353,BENIGN,83.87
17354,BENIGN,79.15
17355,BENIGN,73.1
17356,BENIGN,73.49
17357,BENIGN,76.8
17358,BENIGN,78.4
17359,BENIGN,83.61
17360,BENIGN,77.71
17361,BENIGN,72.37
17362,BENIGN,71.43
17363,BENIGN,88.27
17364,BENIGN,80.75
17365,BENIGN,59.66
17366,BENIGN,76.96
17367,BENIGN,75.18
17368,BENIGN,73.57
17369,BENIGN,77.32
17370,BENIGN,74.74
17371,BENIGN,74.98
17372,BENIGN,72.39
17373,BENIGN,75.28
17374,BENIGN,75.99
17375,BENIGN,83.69
17376,BENIGN,77.45
17377,BENIGN,76.3
17378,BENIGN,78.4
17379,BENIGN,75.51
17380,BENIGN,72.85
17381,BENIGN,74.69
17382,BENIGN,75.18
17383,BENIGN,72.16
17384,BENIGN,71.21
17385,BENIGN,73.6
17386,BENIGN,66.47
17387,BENIGN,71.59
17388,BENIGN,80.24
17389,BENIGN,71.3
17390,BENIGN,71.81
17391,BENIGN,70.56
17392,BENIGN,72.44
17393,BENIGN,74.04
17394,BENIGN,72.57
17395,BENIGN,72.05
17396,BENIGN,71.99
17397,BENIGN,73.47
17398,BENIGN,72.46
17399,BENIGN,73.03
17400,BENIGN,72.24
17401,BENIGN,69.76
17402,BENIGN,71.43
17403,BENIGN,70.39
17404,BENIGN,68.41
17405,BENIGN,73.89
17406,BENIGN,69.01
17407,BENIGN,67.98
17408,BENIGN,76.19
17409,BENIGN,68.41
17410,BENIGN,71.72
17411,BENIGN,68.78
17412,BENIGN,68.79
17413,BENIGN,72.22
17414,BENIGN,68.7
17415,BENIGN,70.03
17416,BENIGN,68.75
17417,BENIGN,72.27
17418,BENIGN,70.17
17419,BENIGN,71.78
17420,BENIGN,70.75
17421,BENIGN,71.14
17422,BENIGN,69.16
17423,BENIGN,71.13
17424,BENIGN,70.65
17425,BENIGN,74.96
17426,BENIGN,70.49
17427,BENIGN,70.38
17428,BENIGN,68.49
17429,BENIGN,68.92
17430,BENIGN,69.0
17431,BENIGN,70.99
17432,BENIGN,71.34
17433,BENIGN,70.6
17434,BENIGN,70.12
17435,BENIGN,74.83
17436,BENIGN,69.02
17437,BENIGN,64.69
17438,BENIGN,73.7
17439,BENIGN,72.86
17440,BENIGN,70.53
17441,BENIGN,69.16
17442,BENIGN,71.37
17443,BENIGN,82.11
17444,BENIGN,77.48
17445,BENIGN,68.55
17446,BENIGN,70.29
17447,BENIGN,69.97
17448,BENIGN,71.94
17449,BENIGN,70.88
17450,BENIGN,72.82
17451,BENIGN,67.94
17452,BENIGN,68.68
17453,BENIGN,67.72
17454,BENIGN,70.06
17455,BENIGN,70.27
17456,BENIGN,69.08
17457,BENIGN,75.0
17458,BENIGN,74.92
17459,BENIGN,69.7
17460,BENIGN,66.54
17461,BENIGN,77.82
17462,BENIGN,69.64
17463,BENIGN,69.95
17464,BENIGN,66.51
17465,BENIGN,73.72
17466,BENIGN,70.59
17467,BENIGN,70.7
17468,BENIGN,82.36
17469,BENIGN,72.94
17470,BENIGN,73.99
17471,BENIGN,69.63
17472,BENIGN,68.37
17473,BENIGN,74.88
17474,BENIGN,84.99
17475,BENIGN,75.93
17476,BENIGN,73.21
17477,BENIGN,69.37
17478,BENIGN,69.63
17479,BENIGN,72.36
17480,BENIGN,70.27
17481,BENIGN,68.53
17482,BENIGN,68.05
17483,BENIGN,72.53
17484,BENIGN,68.95
17485,BENIGN,68.44
17486,BENIGN,68.83
17487,BENIGN,69.89
17488,BENIGN,69.17
17489,BENIGN,70.52
17490,BENIGN,68.38
17491,BENIGN,68.02
17492,BENIGN,69.97
17493,BENIGN,66.77
17494,BENIGN,67.8
17495,BENIGN,74.91
17496,BENIGN,68.5
17497,BENIGN,70.42
17498,BENIGN,77.01
17499,BENIGN,68.44
17500,BENIGN,69.14
17501,BENIGN,75.72
17502,BENIGN,69.94
17503,BENIGN,69.55
17504,BENIGN,78.6
17505,BENIGN,69.63
17506,BENIGN,69.9
17507,BENIGN,68.7
17508,BENIGN,71.21
17509,BENIGN,73.58
17510,BENIGN,73.61
17511,BENIGN,70.35
17512,BENIGN,70.8
17513,BENIGN,73.34
17514,BENIGN,68.47
17515,BENIGN,88.58
17516,BENIGN,87.79
17517,BENIGN,77.14
17518,BENIGN,67.53
17519,BENIGN,68.74
17520,BENIGN,69.5
17521,BENIGN,69.44
17522,BENIGN,68.8
17523,BENIGN,70.33
17524,ATTACK,78.58
17525,BENIGN,69.35
17526,BENIGN,67.43
17527,BENIGN,59.23
17528,BENIGN,70.34
17529,BENIGN,79.3
17530,BENIGN,71.42
17531,BENIGN,70.36
17532,BENIGN,57.03
17533,BENIGN,69.38
17534,ATTACK,63.08
17535,BENIGN,69.34
17536,BENIGN,71.0
17537,BENIGN,65.49
17538,BENIGN,64.89
17539,BENIGN,67.55
17540,ATTACK,78.58
17541,BENIGN,78.91
17542,BENIGN,56.5
17543,BENIGN,75.83
17544,ATTACK,52.65
17545,BENIGN,74.21
17546,BENIGN,71.03
17547,BENIGN,69.79
17548,BENIGN,77.16
17549,BENIGN,57.57
17550,BENIGN,66.21
17551,BENIGN,73.82
17552,BENIGN,72.69
17553,BENIGN,73.36
17554,BENIGN,84.39
17555,BENIGN,71.32
17556,BENIGN,84.41
17557,BENIGN,69.18
17558,BENIGN,76.2
17559,BENIGN,71.39
17560,BENIGN,80.09
17561,ATTACK,53.84
17562,BENIGN,65.37
17563,BENIGN,68.96
17564,BENIGN,75.56
17565,BENIGN,69.2
17566,BENIGN,64.52
17567,BENIGN,70.32
17568,BENIGN,73.5
17569,BENIGN,69.25
17570,BENIGN,68.52
17571,BENIGN,75.97
17572,BENIGN,72.1
17573,BENIGN,72.79
17574,BENIGN,68.13
17575,BENIGN,71.55
17576,BENIGN,72.65
17577,BENIGN,72.63
17578,BENIGN,71.44
17579,BENIGN,72.25
17580,BENIGN,70.09
17581,BENIGN,70.62
17582,BENIGN,69.07
17583,BENIGN,68.2
17584,BENIGN,75.47
17585,BENIGN,72.7
17586,BENIGN,74.18
17587,BENIGN,67.7
17588,BENIGN,67.66
17589,BENIGN,67.74
17590,BENIGN,65.46
17591,BENIGN,69.28
17592,BENIGN,69.75
17593,BENIGN,67.78
17594,BENIGN,69.63
17595,BENIGN,71.99
17596,BENIGN,70.98
17597,BENIGN,69.22
17598,BENIGN,70.02
17599,BENIGN,74.11
17600,BENIGN,70.94
17601,BENIGN,57.16
17602,BENIGN,69.35
17603,BENIGN,69.53
17604,BENIGN,78.43
17605,BENIGN,67.7
17606,BENIGN,70.62
17607,BENIGN,68.26
17608,BENIGN,70.64
17609,BENIGN,68.84
17610,BENIGN,73.43
17611,BENIGN,69.63
17612,BENIGN,68.76
17613,BENIGN,87.84
17614,BENIGN,77.48
17615,BENIGN,77.48
17616,BENIGN,77.55
17617,BENIGN,70.58
17618,BENIGN,74.57
17619,BENIGN,68.66
17620,BENIGN,69.34
17621,BENIGN,73.13
17622,BENIGN,68.49
17623,BENIGN,77.48
17624,BENIGN,77.55
17625,BENIGN,69.69
17626,BENIGN,68.95
17627,BENIGN,68.88
17628,BENIGN,69.09
17629,BENIGN,69.65
17630,BENIGN,89.75
17631,BENIGN,73.55
17632,BENIGN,84.02
17633,BENIGN,71.02
17634,BENIGN,70.53
17635,BENIGN,73.59
17636,BENIGN,76.55
17637,BENIGN,71.64
17638,BENIGN,73.49
17639,BENIGN,70.98
17640,BENIGN,73.16
17641,BENIGN,76.48
17642,BENIGN,69.59
17643,BENIGN,70.91
17644,BENIGN,70.17
17645,BENIGN,80.15
17646,BENIGN,72.72
17647,BENIGN,73.8
17648,BENIGN,71.15
17649,BENIGN,84.02
17650,BENIGN,71.98
17651,BENIGN,70.37
17652,BENIGN,70.79
17653,BENIGN,73.62
17654,BENIGN,77.54
17655,BENIGN,68.09
17656,BENIGN,68.38
17657,BENIGN,78.21
17658,BENIGN,73.0
17659,BENIGN,75.34
17660,BENIGN,71.74
17661,BENIGN,68.85
17662,BENIGN,69.1
17663,BENIGN,72.63
17664,BENIGN,69.14
17665,BENIGN,63.85
17666,BENIGN,74.21
17667,BENIGN,77.74
17668,BENIGN,69.33
17669,BENIGN,77.29
17670,BENIGN,76.66
17671,BENIGN,70.99
17672,BENIGN,75.15
17673,BENIGN,70.24
17674,BENIGN,72.01
17675,BENIGN,84.59
17676,BENIGN,76.93
17677,BENIGN,67.97
17678,BENIGN,68.95
17679,BENIGN,75.24
17680,BENIGN,57.92
17681,BENIGN,68.15
17682,BENIGN,72.09
17683,BENIGN,73.21
17684,BENIGN,71.15
17685,BENIGN,69.05
17686,BENIGN,73.17
17687,BENIGN,68.48
17688,BENIGN,72.83
17689,BENIGN,71.54
17690,BENIGN,74.84
17691,BENIGN,72.15
17692,BENIGN,74.05
17693,BENIGN,83.99
17694,BENIGN,68.04
17695,BENIGN,72.05
17696,BENIGN,69.58
17697,BENIGN,75.1
17698,BENIGN,76.72
17699,BENIGN,73.82
17700,BENIGN,70.05
17701,BENIGN,77.48
17702,BENIGN,68.34
17703,BENIGN,73.43
17704,BENIGN,69.01
17705,BENIGN,69.26
17706,BENIGN,67.26
17707,BENIGN,68.41
17708,BENIGN,73.35
17709,BENIGN,72.27
17710,BENIGN,73.87
17711,BENIGN,66.13
17712,BENIGN,72.8
17713,BENIGN,71.19
17714,BENIGN,71.05
17715,BENIGN,79.85
17716,BENIGN,70.7
17717,BENIGN,68.38
17718,BENIGN,67.3
17719,BENIGN,70.64
17720,BENIGN,66.71
17721,BENIGN,71.46
17722,BENIGN,69.59
17723,BENIGN,70.19
17724,BENIGN,67.42
17725,BENIGN,67.5
17726,BENIGN,67.1
17727,BENIGN,66.71
17728,BENIGN,68.26
17729,BENIGN,67.95
17730,BENIGN,68.48
17731,BENIGN,76.93
17732,BENIGN,63.88
17733,BENIGN,71.16
17734,BENIGN,69.72
17735,BENIGN,75.75
17736,BENIGN,70.14
17737,BENIGN,70.66
17738,BENIGN,70.13
17739,BENIGN,71.16
17740,BENIGN,73.22
17741,BENIGN,73.43
17742,BENIGN,73.03
17743,BENIGN,71.11
17744,BENIGN,83.66
17745,BENIGN,73.83
17746,BENIGN,66.53
17747,BENIGN,70.45
17748,BENIGN,70.79
17749,BENIGN,70.21
17750,BENIGN,74.65
17751,BENIGN,73.22
17752,BENIGN,71.56
17753,BENIGN,72.92
17754,BENIGN,72.06
17755,BENIGN,80.94
17756,BENIGN,68.59
17757,BENIGN,72.13
17758,BENIGN,65.7
17759,BENIGN,71.51
17760,BENIGN,75.75
17761,BENIGN,70.07
17762,BENIGN,72.76
17763,BENIGN,69.69
17764,BENIGN,77.89
17765,BENIGN,71.5
17766,BENIGN,67.73
17767,BENIGN,70.01
17768,BENIGN,68.67
17769,BENIGN,70.6
17770,BENIGN,71.62
17771,BENIGN,70.74
17772,BENIGN,68.84
17773,BENIGN,71.42
17774,BENIGN,70.35
17775,BENIGN,70.6
17776,BENIGN,71.11
17777,BENIGN,74.62
17778,BENIGN,69.12
17779,BENIGN,68.99
17780,BENIGN,71.0
17781,BENIGN,75.64
17782,BENIGN,71.74
17783,BENIGN,83.34
17784,BENIGN,70.37
17785,BENIGN,74.31
17786,BENIGN,75.84
17787,BENIGN,69.49
17788,BENIGN,65.81
17789,BENIGN,69.71
17790,BENIGN,78.79
17791,BENIGN,69.55
17792,BENIGN,69.82
17793,BENIGN,79.28
17794,BENIGN,71.48
17795,BENIGN,69.29
17796,BENIGN,69.05
17797,BENIGN,78.72
17798,BENIGN,69.86
17799,BENIGN,71.15
17800,BENIGN,70.16
17801,BENIGN,69.85
17802,BENIGN,69.79
17803,BENIGN,71.17
17804,BENIGN,67.56
17805,BENIGN,71.8
17806,BENIGN,69.41
17807,BENIGN,67.89
17808,BENIGN,67.08
17809,BENIGN,68.31
17810,BENIGN,68.68
17811,BENIGN,70.59
17812,BENIGN,72.25
17813,BENIGN,71.35
17814,BENIGN,75.98
17815,BENIGN,70.61
17816,BENIGN,69.13
17817,BENIGN,69.25
17818,BENIGN,67.59
17819,BENIGN,71.46
17820,BENIGN,70.17
17821,BENIGN,69.17
17822,BENIGN,76.03
17823,BENIGN,70.18
17824,BENIGN,69.13
17825,BENIGN,78.37
17826,BENIGN,70.26
17827,BENIGN,69.2
17828,BENIGN,73.01
17829,BENIGN,71.82
17830,BENIGN,71.92
17831,BENIGN,71.58
17832,BENIGN,68.34
17833,BENIGN,62.16
17834,BENIGN,73.42
17835,BENIGN,83.32
17836,BENIGN,69.92
17837,BENIGN,72.29
17838,BENIGN,70.17
17839,BENIGN,68.9
17840,BENIGN,72.05
17841,BENIGN,78.51
17842,BENIGN,68.89
17843,BENIGN,77.5
17844,BENIGN,66.32
17845,BENIGN,69.06
17846,BENIGN,72.6
17847,BENIGN,70.21
17848,BENIGN,70.3
17849,BENIGN,68.79
17850,BENIGN,71.6
17851,BENIGN,67.77
17852,BENIGN,68.47
17853,BENIGN,79.16
17854,BENIGN,71.62
17855,BENIGN,75.62
17856,BENIGN,67.91
17857,BENIGN,70.82
17858,BENIGN,68.57
17859,BENIGN,70.15
17860,BENIGN,69.54
17861,BENIGN,73.39
17862,BENIGN,82.91
17863,BENIGN,70.66
17864,BENIGN,63.7
17865,BENIGN,76.31
17866,BENIGN,68.0
17867,BENIGN,68.16
17868,BENIGN,69.2
17869,BENIGN,82.98
17870,BENIGN,71.2
17871,BENIGN,71.2
17872,BENIGN,76.31
17873,BENIGN,71.4
17874,BENIGN,72.04
17875,BENIGN,72.56
17876,BENIGN,72.22
17877,BENIGN,69.55
17878,BENIGN,71.77
17879,BENIGN,69.62
17880,BENIGN,67.32
17881,BENIGN,71.4
17882,BENIGN,69.19
17883,BENIGN,67.44
17884,BENIGN,66.71
17885,BENIGN,66.4
17886,BENIGN,68.03
17887,BENIGN,70.74
17888,BENIGN,68.75
17889,BENIGN,67.48
17890,BENIGN,69.45
17891,BENIGN,69.32
17892,BENIGN,70.85
17893,BENIGN,70.24
17894,BENIGN,68.11
17895,BENIGN,71.12
17896,BENIGN,68.95
17897,BENIGN,69.38
17898,BENIGN,68.7
17899,BENIGN,68.82
17900,BENIGN,69.52
17901,BENIGN,68.85
17902,BENIGN,69.54
17903,BENIGN,69.93
17904,BENIGN,68.84
17905,BENIGN,61.53
17906,BENIGN,55.47
17907,BENIGN,70.46
17908,BENIGN,69.3
17909,BENIGN,71.2
17910,BENIGN,68.41
17911,BENIGN,70.03
17912,BENIGN,69.3
17913,BENIGN,73.31
17914,BENIGN,69.37
17915,BENIGN,68.19
17916,BENIGN,68.43
17917,BENIGN,68.89
17918,BENIGN,68.85
17919,BENIGN,71.27
17920,BENIGN,74.74
17921,BENIGN,68.72
17922,BENIGN,71.24
17923,BENIGN,68.19
17924,BENIGN,69.64
17925,BENIGN,72.67
17926,BENIGN,83.49
17927,BENIGN,69.47
17928,BENIGN,69.95
17929,BENIGN,70.34
17930,BENIGN,73.07
17931,BENIGN,74.99
17932,BENIGN,69.0
17933,BENIGN,72.78
17934,BENIGN,66.49
17935,BENIGN,67.73
17936,BENIGN,72.85
17937,BENIGN,75.58
17938,BENIGN,69.74
17939,BENIGN,70.35
17940,BENIGN,76.47
17941,BENIGN,71.54
17942,BENIGN,76.07
17943,BENIGN,70.1
17944,BENIGN,72.31
17945,BENIGN,69.08
17946,BENIGN,70.7
17947,BENIGN,71.42
17948,BENIGN,70.2
17949,BENIGN,74.73
17950,BENIGN,68.84
17951,BENIGN,70.25
17952,BENIGN,69.75
17953,BENIGN,83.15
17954,BENIGN,69.03
17955,BENIGN,81.46
17956,BENIGN,72.51
17957,BENIGN,70.13
17958,BENIGN,71.81
17959,BENIGN,69.17
17960,BENIGN,70.57
17961,BENIGN,81.07
17962,BENIGN,72.37
17963,BENIGN,76.39
17964,BENIGN,68.89
17965,BENIGN,67.43
17966,BENIGN,79.4
17967,BENIGN,61.25
17968,BENIGN,71.51
17969,BENIGN,69.26
17970,BENIGN,68.55
17971,BENIGN,68.54
17972,BENIGN,68.83
17973,BENIGN,68.88
17974,BENIGN,68.5
17975,BENIGN,69.49
17976,BENIGN,67.9
17977,BENIGN,67.55
17978,BENIGN,83.5
17979,BENIGN,69.0
17980,BENIGN,72.21
17981,BENIGN,70.01
17982,BENIGN,68.38
17983,BENIGN,73.66
17984,BENIGN,69.56
17985,BENIGN,68.46
17986,BENIGN,69.1
17987,BENIGN,69.38
17988,BENIGN,69.81
17989,BENIGN,68.4
17990,BENIGN,72.79
17991,BENIGN,69.13
17992,BENIGN,72.21
17993,BENIGN,71.76
17994,BENIGN,69.24
17995,BENIGN,69.3
17996,BENIGN,70.27
17997,BENIGN,72.09
17998,BENIGN,68.72
17999,BENIGN,69.59
18000,BENIGN,69.96
18001,BENIGN,70.93
18002,BENIGN,69.32
18003,BENIGN,71.41
18004,BENIGN,70.16
18005,BENIGN,71.82
18006,BENIGN,69.49
18007,BENIGN,69.05
18008,BENIGN,72.15
18009,BENIGN,66.3
18010,BENIGN,70.94
18011,BENIGN,65.57
18012,BENIGN,70.26
18013,BENIGN,69.47
18014,BENIGN,73.18
18015,BENIGN,67.74
18016,BENIGN,70.51
18017,BENIGN,77.45
18018,BENIGN,77.1
18019,BENIGN,70.94
18020,BENIGN,68.61
18021,BENIGN,70.32
18022,BENIGN,69.01
18023,BENIGN,67.4
18024,BENIGN,68.31
18025,BENIGN,70.21
18026,BENIGN,71.93
18027,BENIGN,70.51
18028,BENIGN,60.4
18029,BENIGN,76.6
18030,BENIGN,67.84
18031,BENIGN,68.64
18032,BENIGN,70.02
18033,BENIGN,67.31
18034,BENIGN,71.39
18035,BENIGN,60.13
18036,BENIGN,67.27
18037,BENIGN,62.1
18038,BENIGN,68.03
18039,BENIGN,69.2
18040,BENIGN,66.36
18041,BENIGN,68.07
18042,BENIGN,68.62
18043,BENIGN,68.14
18044,BENIGN,59.01
18045,BENIGN,69.41
18046,BENIGN,61.87
18047,BENIGN,69.64
18048,BENIGN,72.92
18049,BENIGN,69.84
18050,BENIGN,67.84
18051,BENIGN,69.02
18052,BENIGN,69.96
18053,BENIGN,70.41
18054,BENIGN,68.59
18055,BENIGN,68.03
18056,BENIGN,67.94
18057,BENIGN,66.62
18058,BENIGN,67.18
18059,BENIGN,71.38
18060,BENIGN,74.56
18061,BENIGN,68.7
18062,BENIGN,67.82
18063,BENIGN,67.62
18064,BENIGN,72.1
18065,BENIGN,71.71
18066,BENIGN,69.4
18067,BENIGN,76.01
18068,BENIGN,62.38
18069,BENIGN,69.32
18070,BENIGN,60.45
18071,BENIGN,69.43
18072,BENIGN,69.38
18073,BENIGN,68.71
18074,BENIGN,72.66
18075,BENIGN,72.11
18076,ATTACK,67.51
18077,BENIGN,72.02
18078,BENIGN,74.2
18079,BENIGN,69.58
18080,BENIGN,70.67
18081,BENIGN,71.53
18082,BENIGN,69.59
18083,BENIGN,71.83
18084,BENIGN,70.45
18085,BENIGN,72.51
18086,BENIGN,68.56
18087,BENIGN,72.07
18088,BENIGN,71.08
18089,BENIGN,68.1
18090,BENIGN,66.4
18091,BENIGN,70.55
18092,BENIGN,69.5
18093,BENIGN,72.01
18094,BENIGN,67.82
18095,BENIGN,70.52
18096,BENIGN,67.56
18097,BENIGN,67.49
18098,BENIGN,71.01
18099,BENIGN,69.69
18100,BENIGN,68.99
18101,BENIGN,70.61
18102,BENIGN,70.74
18103,BENIGN,71.96
18104,BENIGN,71.02
18105,BENIGN,76.55
18106,BENIGN,72.97
18107,BENIGN,69.61
18108,BENIGN,66.81
18109,BENIGN,67.99
18110,BENIGN,71.13
18111,BENIGN,66.38
18112,BENIGN,70.66
18113,BENIGN,70.42
18114,BENIGN,70.69
18115,BENIGN,72.17
18116,BENIGN,69.12
18117,BENIGN,69.26
18118,BENIGN,72.6
18119,BENIGN,69.11
18120,BENIGN,71.08
18121,BENIGN,71.66
18122,BENIGN,72.38
18123,BENIGN,71.51
18124,BENIGN,73.12
18125,BENIGN,70.16
18126,BENIGN,69.67
18127,BENIGN,69.25
18128,BENIGN,68.49
18129,BENIGN,68.69
18130,BENIGN,69.85
18131,BENIGN,68.86
18132,BENIGN,76.71
18133,BENIGN,62.6
18134,BENIGN,71.95
18135,BENIGN,66.91
18136,BENIGN,68.42
18137,BENIGN,73.5
18138,BENIGN,64.34
18139,BENIGN,75.97
18140,BENIGN,69.57
18141,BENIGN,69.52
18142,BENIGN,68.14
18143,BENIGN,67.88
18144,BENIGN,70.08
18145,BENIGN,79.85
18146,BENIGN,62.12
18147,BENIGN,69.59
18148,BENIGN,69.86
18149,BENIGN,68.99
18150,BENIGN,73.61
18151,BENIGN,74.5
18152,BENIGN,71.88
18153,BENIGN,68.95
18154,BENIGN,68.42
18155,BENIGN,69.6
18156,BENIGN,69.79
18157,BENIGN,63.68
18158,BENIGN,79.18
18159,BENIGN,71.63
18160,BENIGN,68.42
18161,BENIGN,70.28
18162,BENIGN,76.67
18163,BENIGN,70.13
18164,BENIGN,69.58
18165,BENIGN,70.73
18166,BENIGN,73.86
18167,BENIGN,68.28
18168,BENIGN,68.22
18169,BENIGN,79.13
18170,BENIGN,66.14
18171,BENIGN,78.32
18172,BENIGN,68.57
18173,BENIGN,72.64
18174,BENIGN,72.7
18175,BENIGN,71.3
18176,BENIGN,69.22
18177,BENIGN,69.58
18178,BENIGN,72.57
18179,BENIGN,68.8
18180,BENIGN,70.13
18181,BENIGN,82.57
18182,BENIGN,68.6
18183,BENIGN,72.47
18184,BENIGN,70.36
18185,BENIGN,70.0
18186,BENIGN,70.12
18187,BENIGN,71.62
18188,BENIGN,68.25
18189,BENIGN,68.39
18190,BENIGN,70.96
18191,BENIGN,70.83
18192,BENIGN,67.71
18193,BENIGN,67.17
18194,BENIGN,71.43
18195,BENIGN,68.28
18196,BENIGN,73.76
18197,BENIGN,68.89
18198,BENIGN,70.94
18199,BENIGN,70.67
18200,BENIGN,68.37
18201,BENIGN,60.37
18202,BENIGN,65.91
18203,BENIGN,70.47
18204,BENIGN,72.39
18205,BENIGN,67.71
18206,BENIGN,69.0
18207,BENIGN,71.39
18208,BENIGN,74.63
18209,BENIGN,68.57
18210,BENIGN,69.06
18211,BENIGN,68.76
18212,BENIGN,68.46
18213,BENIGN,70.03
18214,BENIGN,71.6
18215,BENIGN,73.32
18216,BENIGN,74.73
18217,BENIGN,80.1
18218,BENIGN,74.89
18219,BENIGN,68.78
18220,BENIGN,66.07
18221,BENIGN,69.48
18222,BENIGN,67.69
18223,BENIGN,69.19
18224,BENIGN,67.97
18225,BENIGN,70.44
18226,BENIGN,70.46
18227,BENIGN,68.59
18228,BENIGN,66.12
18229,BENIGN,69.8
18230,BENIGN,69.43
18231,BENIGN,65.82
18232,BENIGN,78.24
18233,BENIGN,69.31
18234,BENIGN,70.35
18235,BENIGN,67.52
18236,BENIGN,68.77
18237,BENIGN,67.11
18238,BENIGN,66.1
18239,BENIGN,68.15
18240,BENIGN,74.32
18241,BENIGN,70.07
18242,BENIGN,72.34
18243,BENIGN,72.21
18244,BENIGN,70.44
18245,BENIGN,82.97
18246,BENIGN,78.1
18247,BENIGN,72.51
18248,BENIGN,71.97
18249,BENIGN,71.98
18250,BENIGN,69.5
18251,BENIGN,70.45
18252,BENIGN,73.26
18253,BENIGN,71.33
18254,BENIGN,67.87
18255,BENIGN,71.29
18256,BENIGN,69.48
18257,BENIGN,70.37
18258,BENIGN,71.62
18259,BENIGN,68.1
18260,BENIGN,62.54
18261,BENIGN,68.66
18262,BENIGN,75.9
18263,BENIGN,73.34
18264,BENIGN,69.38
18265,BENIGN,70.54
18266,BENIGN,69.47
18267,BENIGN,69.45
18268,BENIGN,70.74
18269,BENIGN,69.05
18270,BENIGN,73.87
18271,BENIGN,69.19
18272,BENIGN,67.71
18273,BENIGN,80.98
18274,BENIGN,70.78
18275,BENIGN,68.81
18276,BENIGN,78.66
18277,BENIGN,67.06
18278,BENIGN,65.1
18279,BENIGN,68.3
18280,BENIGN,71.98
18281,BENIGN,72.55
18282,BENIGN,73.33
18283,BENIGN,74.56
18284,BENIGN,70.82
18285,BENIGN,71.77
18286,BENIGN,69.87
18287,BENIGN,69.64
18288,BENIGN,80.85
18289,BENIGN,69.69
18290,BENIGN,74.05
18291,BENIGN,73.97
18292,BENIGN,69.58
18293,BENIGN,69.91
18294,BENIGN,71.2
18295,BENIGN,68.66
18296,BENIGN,73.64
18297,BENIGN,68.81
18298,BENIGN,70.76
18299,BENIGN,69.67
18300,BENIGN,66.9
18301,BENIGN,71.51
18302,BENIGN,68.0
18303,BENIGN,75.51
18304,BENIGN,70.88
18305,BENIGN,71.56
18306,BENIGN,69.93
18307,BENIGN,67.53
18308,BENIGN,70.91
18309,BENIGN,69.93
18310,BENIGN,68.15
18311,BENIGN,68.63
18312,BENIGN,71.3
18313,BENIGN,78.47
18314,BENIGN,75.4
18315,BENIGN,70.96
18316,BENIGN,71.64
18317,BENIGN,78.89
18318,BENIGN,70.41
18319,BENIGN,70.05
18320,BENIGN,58.93
18321,BENIGN,71.49
18322,BENIGN,69.95
18323,BENIGN,66.49
18324,BENIGN,69.88
18325,BENIGN,69.27
18326,BENIGN,70.95
18327,BENIGN,75.18
18328,BENIGN,73.97
18329,BENIGN,71.08
18330,BENIGN,70.65
18331,BENIGN,69.2
18332,BENIGN,73.13
18333,BENIGN,69.29
18334,BENIGN,68.8
18335,BENIGN,69.84
18336,BENIGN,70.31
18337,BENIGN,72.04
18338,BENIGN,69.43
18339,BENIGN,68.19
18340,BENIGN,68.83
18341,BENIGN,71.89
18342,BENIGN,69.49
18343,BENIGN,69.82
18344,BENIGN,69.07
18345,BENIGN,75.34
18346,BENIGN,72.36
18347,BENIGN,67.66
18348,BENIGN,71.68
18349,BENIGN,72.8
18350,BENIGN,68.9
18351,BENIGN,68.25
18352,BENIGN,73.44
18353,BENIGN,67.32
18354,BENIGN,71.09
18355,BENIGN,71.6
18356,BENIGN,70.43
18357,BENIGN,70.98
18358,BENIGN,68.47
18359,BENIGN,70.99
18360,BENIGN,67.75
18361,BENIGN,79.16
18362,BENIGN,71.3
18363,BENIGN,66.32
18364,BENIGN,68.63
18365,BENIGN,67.32
18366,BENIGN,73.71
18367,BENIGN,69.2
18368,BENIGN,70.23
18369,BENIGN,67.56
18370,BENIGN,69.76
18371,BENIGN,61.17
18372,BENIGN,70.85
18373,BENIGN,73.87
18374,BENIGN,70.37
18375,BENIGN,69.16
18376,BENIGN,70.53
18377,BENIGN,72.06
18378,BENIGN,67.64
18379,BENIGN,63.64
18380,BENIGN,75.5
18381,BENIGN,70.49
18382,BENIGN,73.4
18383,BENIGN,71.41
18384,BENIGN,70.0
18385,BENIGN,67.38
18386,BENIGN,69.6
18387,BENIGN,74.2
18388,BENIGN,71.43
18389,BENIGN,77.25
18390,BENIGN,68.93
18391,BENIGN,76.16
18392,BENIGN,70.52
18393,BENIGN,68.81
18394,BENIGN,69.3
18395,BENIGN,68.72
18396,BENIGN,75.59
18397,BENIGN,70.36
18398,BENIGN,68.54
18399,BENIGN,72.42
18400,BENIGN,68.67
18401,BENIGN,70.24
18402,BENIGN,71.8
18403,BENIGN,72.5
18404,BENIGN,71.34
18405,BENIGN,75.47
18406,BENIGN,68.51
18407,BENIGN,68.38
18408,BENIGN,66.43
18409,BENIGN,68.27
18410,BENIGN,79.48
18411,BENIGN,68.2
18412,BENIGN,69.62
18413,BENIGN,70.82
18414,BENIGN,70.02
18415,BENIGN,73.89
18416,BENIGN,69.07
18417,BENIGN,73.01
18418,BENIGN,75.76
18419,BENIGN,68.25
18420,BENIGN,70.34
18421,BENIGN,68.42
18422,BENIGN,69.58
18423,BENIGN,69.61
18424,BENIGN,69.36
18425,BENIGN,71.2
18426,BENIGN,70.29
18427,BENIGN,71.36
18428,BENIGN,71.76
18429,BENIGN,69.32
18430,BENIGN,71.24
18431,BENIGN,70.2
18432,BENIGN,75.36
18433,BENIGN,69.02
18434,BENIGN,70.08
18435,BENIGN,69.66
18436,BENIGN,69.23
18437,BENIGN,70.13
18438,BENIGN,68.85
18439,BENIGN,68.94
18440,BENIGN,69.36
18441,BENIGN,67.41
18442,BENIGN,70.79
18443,BENIGN,77.55
18444,BENIGN,70.94
18445,BENIGN,73.18
18446,BENIGN,70.2
18447,BENIGN,70.47
18448,BENIGN,70.07
18449,BENIGN,70.85
18450,BENIGN,72.4
18451,BENIGN,66.34
18452,BENIGN,68.52
18453,BENIGN,69.11
18454,BENIGN,90.49
18455,BENIGN,71.15
18456,BENIGN,65.69
18457,BENIGN,70.44
18458,BENIGN,67.94
18459,BENIGN,71.47
18460,BENIGN,72.41
18461,BENIGN,63.34
18462,BENIGN,75.39
18463,BENIGN,80.05
18464,BENIGN,82.25
18465,BENIGN,71.42
18466,BENIGN,71.93
18467,BENIGN,69.74
18468,BENIGN,69.45
18469,BENIGN,71.03
18470,BENIGN,71.91
18471,BENIGN,68.47
18472,BENIGN,70.96
18473,BENIGN,74.54
18474,BENIGN,71.98
18475,BENIGN,79.04
18476,BENIGN,69.93
18477,BENIGN,77.06
18478,BENIGN,68.85
18479,BENIGN,68.58
18480,BENIGN,68.35
18481,BENIGN,71.42
18482,BENIGN,69.23
18483,BENIGN,74.66
18484,BENIGN,68.9
18485,BENIGN,70.56
18486,BENIGN,71.53
18487,BENIGN,68.89
18488,BENIGN,74.71
18489,BENIGN,66.04
18490,BENIGN,69.91
18491,BENIGN,74.08
18492,BENIGN,68.06
18493,BENIGN,72.38
18494,BENIGN,70.87
18495,BENIGN,70.17
18496,BENIGN,71.35
18497,BENIGN,70.13
18498,BENIGN,69.76
18499,BENIGN,72.59
18500,BENIGN,70.15
18501,BENIGN,68.81
18502,BENIGN,71.75
18503,BENIGN,68.67
18504,BENIGN,70.45
18505,BENIGN,69.03
18506,BENIGN,68.38
18507,BENIGN,69.96
18508,BENIGN,74.46
18509,BENIGN,70.71
18510,BENIGN,76.94
18511,BENIGN,68.82
18512,BENIGN,71.93
18513,BENIGN,69.27
18514,BENIGN,69.44
18515,BENIGN,71.14
18516,BENIGN,65.43
18517,BENIGN,68.77
18518,BENIGN,78.33
18519,BENIGN,73.65
18520,BENIGN,69.95
18521,BENIGN,68.79
18522,BENIGN,65.5
18523,BENIGN,69.62
18524,BENIGN,70.65
18525,BENIGN,67.41
18526,BENIGN,69.16
18527,BENIGN,71.15
18528,BENIGN,70.97
18529,BENIGN,70.4
18530,BENIGN,68.88
18531,BENIGN,76.54
18532,BENIGN,70.4
18533,BENIGN,69.65
18534,BENIGN,69.36
18535,BENIGN,72.07
18536,BENIGN,68.71
18537,BENIGN,68.83
18538,BENIGN,69.91
18539,BENIGN,69.31
18540,BENIGN,70.37
18541,BENIGN,69.81
18542,BENIGN,69.29
18543,BENIGN,74.22
18544,BENIGN,69.11
18545,BENIGN,70.5
18546,BENIGN,67.31
18547,BENIGN,71.53
18548,BENIGN,70.1
18549,BENIGN,78.0
18550,BENIGN,70.68
18551,BENIGN,68.86
18552,BENIGN,74.25
18553,BENIGN,72.85
18554,BENIGN,72.86
18555,BENIGN,70.31
18556,BENIGN,74.09
18557,BENIGN,71.54
18558,BENIGN,69.92
18559,BENIGN,68.54
18560,BENIGN,70.11
18561,BENIGN,68.13
18562,BENIGN,85.49
18563,BENIGN,70.49
18564,BENIGN,68.63
18565,BENIGN,68.76
18566,BENIGN,61.22
18567,BENIGN,69.49
18568,BENIGN,69.77
18569,BENIGN,69.17
18570,BENIGN,71.91
18571,BENIGN,69.91
18572,BENIGN,69.28
18573,BENIGN,71.91
18574,BENIGN,69.09
18575,BENIGN,66.7
18576,BENIGN,69.75
18577,BENIGN,64.67
18578,BENIGN,68.19
18579,BENIGN,68.7
18580,BENIGN,69.59
18581,BENIGN,69.17
18582,BENIGN,67.58
18583,BENIGN,72.68
18584,BENIGN,67.91
18585,BENIGN,81.09
18586,BENIGN,69.83
18587,BENIGN,70.75
18588,BENIGN,70.78
18589,BENIGN,69.1
18590,BENIGN,69.63
18591,BENIGN,83.67
18592,BENIGN,74.32
18593,BENIGN,69.04
18594,BENIGN,79.34
18595,BENIGN,67.11
18596,BENIGN,85.82
18597,BENIGN,74.68
18598,BENIGN,70.85
18599,BENIGN,71.06
18600,BENIGN,71.57
18601,BENIGN,70.9
18602,BENIGN,68.21
18603,BENIGN,72.26
18604,BENIGN,71.16
18605,BENIGN,69.87
18606,BENIGN,85.89
18607,BENIGN,69.09
18608,BENIGN,68.33
18609,BENIGN,64.69
18610,BENIGN,79.35
18611,BENIGN,70.89
18612,BENIGN,68.79
18613,BENIGN,71.58
18614,BENIGN,70.81
18615,BENIGN,66.04
18616,BENIGN,70.49
18617,BENIGN,70.92
18618,BENIGN,69.79
18619,BENIGN,70.73
18620,BENIGN,70.74
18621,BENIGN,70.77
18622,BENIGN,66.33
18623,BENIGN,69.12
18624,BENIGN,68.5
18625,BENIGN,73.85
18626,BENIGN,70.09
18627,BENIGN,73.11
18628,BENIGN,74.81
18629,BENIGN,58.79
18630,BENIGN,75.3
18631,BENIGN,73.98
18632,BENIGN,75.16
18633,BENIGN,72.77
18634,BENIGN,70.38
18635,BENIGN,68.96
18636,BENIGN,74.0
18637,BENIGN,69.22
18638,BENIGN,70.43
18639,BENIGN,67.33
18640,BENIGN,71.45
18641,BENIGN,70.7
18642,BENIGN,69.58
18643,BENIGN,69.78
18644,BENIGN,69.8
18645,BENIGN,71.16
18646,BENIGN,67.51
18647,BENIGN,73.94
18648,BENIGN,67.57
18649,BENIGN,69.66
18650,BENIGN,70.79
18651,BENIGN,72.54
18652,BENIGN,67.66
18653,BENIGN,68.86
18654,BENIGN,70.61
18655,BENIGN,69.63
18656,BENIGN,71.39
18657,BENIGN,67.54
18658,BENIGN,70.47
18659,BENIGN,68.6
18660,BENIGN,69.99
18661,BENIGN,70.28
18662,BENIGN,74.46
18663,BENIGN,74.79
18664,BENIGN,70.67
18665,BENIGN,71.18
18666,BENIGN,70.21
18667,BENIGN,69.87
18668,BENIGN,72.5
18669,BENIGN,68.28
18670,BENIGN,68.71
18671,BENIGN,72.26
18672,BENIGN,78.66
18673,BENIGN,74.32
18674,BENIGN,74.79
18675,BENIGN,73.96
18676,BENIGN,70.99
18677,BENIGN,75.63
18678,BENIGN,69.15
18679,BENIGN,70.61
18680,BENIGN,70.23
18681,BENIGN,64.31
18682,BENIGN,70.9
18683,BENIGN,70.74
18684,BENIGN,68.58
18685,BENIGN,81.81
18686,BENIGN,68.52
18687,BENIGN,70.97
18688,BENIGN,71.97
18689,BENIGN,71.56
18690,BENIGN,69.63
18691,BENIGN,73.86
18692,BENIGN,70.32
18693,BENIGN,71.76
18694,BENIGN,72.56
18695,BENIGN,68.32
18696,BENIGN,71.09
18697,BENIGN,72.32
18698,BENIGN,70.59
18699,BENIGN,78.4
18700,BENIGN,62.0
18701,BENIGN,65.57
18702,BENIGN,70.15
18703,BENIGN,82.08
18704,BENIGN,68.67
18705,BENIGN,69.21
18706,BENIGN,71.48
18707,BENIGN,68.5
18708,BENIGN,69.18
18709,BENIGN,69.95
18710,BENIGN,71.95
18711,BENIGN,69.69
18712,BENIGN,79.54
18713,BENIGN,72.27
18714,BENIGN,70.76
18715,BENIGN,79.04
18716,BENIGN,69.78
18717,BENIGN,69.09
18718,BENIGN,70.65
18719,BENIGN,70.81
18720,BENIGN,72.65
18721,BENIGN,70.08
18722,BENIGN,69.91
18723,BENIGN,68.68
18724,BENIGN,67.88
18725,BENIGN,70.33
18726,BENIGN,71.95
18727,BENIGN,67.65
18728,BENIGN,68.12
18729,BENIGN,77.22
18730,BENIGN,68.97
18731,BENIGN,67.62
18732,BENIGN,68.52
18733,BENIGN,68.31
18734,BENIGN,70.0
18735,BENIGN,68.74
18736,BENIGN,67.74
18737,BENIGN,67.6
18738,BENIGN,68.23
18739,BENIGN,70.08
18740,BENIGN,72.09
18741,BENIGN,71.59
18742,BENIGN,66.28
18743,BENIGN,69.43
18744,BENIGN,76.1
18745,BENIGN,68.86
18746,BENIGN,73.7
18747,BENIGN,69.42
18748,BENIGN,67.76
18749,BENIGN,68.23
18750,BENIGN,71.2
18751,BENIGN,74.44
18752,BENIGN,68.96
18753,BENIGN,80.89
18754,BENIGN,68.16
18755,BENIGN,69.54
18756,BENIGN,70.06
18757,BENIGN,71.58
18758,BENIGN,66.17
18759,BENIGN,68.17
18760,BENIGN,73.04
18761,BENIGN,73.24
18762,BENIGN,64.42
18763,BENIGN,69.15
18764,BENIGN,68.44
18765,BENIGN,71.44
18766,BENIGN,68.09
18767,BENIGN,70.33
18768,BENIGN,83.8
18769,BENIGN,68.58
18770,BENIGN,71.52
18771,BENIGN,71.14
18772,BENIGN,70.13
18773,BENIGN,65.25
18774,BENIGN,67.29
18775,BENIGN,74.8
18776,BENIGN,71.93
18777,BENIGN,67.53
18778,BENIGN,68.95
18779,BENIGN,69.65
18780,BENIGN,69.95
18781,BENIGN,75.11
18782,BENIGN,68.79
18783,BENIGN,74.51
18784,BENIGN,68.76
18785,BENIGN,75.13
18786,BENIGN,73.21
18787,BENIGN,72.52
18788,BENIGN,72.28
18789,BENIGN,68.83
18790,BENIGN,69.39
18791,BENIGN,69.03
18792,BENIGN,73.8
18793,BENIGN,74.78
18794,BENIGN,69.89
18795,BENIGN,73.96
18796,BENIGN,75.4
18797,BENIGN,67.12
18798,BENIGN,70.27
18799,BENIGN,70.33
18800,BENIGN,70.69
18801,BENIGN,71.91
18802,BENIGN,74.6
18803,BENIGN,60.2
18804,BENIGN,74.34
18805,BENIGN,75.25
18806,BENIGN,69.9
18807,BENIGN,69.06
18808,BENIGN,73.03
18809,BENIGN,68.55
18810,BENIGN,75.26
18811,BENIGN,70.47
18812,BENIGN,69.89
18813,BENIGN,76.34
18814,BENIGN,68.9
18815,BENIGN,67.46
18816,BENIGN,75.61
18817,BENIGN,75.46
18818,BENIGN,67.37
18819,BENIGN,67.6
18820,BENIGN,69.83
18821,BENIGN,70.53
18822,BENIGN,72.15
18823,BENIGN,70.35
18824,BENIGN,68.95
18825,BENIGN,68.24
18826,BENIGN,69.33
18827,BENIGN,70.59
18828,BENIGN,68.26
18829,BENIGN,66.98
18830,BENIGN,73.37
18831,BENIGN,68.89
18832,BENIGN,68.53
18833,BENIGN,73.42
18834,BENIGN,77.45
18835,BENIGN,72.73
18836,BENIGN,70.37
18837,BENIGN,70.24
18838,BENIGN,73.27
18839,BENIGN,68.96
18840,BENIGN,70.58
18841,BENIGN,68.75
18842,BENIGN,71.8
18843,BENIGN,72.57
18844,BENIGN,81.42
18845,BENIGN,69.97
18846,BENIGN,66.9
18847,BENIGN,72.5
18848,BENIGN,69.03
18849,BENIGN,70.03
18850,BENIGN,78.66
18851,BENIGN,64.51
18852,BENIGN,71.66
18853,BENIGN,73.63
18854,BENIGN,79.05
18855,BENIGN,69.97
18856,BENIGN,77.11
18857,BENIGN,70.18
18858,BENIGN,69.84
18859,BENIGN,70.23
18860,BENIGN,69.85
18861,BENIGN,69.52
18862,BENIGN,68.31
18863,BENIGN,85.04
18864,BENIGN,77.61
18865,BENIGN,64.69
18866,BENIGN,70.08
18867,BENIGN,69.0
18868,BENIGN,71.22
18869,BENIGN,74.23
18870,BENIGN,69.03
18871,BENIGN,69.49
18872,BENIGN,70.34
18873,BENIGN,73.69
18874,BENIGN,68.38
18875,BENIGN,72.68
18876,BENIGN,76.28
18877,BENIGN,78.63
18878,BENIGN,70.75
18879,BENIGN,75.69
18880,BENIGN,69.15
18881,BENIGN,70.0
18882,BENIGN,68.19
18883,BENIGN,77.38
18884,BENIGN,69.25
18885,BENIGN,71.63
18886,BENIGN,68.66
18887,BENIGN,69.66
18888,BENIGN,68.38
18889,BENIGN,69.41
18890,BENIGN,69.88
18891,BENIGN,69.47
18892,BENIGN,70.55
18893,BENIGN,71.06
18894,BENIGN,69.87
18895,BENIGN,64.27
18896,BENIGN,74.14
18897,BENIGN,73.32
18898,BENIGN,69.31
18899,BENIGN,71.35
18900,BENIGN,69.74
18901,BENIGN,68.71
18902,BENIGN,78.93
18903,BENIGN,71.11
18904,BENIGN,72.31
18905,BENIGN,79.21
18906,BENIGN,71.21
18907,BENIGN,69.82
18908,BENIGN,70.09
18909,BENIGN,71.67
18910,BENIGN,77.29
18911,BENIGN,69.27
18912,BENIGN,69.59
18913,BENIGN,68.03
18914,BENIGN,68.21
18915,BENIGN,69.79
18916,BENIGN,79.26
18917,BENIGN,63.27
18918,BENIGN,67.77
18919,BENIGN,73.37
18920,BENIGN,70.41
18921,BENIGN,79.92
18922,BENIGN,77.88
18923,BENIGN,69.85
18924,BENIGN,60.77
18925,BENIGN,70.26
18926,BENIGN,72.86
18927,BENIGN,70.13
18928,BENIGN,70.24
18929,BENIGN,71.34
18930,BENIGN,68.59
18931,BENIGN,70.54
18932,BENIGN,68.44
18933,BENIGN,70.99
18934,BENIGN,71.33
18935,BENIGN,69.4
18936,BENIGN,68.06
18937,BENIGN,66.93
18938,BENIGN,65.86
18939,BENIGN,65.8
18940,BENIGN,71.15
18941,BENIGN,71.08
18942,BENIGN,71.08
18943,BENIGN,63.65
18944,BENIGN,70.9
18945,BENIGN,68.9
18946,BENIGN,77.74
18947,BENIGN,69.34
18948,BENIGN,69.5
18949,BENIGN,68.72
18950,BENIGN,69.95
18951,BENIGN,69.25
18952,BENIGN,64.73
18953,BENIGN,83.74
18954,BENIGN,70.77
18955,BENIGN,67.39
18956,BENIGN,76.59
18957,BENIGN,70.92
18958,BENIGN,70.77
18959,BENIGN,70.66
18960,BENIGN,73.25
18961,BENIGN,71.95
18962,BENIGN,69.47
18963,BENIGN,71.14
18964,BENIGN,69.88
18965,BENIGN,70.8
18966,BENIGN,72.21
18967,BENIGN,78.45
18968,BENIGN,70.02
18969,BENIGN,68.69
18970,BENIGN,69.69
18971,BENIGN,67.56
18972,BENIGN,70.51
18973,BENIGN,69.04
18974,BENIGN,74.82
18975,BENIGN,69.92
18976,BENIGN,71.52
18977,BENIGN,68.81
18978,BENIGN,70.51
18979,BENIGN,70.79
18980,BENIGN,69.89
18981,BENIGN,68.91
18982,BENIGN,64.9
18983,BENIGN,69.5
18984,BENIGN,68.31
18985,BENIGN,69.99
18986,BENIGN,69.72
18987,BENIGN,68.51
18988,BENIGN,73.81
18989,BENIGN,67.06
18990,BENIGN,68.88
18991,BENIGN,84.11
18992,BENIGN,67.7
18993,BENIGN,69.08
18994,BENIGN,77.86
18995,BENIGN,67.48
18996,BENIGN,71.56
18997,BENIGN,70.72
18998,BENIGN,68.72
18999,BENIGN,69.73
19000,BENIGN,67.93
19001,BENIGN,69.91
19002,BENIGN,69.02
19003,BENIGN,68.8
19004,BENIGN,66.48
19005,BENIGN,69.55
19006,BENIGN,74.24
19007,BENIGN,70.67
19008,BENIGN,69.68
19009,BENIGN,71.19
19010,BENIGN,76.67
19011,BENIGN,73.05
19012,BENIGN,66.91
19013,BENIGN,67.95
19014,BENIGN,70.7
19015,BENIGN,72.38
19016,BENIGN,75.77
19017,BENIGN,67.45
19018,BENIGN,67.76
19019,BENIGN,68.54
19020,BENIGN,69.64
19021,BENIGN,71.35
19022,BENIGN,79.05
19023,BENIGN,72.99
19024,BENIGN,69.5
19025,BENIGN,69.39
19026,BENIGN,73.26
19027,BENIGN,69.95
19028,BENIGN,75.05
19029,BENIGN,71.1
19030,BENIGN,78.25
19031,BENIGN,70.16
19032,BENIGN,70.77
19033,BENIGN,73.05
19034,BENIGN,68.17
19035,BENIGN,68.28
19036,BENIGN,70.69
19037,BENIGN,70.3
19038,BENIGN,76.33
19039,BENIGN,76.28
19040,BENIGN,79.29
19041,BENIGN,78.52
19042,BENIGN,69.81
19043,BENIGN,76.21
19044,BENIGN,75.94
19045,BENIGN,69.32
19046,BENIGN,70.34
19047,BENIGN,75.55
19048,BENIGN,68.8
19049,BENIGN,70.72
19050,BENIGN,72.95
19051,BENIGN,74.11
19052,BENIGN,72.3
19053,BENIGN,72.28
19054,BENIGN,69.24
19055,BENIGN,67.45
19056,BENIGN,67.4
19057,BENIGN,67.58
19058,BENIGN,80.2
19059,BENIGN,72.58
19060,BENIGN,75.0
19061,BENIGN,75.45
19062,BENIGN,74.49
19063,BENIGN,68.81
19064,BENIGN,69.97
19065,BENIGN,70.77
19066,BENIGN,68.39
19067,BENIGN,68.99
19068,BENIGN,72.13
19069,BENIGN,69.72
19070,BENIGN,83.3
19071,BENIGN,72.42
19072,BENIGN,80.36
19073,BENIGN,67.26
19074,BENIGN,69.04
19075,BENIGN,65.36
19076,BENIGN,72.0
19077,BENIGN,66.33
19078,BENIGN,84.79
19079,BENIGN,69.78
19080,BENIGN,70.36
19081,BENIGN,75.04
19082,BENIGN,71.38
19083,BENIGN,69.09
19084,BENIGN,69.09
19085,BENIGN,71.35
19086,BENIGN,72.63
19087,BENIGN,70.12
19088,BENIGN,70.63
19089,BENIGN,71.78
19090,BENIGN,68.61
19091,BENIGN,69.92
19092,BENIGN,71.4
19093,BENIGN,75.02
19094,BENIGN,68.96
19095,BENIGN,94.71
19096,BENIGN,71.83
19097,BENIGN,68.76
19098,BENIGN,69.57
19099,BENIGN,82.3
19100,BENIGN,68.15
19101,BENIGN,76.17
19102,BENIGN,72.26
19103,BENIGN,62.51
19104,BENIGN,69.83
19105,BENIGN,67.65
19106,BENIGN,76.36
19107,BENIGN,73.91
19108,BENIGN,72.04
19109,BENIGN,64.4
19110,BENIGN,73.0
19111,BENIGN,68.16
19112,BENIGN,82.59
19113,BENIGN,71.31
19114,BENIGN,54.57
19115,BENIGN,50.31
19116,BENIGN,64.29
19117,BENIGN,67.25
19118,BENIGN,80.95
19119,BENIGN,67.07
19120,BENIGN,70.55
19121,BENIGN,71.4
19122,BENIGN,74.4
19123,BENIGN,71.4
19124,BENIGN,75.02
19125,BENIGN,58.56
19126,BENIGN,60.59
19127,BENIGN,61.64
19128,BENIGN,62.51
